PiePlot.java,org.jfree.chart.plot.PiePlot,org.pitest.mutationtest.engine.gregor.mutators.NegateConditionalsMutator,<init>,415,KILLED,org.jfree.chart.plot.PiePlotTest.[engine:junit-jupiter]/[class:org.jfree.chart.plot.PiePlotTest]/[method:testGetDefaultSectionPaint()]
PiePlot.java,org.jfree.chart.plot.PiePlot,org.pitest.mutationtest.engine.gregor.mutators.VoidMethodCallMutator,<init>,416,SURVIVED,none
PiePlot.java,org.jfree.chart.plot.PiePlot,org.pitest.mutationtest.engine.gregor.mutators.NegateConditionalsMutator,clearSectionOutlinePaints,1037,NO_COVERAGE,none
PiePlot.java,org.jfree.chart.plot.PiePlot,org.pitest.mutationtest.engine.gregor.mutators.VoidMethodCallMutator,clearSectionOutlinePaints,1036,NO_COVERAGE,none
PiePlot.java,org.jfree.chart.plot.PiePlot,org.pitest.mutationtest.engine.gregor.mutators.VoidMethodCallMutator,clearSectionOutlinePaints,1038,NO_COVERAGE,none
PiePlot.java,org.jfree.chart.plot.PiePlot,org.pitest.mutationtest.engine.gregor.mutators.NegateConditionalsMutator,clearSectionOutlineStrokes,1202,NO_COVERAGE,none
PiePlot.java,org.jfree.chart.plot.PiePlot,org.pitest.mutationtest.engine.gregor.mutators.VoidMethodCallMutator,clearSectionOutlineStrokes,1201,NO_COVERAGE,none
PiePlot.java,org.jfree.chart.plot.PiePlot,org.pitest.mutationtest.engine.gregor.mutators.VoidMethodCallMutator,clearSectionOutlineStrokes,1203,NO_COVERAGE,none
PiePlot.java,org.jfree.chart.plot.PiePlot,org.pitest.mutationtest.engine.gregor.mutators.NegateConditionalsMutator,clearSectionPaints,845,SURVIVED,none
PiePlot.java,org.jfree.chart.plot.PiePlot,org.pitest.mutationtest.engine.gregor.mutators.VoidMethodCallMutator,clearSectionPaints,844,SURVIVED,none
PiePlot.java,org.jfree.chart.plot.PiePlot,org.pitest.mutationtest.engine.gregor.mutators.VoidMethodCallMutator,clearSectionPaints,846,NO_COVERAGE,none
PiePlot.java,org.jfree.chart.plot.PiePlot,org.pitest.mutationtest.engine.gregor.mutators.NegateConditionalsMutator,clone,3223,KILLED,org.jfree.chart.plot.PiePlotTest.[engine:junit-jupiter]/[class:org.jfree.chart.plot.PiePlotTest]/[method:testBug1126_e()]
PiePlot.java,org.jfree.chart.plot.PiePlot,org.pitest.mutationtest.engine.gregor.mutators.NegateConditionalsMutator,clone,3227,KILLED,org.jfree.chart.plot.PiePlotTest.[engine:junit-jupiter]/[class:org.jfree.chart.plot.PiePlotTest]/[method:testCloning()]
PiePlot.java,org.jfree.chart.plot.PiePlot,org.pitest.mutationtest.engine.gregor.mutators.NegateConditionalsMutator,clone,3230,KILLED,org.jfree.chart.plot.PiePlotTest.[engine:junit-jupiter]/[class:org.jfree.chart.plot.PiePlotTest]/[method:testBug1126_b()]
PiePlot.java,org.jfree.chart.plot.PiePlot,org.pitest.mutationtest.engine.gregor.mutators.NegateConditionalsMutator,clone,3235,KILLED,org.jfree.chart.plot.PiePlotTest.[engine:junit-jupiter]/[class:org.jfree.chart.plot.PiePlotTest]/[method:testCloning_LegendLabelGenerator()]
PiePlot.java,org.jfree.chart.plot.PiePlot,org.pitest.mutationtest.engine.gregor.mutators.NegateConditionalsMutator,clone,3239,KILLED,org.jfree.chart.plot.PiePlotTest.[engine:junit-jupiter]/[class:org.jfree.chart.plot.PiePlotTest]/[method:testBug1126_b()]
PiePlot.java,org.jfree.chart.plot.PiePlot,org.pitest.mutationtest.engine.gregor.mutators.NegateConditionalsMutator,clone,3243,KILLED,org.jfree.chart.plot.PiePlotTest.[engine:junit-jupiter]/[class:org.jfree.chart.plot.PiePlotTest]/[method:testBug1126_b()]
PiePlot.java,org.jfree.chart.plot.PiePlot,org.pitest.mutationtest.engine.gregor.mutators.VoidMethodCallMutator,clone,3228,SURVIVED,none
PiePlot.java,org.jfree.chart.plot.PiePlot,org.pitest.mutationtest.engine.gregor.mutators.returns.NullReturnValsMutator,clone,3247,KILLED,org.jfree.chart.plot.PiePlotTest.[engine:junit-jupiter]/[class:org.jfree.chart.plot.PiePlotTest]/[method:testBug1126_b()]
PiePlot.java,org.jfree.chart.plot.PiePlot,org.pitest.mutationtest.engine.gregor.mutators.InvertNegsMutator,draw,2135,NO_COVERAGE,none
PiePlot.java,org.jfree.chart.plot.PiePlot,org.pitest.mutationtest.engine.gregor.mutators.InvertNegsMutator,draw,2135,NO_COVERAGE,none
PiePlot.java,org.jfree.chart.plot.PiePlot,org.pitest.mutationtest.engine.gregor.mutators.MathMutator,draw,2144,NO_COVERAGE,none
PiePlot.java,org.jfree.chart.plot.PiePlot,org.pitest.mutationtest.engine.gregor.mutators.MathMutator,draw,2146,NO_COVERAGE,none
PiePlot.java,org.jfree.chart.plot.PiePlot,org.pitest.mutationtest.engine.gregor.mutators.NegateConditionalsMutator,draw,2111,KILLED,org.jfree.chart.plot.PiePlotTest.[engine:junit-jupiter]/[class:org.jfree.chart.plot.PiePlotTest]/[method:testDrawWithNullLegendLabels()]
PiePlot.java,org.jfree.chart.plot.PiePlot,org.pitest.mutationtest.engine.gregor.mutators.NegateConditionalsMutator,draw,2126,SURVIVED,none
PiePlot.java,org.jfree.chart.plot.PiePlot,org.pitest.mutationtest.engine.gregor.mutators.NegateConditionalsMutator,draw,2131,SURVIVED,none
PiePlot.java,org.jfree.chart.plot.PiePlot,org.pitest.mutationtest.engine.gregor.mutators.NegateConditionalsMutator,draw,2131,NO_COVERAGE,none
PiePlot.java,org.jfree.chart.plot.PiePlot,org.pitest.mutationtest.engine.gregor.mutators.NegateConditionalsMutator,draw,2139,KILLED,org.jfree.chart.plot.PiePlotTest.[engine:junit-jupiter]/[class:org.jfree.chart.plot.PiePlotTest]/[method:testDrawWithNullLegendLabels()]
PiePlot.java,org.jfree.chart.plot.PiePlot,org.pitest.mutationtest.engine.gregor.mutators.NegateConditionalsMutator,draw,2139,NO_COVERAGE,none
PiePlot.java,org.jfree.chart.plot.PiePlot,org.pitest.mutationtest.engine.gregor.mutators.VoidMethodCallMutator,draw,2109,SURVIVED,none
PiePlot.java,org.jfree.chart.plot.PiePlot,org.pitest.mutationtest.engine.gregor.mutators.VoidMethodCallMutator,draw,2112,KILLED,org.jfree.chart.plot.PiePlotGeometryTest.[engine:junit-jupiter]/[class:org.jfree.chart.plot.PiePlotGeometryTest]/[method:testEllipticalPieGeometry()]
PiePlot.java,org.jfree.chart.plot.PiePlot,org.pitest.mutationtest.engine.gregor.mutators.VoidMethodCallMutator,draw,2113,SURVIVED,none
PiePlot.java,org.jfree.chart.plot.PiePlot,org.pitest.mutationtest.engine.gregor.mutators.VoidMethodCallMutator,draw,2116,SURVIVED,none
PiePlot.java,org.jfree.chart.plot.PiePlot,org.pitest.mutationtest.engine.gregor.mutators.VoidMethodCallMutator,draw,2117,SURVIVED,none
PiePlot.java,org.jfree.chart.plot.PiePlot,org.pitest.mutationtest.engine.gregor.mutators.VoidMethodCallMutator,draw,2120,SURVIVED,none
PiePlot.java,org.jfree.chart.plot.PiePlot,org.pitest.mutationtest.engine.gregor.mutators.VoidMethodCallMutator,draw,2123,SURVIVED,none
PiePlot.java,org.jfree.chart.plot.PiePlot,org.pitest.mutationtest.engine.gregor.mutators.VoidMethodCallMutator,draw,2135,NO_COVERAGE,none
PiePlot.java,org.jfree.chart.plot.PiePlot,org.pitest.mutationtest.engine.gregor.mutators.VoidMethodCallMutator,draw,2136,NO_COVERAGE,none
PiePlot.java,org.jfree.chart.plot.PiePlot,org.pitest.mutationtest.engine.gregor.mutators.VoidMethodCallMutator,draw,2152,NO_COVERAGE,none
PiePlot.java,org.jfree.chart.plot.PiePlot,org.pitest.mutationtest.engine.gregor.mutators.VoidMethodCallMutator,draw,2155,SURVIVED,none
PiePlot.java,org.jfree.chart.plot.PiePlot,org.pitest.mutationtest.engine.gregor.mutators.VoidMethodCallMutator,draw,2156,SURVIVED,none
PiePlot.java,org.jfree.chart.plot.PiePlot,org.pitest.mutationtest.engine.gregor.mutators.VoidMethodCallMutator,draw,2158,SURVIVED,none
PiePlot.java,org.jfree.chart.plot.PiePlot,org.pitest.mutationtest.engine.gregor.mutators.ConditionalsBoundaryMutator,drawItem,2330,SURVIVED,none
PiePlot.java,org.jfree.chart.plot.PiePlot,org.pitest.mutationtest.engine.gregor.mutators.ConditionalsBoundaryMutator,drawItem,2333,SURVIVED,none
PiePlot.java,org.jfree.chart.plot.PiePlot,org.pitest.mutationtest.engine.gregor.mutators.MathMutator,drawItem,2319,SURVIVED,none
PiePlot.java,org.jfree.chart.plot.PiePlot,org.pitest.mutationtest.engine.gregor.mutators.MathMutator,drawItem,2319,SURVIVED,none
PiePlot.java,org.jfree.chart.plot.PiePlot,org.pitest.mutationtest.engine.gregor.mutators.MathMutator,drawItem,2319,SURVIVED,none
PiePlot.java,org.jfree.chart.plot.PiePlot,org.pitest.mutationtest.engine.gregor.mutators.MathMutator,drawItem,2323,NO_COVERAGE,none
PiePlot.java,org.jfree.chart.plot.PiePlot,org.pitest.mutationtest.engine.gregor.mutators.MathMutator,drawItem,2323,NO_COVERAGE,none
PiePlot.java,org.jfree.chart.plot.PiePlot,org.pitest.mutationtest.engine.gregor.mutators.MathMutator,drawItem,2323,NO_COVERAGE,none
PiePlot.java,org.jfree.chart.plot.PiePlot,org.pitest.mutationtest.engine.gregor.mutators.MathMutator,drawItem,2329,SURVIVED,none
PiePlot.java,org.jfree.chart.plot.PiePlot,org.pitest.mutationtest.engine.gregor.mutators.MathMutator,drawItem,2334,SURVIVED,none
PiePlot.java,org.jfree.chart.plot.PiePlot,org.pitest.mutationtest.engine.gregor.mutators.NegateConditionalsMutator,drawItem,2310,SURVIVED,none
PiePlot.java,org.jfree.chart.plot.PiePlot,org.pitest.mutationtest.engine.gregor.mutators.NegateConditionalsMutator,drawItem,2317,KILLED,org.jfree.chart.plot.PiePlotTest.[engine:junit-jupiter]/[class:org.jfree.chart.plot.PiePlotTest]/[method:testDrawWithNullLegendLabels()]
PiePlot.java,org.jfree.chart.plot.PiePlot,org.pitest.mutationtest.engine.gregor.mutators.NegateConditionalsMutator,drawItem,2321,NO_COVERAGE,none
PiePlot.java,org.jfree.chart.plot.PiePlot,org.pitest.mutationtest.engine.gregor.mutators.NegateConditionalsMutator,drawItem,2330,SURVIVED,none
PiePlot.java,org.jfree.chart.plot.PiePlot,org.pitest.mutationtest.engine.gregor.mutators.NegateConditionalsMutator,drawItem,2333,SURVIVED,none
PiePlot.java,org.jfree.chart.plot.PiePlot,org.pitest.mutationtest.engine.gregor.mutators.NegateConditionalsMutator,drawItem,2341,SURVIVED,none
PiePlot.java,org.jfree.chart.plot.PiePlot,org.pitest.mutationtest.engine.gregor.mutators.NegateConditionalsMutator,drawItem,2342,SURVIVED,none
PiePlot.java,org.jfree.chart.plot.PiePlot,org.pitest.mutationtest.engine.gregor.mutators.NegateConditionalsMutator,drawItem,2342,SURVIVED,none
PiePlot.java,org.jfree.chart.plot.PiePlot,org.pitest.mutationtest.engine.gregor.mutators.NegateConditionalsMutator,drawItem,2350,SURVIVED,none
PiePlot.java,org.jfree.chart.plot.PiePlot,org.pitest.mutationtest.engine.gregor.mutators.NegateConditionalsMutator,drawItem,2358,SURVIVED,none
PiePlot.java,org.jfree.chart.plot.PiePlot,org.pitest.mutationtest.engine.gregor.mutators.NegateConditionalsMutator,drawItem,2366,SURVIVED,none
PiePlot.java,org.jfree.chart.plot.PiePlot,org.pitest.mutationtest.engine.gregor.mutators.NegateConditionalsMutator,drawItem,2368,KILLED,org.jfree.chart.plot.PiePlotGeometryTest.[engine:junit-jupiter]/[class:org.jfree.chart.plot.PiePlotGeometryTest]/[method:testLinkAreaCalculation()]
PiePlot.java,org.jfree.chart.plot.PiePlot,org.pitest.mutationtest.engine.gregor.mutators.NegateConditionalsMutator,drawItem,2370,NO_COVERAGE,none
PiePlot.java,org.jfree.chart.plot.PiePlot,org.pitest.mutationtest.engine.gregor.mutators.NegateConditionalsMutator,drawItem,2375,NO_COVERAGE,none
PiePlot.java,org.jfree.chart.plot.PiePlot,org.pitest.mutationtest.engine.gregor.mutators.VoidMethodCallMutator,drawItem,2346,SURVIVED,none
PiePlot.java,org.jfree.chart.plot.PiePlot,org.pitest.mutationtest.engine.gregor.mutators.VoidMethodCallMutator,drawItem,2347,SURVIVED,none
PiePlot.java,org.jfree.chart.plot.PiePlot,org.pitest.mutationtest.engine.gregor.mutators.VoidMethodCallMutator,drawItem,2353,SURVIVED,none
PiePlot.java,org.jfree.chart.plot.PiePlot,org.pitest.mutationtest.engine.gregor.mutators.VoidMethodCallMutator,drawItem,2354,SURVIVED,none
PiePlot.java,org.jfree.chart.plot.PiePlot,org.pitest.mutationtest.engine.gregor.mutators.VoidMethodCallMutator,drawItem,2359,SURVIVED,none
PiePlot.java,org.jfree.chart.plot.PiePlot,org.pitest.mutationtest.engine.gregor.mutators.VoidMethodCallMutator,drawItem,2360,SURVIVED,none
PiePlot.java,org.jfree.chart.plot.PiePlot,org.pitest.mutationtest.engine.gregor.mutators.VoidMethodCallMutator,drawItem,2361,SURVIVED,none
PiePlot.java,org.jfree.chart.plot.PiePlot,org.pitest.mutationtest.engine.gregor.mutators.VoidMethodCallMutator,drawItem,2382,NO_COVERAGE,none
PiePlot.java,org.jfree.chart.plot.PiePlot,org.pitest.mutationtest.engine.gregor.mutators.VoidMethodCallMutator,drawItem,2387,SURVIVED,none
PiePlot.java,org.jfree.chart.plot.PiePlot,org.pitest.mutationtest.engine.gregor.mutators.ConditionalsBoundaryMutator,drawLabels,2513,NO_COVERAGE,none
PiePlot.java,org.jfree.chart.plot.PiePlot,org.pitest.mutationtest.engine.gregor.mutators.ConditionalsBoundaryMutator,drawLabels,2513,SURVIVED,none
PiePlot.java,org.jfree.chart.plot.PiePlot,org.pitest.mutationtest.engine.gregor.mutators.ConditionalsBoundaryMutator,drawLabels,2522,SURVIVED,none
PiePlot.java,org.jfree.chart.plot.PiePlot,org.pitest.mutationtest.engine.gregor.mutators.MathMutator,drawLabels,2517,SURVIVED,none
PiePlot.java,org.jfree.chart.plot.PiePlot,org.pitest.mutationtest.engine.gregor.mutators.MathMutator,drawLabels,2520,SURVIVED,none
PiePlot.java,org.jfree.chart.plot.PiePlot,org.pitest.mutationtest.engine.gregor.mutators.MathMutator,drawLabels,2520,SURVIVED,none
PiePlot.java,org.jfree.chart.plot.PiePlot,org.pitest.mutationtest.engine.gregor.mutators.MathMutator,drawLabels,2520,SURVIVED,none
PiePlot.java,org.jfree.chart.plot.PiePlot,org.pitest.mutationtest.engine.gregor.mutators.MathMutator,drawLabels,2520,SURVIVED,none
PiePlot.java,org.jfree.chart.plot.PiePlot,org.pitest.mutationtest.engine.gregor.mutators.MathMutator,drawLabels,2520,SURVIVED,none
PiePlot.java,org.jfree.chart.plot.PiePlot,org.pitest.mutationtest.engine.gregor.mutators.MathMutator,drawLabels,2520,SURVIVED,none
PiePlot.java,org.jfree.chart.plot.PiePlot,org.pitest.mutationtest.engine.gregor.mutators.MathMutator,drawLabels,2536,SURVIVED,none
PiePlot.java,org.jfree.chart.plot.PiePlot,org.pitest.mutationtest.engine.gregor.mutators.MathMutator,drawLabels,2537,SURVIVED,none
PiePlot.java,org.jfree.chart.plot.PiePlot,org.pitest.mutationtest.engine.gregor.mutators.MathMutator,drawLabels,2537,SURVIVED,none
PiePlot.java,org.jfree.chart.plot.PiePlot,org.pitest.mutationtest.engine.gregor.mutators.NegateConditionalsMutator,drawLabels,2508,KILLED,org.jfree.chart.PieChart3DTest.[engine:junit-jupiter]/[class:org.jfree.chart.PieChart3DTest]/[method:testNullValueInDataset()]
PiePlot.java,org.jfree.chart.plot.PiePlot,org.pitest.mutationtest.engine.gregor.mutators.NegateConditionalsMutator,drawLabels,2509,SURVIVED,none
PiePlot.java,org.jfree.chart.plot.PiePlot,org.pitest.mutationtest.engine.gregor.mutators.NegateConditionalsMutator,drawLabels,2513,SURVIVED,none
PiePlot.java,org.jfree.chart.plot.PiePlot,org.pitest.mutationtest.engine.gregor.mutators.NegateConditionalsMutator,drawLabels,2513,NO_COVERAGE,none
PiePlot.java,org.jfree.chart.plot.PiePlot,org.pitest.mutationtest.engine.gregor.mutators.NegateConditionalsMutator,drawLabels,2513,SURVIVED,none
PiePlot.java,org.jfree.chart.plot.PiePlot,org.pitest.mutationtest.engine.gregor.mutators.NegateConditionalsMutator,drawLabels,2516,SURVIVED,none
PiePlot.java,org.jfree.chart.plot.PiePlot,org.pitest.mutationtest.engine.gregor.mutators.NegateConditionalsMutator,drawLabels,2522,SURVIVED,none
PiePlot.java,org.jfree.chart.plot.PiePlot,org.pitest.mutationtest.engine.gregor.mutators.NegateConditionalsMutator,drawLabels,2541,KILLED,org.jfree.chart.plot.PiePlotGeometryTest.[engine:junit-jupiter]/[class:org.jfree.chart.plot.PiePlotGeometryTest]/[method:testLinkAreaCalculation()]
PiePlot.java,org.jfree.chart.plot.PiePlot,org.pitest.mutationtest.engine.gregor.mutators.VoidMethodCallMutator,drawLabels,2496,SURVIVED,none
PiePlot.java,org.jfree.chart.plot.PiePlot,org.pitest.mutationtest.engine.gregor.mutators.VoidMethodCallMutator,drawLabels,2523,SURVIVED,none
PiePlot.java,org.jfree.chart.plot.PiePlot,org.pitest.mutationtest.engine.gregor.mutators.VoidMethodCallMutator,drawLabels,2526,SURVIVED,none
PiePlot.java,org.jfree.chart.plot.PiePlot,org.pitest.mutationtest.engine.gregor.mutators.VoidMethodCallMutator,drawLabels,2531,SURVIVED,none
PiePlot.java,org.jfree.chart.plot.PiePlot,org.pitest.mutationtest.engine.gregor.mutators.VoidMethodCallMutator,drawLabels,2542,SURVIVED,none
PiePlot.java,org.jfree.chart.plot.PiePlot,org.pitest.mutationtest.engine.gregor.mutators.VoidMethodCallMutator,drawLabels,2544,SURVIVED,none
PiePlot.java,org.jfree.chart.plot.PiePlot,org.pitest.mutationtest.engine.gregor.mutators.VoidMethodCallMutator,drawLabels,2547,SURVIVED,none
PiePlot.java,org.jfree.chart.plot.PiePlot,org.pitest.mutationtest.engine.gregor.mutators.MathMutator,drawLeftLabel,2794,SURVIVED,none
PiePlot.java,org.jfree.chart.plot.PiePlot,org.pitest.mutationtest.engine.gregor.mutators.MathMutator,drawLeftLabel,2800,SURVIVED,none
PiePlot.java,org.jfree.chart.plot.PiePlot,org.pitest.mutationtest.engine.gregor.mutators.MathMutator,drawLeftLabel,2800,SURVIVED,none
PiePlot.java,org.jfree.chart.plot.PiePlot,org.pitest.mutationtest.engine.gregor.mutators.MathMutator,drawLeftLabel,2800,SURVIVED,none
PiePlot.java,org.jfree.chart.plot.PiePlot,org.pitest.mutationtest.engine.gregor.mutators.MathMutator,drawLeftLabel,2802,SURVIVED,none
PiePlot.java,org.jfree.chart.plot.PiePlot,org.pitest.mutationtest.engine.gregor.mutators.MathMutator,drawLeftLabel,2802,SURVIVED,none
PiePlot.java,org.jfree.chart.plot.PiePlot,org.pitest.mutationtest.engine.gregor.mutators.MathMutator,drawLeftLabel,2802,SURVIVED,none
PiePlot.java,org.jfree.chart.plot.PiePlot,org.pitest.mutationtest.engine.gregor.mutators.MathMutator,drawLeftLabel,2804,SURVIVED,none
PiePlot.java,org.jfree.chart.plot.PiePlot,org.pitest.mutationtest.engine.gregor.mutators.MathMutator,drawLeftLabel,2804,SURVIVED,none
PiePlot.java,org.jfree.chart.plot.PiePlot,org.pitest.mutationtest.engine.gregor.mutators.MathMutator,drawLeftLabel,2804,SURVIVED,none
PiePlot.java,org.jfree.chart.plot.PiePlot,org.pitest.mutationtest.engine.gregor.mutators.MathMutator,drawLeftLabel,2806,SURVIVED,none
PiePlot.java,org.jfree.chart.plot.PiePlot,org.pitest.mutationtest.engine.gregor.mutators.MathMutator,drawLeftLabel,2806,SURVIVED,none
PiePlot.java,org.jfree.chart.plot.PiePlot,org.pitest.mutationtest.engine.gregor.mutators.MathMutator,drawLeftLabel,2806,SURVIVED,none
PiePlot.java,org.jfree.chart.plot.PiePlot,org.pitest.mutationtest.engine.gregor.mutators.NegateConditionalsMutator,drawLeftLabel,2797,SURVIVED,none
PiePlot.java,org.jfree.chart.plot.PiePlot,org.pitest.mutationtest.engine.gregor.mutators.NegateConditionalsMutator,drawLeftLabel,2811,SURVIVED,none
PiePlot.java,org.jfree.chart.plot.PiePlot,org.pitest.mutationtest.engine.gregor.mutators.NegateConditionalsMutator,drawLeftLabel,2816,SURVIVED,none
PiePlot.java,org.jfree.chart.plot.PiePlot,org.pitest.mutationtest.engine.gregor.mutators.NegateConditionalsMutator,drawLeftLabel,2822,SURVIVED,none
PiePlot.java,org.jfree.chart.plot.PiePlot,org.pitest.mutationtest.engine.gregor.mutators.VoidMethodCallMutator,drawLeftLabel,2808,SURVIVED,none
PiePlot.java,org.jfree.chart.plot.PiePlot,org.pitest.mutationtest.engine.gregor.mutators.VoidMethodCallMutator,drawLeftLabel,2809,SURVIVED,none
PiePlot.java,org.jfree.chart.plot.PiePlot,org.pitest.mutationtest.engine.gregor.mutators.VoidMethodCallMutator,drawLeftLabel,2812,SURVIVED,none
PiePlot.java,org.jfree.chart.plot.PiePlot,org.pitest.mutationtest.engine.gregor.mutators.VoidMethodCallMutator,drawLeftLabel,2813,SURVIVED,none
PiePlot.java,org.jfree.chart.plot.PiePlot,org.pitest.mutationtest.engine.gregor.mutators.VoidMethodCallMutator,drawLeftLabel,2814,SURVIVED,none
PiePlot.java,org.jfree.chart.plot.PiePlot,org.pitest.mutationtest.engine.gregor.mutators.VoidMethodCallMutator,drawLeftLabel,2818,NO_COVERAGE,none
PiePlot.java,org.jfree.chart.plot.PiePlot,org.pitest.mutationtest.engine.gregor.mutators.VoidMethodCallMutator,drawLeftLabel,2819,NO_COVERAGE,none
PiePlot.java,org.jfree.chart.plot.PiePlot,org.pitest.mutationtest.engine.gregor.mutators.VoidMethodCallMutator,drawLeftLabel,2820,NO_COVERAGE,none
PiePlot.java,org.jfree.chart.plot.PiePlot,org.pitest.mutationtest.engine.gregor.mutators.VoidMethodCallMutator,drawLeftLabel,2824,SURVIVED,none
PiePlot.java,org.jfree.chart.plot.PiePlot,org.pitest.mutationtest.engine.gregor.mutators.VoidMethodCallMutator,drawLeftLabel,2826,SURVIVED,none
PiePlot.java,org.jfree.chart.plot.PiePlot,org.pitest.mutationtest.engine.gregor.mutators.VoidMethodCallMutator,drawLeftLabel,2830,SURVIVED,none
PiePlot.java,org.jfree.chart.plot.PiePlot,org.pitest.mutationtest.engine.gregor.mutators.ConditionalsBoundaryMutator,drawLeftLabels,2570,KILLED,org.jfree.chart.plot.PiePlotTest.[engine:junit-jupiter]/[class:org.jfree.chart.plot.PiePlotTest]/[method:testDrawWithNullLegendLabels()]
PiePlot.java,org.jfree.chart.plot.PiePlot,org.pitest.mutationtest.engine.gregor.mutators.ConditionalsBoundaryMutator,drawLeftLabels,2605,KILLED,org.jfree.chart.plot.PiePlotTest.[engine:junit-jupiter]/[class:org.jfree.chart.plot.PiePlotTest]/[method:testDrawWithNullLegendLabels()]
PiePlot.java,org.jfree.chart.plot.PiePlot,org.pitest.mutationtest.engine.gregor.mutators.InvertNegsMutator,drawLeftLabels,2596,SURVIVED,none
PiePlot.java,org.jfree.chart.plot.PiePlot,org.pitest.mutationtest.engine.gregor.mutators.MathMutator,drawLeftLabels,2568,SURVIVED,none
PiePlot.java,org.jfree.chart.plot.PiePlot,org.pitest.mutationtest.engine.gregor.mutators.MathMutator,drawLeftLabels,2569,SURVIVED,none
PiePlot.java,org.jfree.chart.plot.PiePlot,org.pitest.mutationtest.engine.gregor.mutators.MathMutator,drawLeftLabels,2590,SURVIVED,none
PiePlot.java,org.jfree.chart.plot.PiePlot,org.pitest.mutationtest.engine.gregor.mutators.MathMutator,drawLeftLabels,2590,SURVIVED,none
PiePlot.java,org.jfree.chart.plot.PiePlot,org.pitest.mutationtest.engine.gregor.mutators.MathMutator,drawLeftLabels,2595,SURVIVED,none
PiePlot.java,org.jfree.chart.plot.PiePlot,org.pitest.mutationtest.engine.gregor.mutators.MathMutator,drawLeftLabels,2595,SURVIVED,none
PiePlot.java,org.jfree.chart.plot.PiePlot,org.pitest.mutationtest.engine.gregor.mutators.MathMutator,drawLeftLabels,2596,TIMED_OUT,none
PiePlot.java,org.jfree.chart.plot.PiePlot,org.pitest.mutationtest.engine.gregor.mutators.MathMutator,drawLeftLabels,2596,SURVIVED,none
PiePlot.java,org.jfree.chart.plot.PiePlot,org.pitest.mutationtest.engine.gregor.mutators.MathMutator,drawLeftLabels,2597,SURVIVED,none
PiePlot.java,org.jfree.chart.plot.PiePlot,org.pitest.mutationtest.engine.gregor.mutators.MathMutator,drawLeftLabels,2598,SURVIVED,none
PiePlot.java,org.jfree.chart.plot.PiePlot,org.pitest.mutationtest.engine.gregor.mutators.MathMutator,drawLeftLabels,2602,SURVIVED,none
PiePlot.java,org.jfree.chart.plot.PiePlot,org.pitest.mutationtest.engine.gregor.mutators.MathMutator,drawLeftLabels,2603,SURVIVED,none
PiePlot.java,org.jfree.chart.plot.PiePlot,org.pitest.mutationtest.engine.gregor.mutators.MathMutator,drawLeftLabels,2603,SURVIVED,none
PiePlot.java,org.jfree.chart.plot.PiePlot,org.pitest.mutationtest.engine.gregor.mutators.MathMutator,drawLeftLabels,2603,SURVIVED,none
PiePlot.java,org.jfree.chart.plot.PiePlot,org.pitest.mutationtest.engine.gregor.mutators.NegateConditionalsMutator,drawLeftLabels,2570,KILLED,org.jfree.chart.plot.PiePlotGeometryTest.[engine:junit-jupiter]/[class:org.jfree.chart.plot.PiePlotGeometryTest]/[method:testEllipticalPieGeometry()]
PiePlot.java,org.jfree.chart.plot.PiePlot,org.pitest.mutationtest.engine.gregor.mutators.NegateConditionalsMutator,drawLeftLabels,2573,SURVIVED,none
PiePlot.java,org.jfree.chart.plot.PiePlot,org.pitest.mutationtest.engine.gregor.mutators.NegateConditionalsMutator,drawLeftLabels,2581,SURVIVED,none
PiePlot.java,org.jfree.chart.plot.PiePlot,org.pitest.mutationtest.engine.gregor.mutators.NegateConditionalsMutator,drawLeftLabels,2605,KILLED,org.jfree.chart.plot.PiePlotGeometryTest.[engine:junit-jupiter]/[class:org.jfree.chart.plot.PiePlotGeometryTest]/[method:testEllipticalPieGeometry()]
PiePlot.java,org.jfree.chart.plot.PiePlot,org.pitest.mutationtest.engine.gregor.mutators.VoidMethodCallMutator,drawLeftLabels,2567,SURVIVED,none
PiePlot.java,org.jfree.chart.plot.PiePlot,org.pitest.mutationtest.engine.gregor.mutators.VoidMethodCallMutator,drawLeftLabels,2578,SURVIVED,none
PiePlot.java,org.jfree.chart.plot.PiePlot,org.pitest.mutationtest.engine.gregor.mutators.VoidMethodCallMutator,drawLeftLabels,2579,SURVIVED,none
PiePlot.java,org.jfree.chart.plot.PiePlot,org.pitest.mutationtest.engine.gregor.mutators.VoidMethodCallMutator,drawLeftLabels,2580,SURVIVED,none
PiePlot.java,org.jfree.chart.plot.PiePlot,org.pitest.mutationtest.engine.gregor.mutators.VoidMethodCallMutator,drawLeftLabels,2582,SURVIVED,none
PiePlot.java,org.jfree.chart.plot.PiePlot,org.pitest.mutationtest.engine.gregor.mutators.VoidMethodCallMutator,drawLeftLabels,2585,NO_COVERAGE,none
PiePlot.java,org.jfree.chart.plot.PiePlot,org.pitest.mutationtest.engine.gregor.mutators.VoidMethodCallMutator,drawLeftLabels,2587,SURVIVED,none
PiePlot.java,org.jfree.chart.plot.PiePlot,org.pitest.mutationtest.engine.gregor.mutators.VoidMethodCallMutator,drawLeftLabels,2594,SURVIVED,none
PiePlot.java,org.jfree.chart.plot.PiePlot,org.pitest.mutationtest.engine.gregor.mutators.VoidMethodCallMutator,drawLeftLabels,2603,SURVIVED,none
PiePlot.java,org.jfree.chart.plot.PiePlot,org.pitest.mutationtest.engine.gregor.mutators.VoidMethodCallMutator,drawLeftLabels,2606,SURVIVED,none
PiePlot.java,org.jfree.chart.plot.PiePlot,org.pitest.mutationtest.engine.gregor.mutators.ConditionalsBoundaryMutator,drawPie,2262,SURVIVED,none
PiePlot.java,org.jfree.chart.plot.PiePlot,org.pitest.mutationtest.engine.gregor.mutators.ConditionalsBoundaryMutator,drawPie,2269,SURVIVED,none
PiePlot.java,org.jfree.chart.plot.PiePlot,org.pitest.mutationtest.engine.gregor.mutators.ConditionalsBoundaryMutator,drawPie,2271,KILLED,org.jfree.chart.plot.PiePlotTest.[engine:junit-jupiter]/[class:org.jfree.chart.plot.PiePlotTest]/[method:testDrawWithNullLegendLabels()]
PiePlot.java,org.jfree.chart.plot.PiePlot,org.pitest.mutationtest.engine.gregor.mutators.ConditionalsBoundaryMutator,drawPie,2275,SURVIVED,none
PiePlot.java,org.jfree.chart.plot.PiePlot,org.pitest.mutationtest.engine.gregor.mutators.MathMutator,drawPie,2178,SURVIVED,none
PiePlot.java,org.jfree.chart.plot.PiePlot,org.pitest.mutationtest.engine.gregor.mutators.MathMutator,drawPie,2180,KILLED,org.jfree.chart.plot.PiePlotGeometryTest.[engine:junit-jupiter]/[class:org.jfree.chart.plot.PiePlotGeometryTest]/[method:testPieAreaGeometryInState()]
PiePlot.java,org.jfree.chart.plot.PiePlot,org.pitest.mutationtest.engine.gregor.mutators.MathMutator,drawPie,2180,SURVIVED,none
PiePlot.java,org.jfree.chart.plot.PiePlot,org.pitest.mutationtest.engine.gregor.mutators.MathMutator,drawPie,2181,KILLED,org.jfree.chart.plot.PiePlotGeometryTest.[engine:junit-jupiter]/[class:org.jfree.chart.plot.PiePlotGeometryTest]/[method:testPieAreaGeometryInState()]
PiePlot.java,org.jfree.chart.plot.PiePlot,org.pitest.mutationtest.engine.gregor.mutators.MathMutator,drawPie,2181,SURVIVED,none
PiePlot.java,org.jfree.chart.plot.PiePlot,org.pitest.mutationtest.engine.gregor.mutators.MathMutator,drawPie,2197,KILLED,org.jfree.chart.plot.PiePlotGeometryTest.[engine:junit-jupiter]/[class:org.jfree.chart.plot.PiePlotGeometryTest]/[method:testPieAreaGeometryInState()]
PiePlot.java,org.jfree.chart.plot.PiePlot,org.pitest.mutationtest.engine.gregor.mutators.MathMutator,drawPie,2197,KILLED,org.jfree.chart.plot.PiePlotGeometryTest.[engine:junit-jupiter]/[class:org.jfree.chart.plot.PiePlotGeometryTest]/[method:testPieAreaGeometryInState()]
PiePlot.java,org.jfree.chart.plot.PiePlot,org.pitest.mutationtest.engine.gregor.mutators.MathMutator,drawPie,2198,SURVIVED,none
PiePlot.java,org.jfree.chart.plot.PiePlot,org.pitest.mutationtest.engine.gregor.mutators.MathMutator,drawPie,2198,SURVIVED,none
PiePlot.java,org.jfree.chart.plot.PiePlot,org.pitest.mutationtest.engine.gregor.mutators.MathMutator,drawPie,2199,KILLED,org.jfree.chart.plot.PiePlotGeometryTest.[engine:junit-jupiter]/[class:org.jfree.chart.plot.PiePlotGeometryTest]/[method:testPieAreaGeometryInState()]
PiePlot.java,org.jfree.chart.plot.PiePlot,org.pitest.mutationtest.engine.gregor.mutators.MathMutator,drawPie,2200,SURVIVED,none
PiePlot.java,org.jfree.chart.plot.PiePlot,org.pitest.mutationtest.engine.gregor.mutators.MathMutator,drawPie,2204,SURVIVED,none
PiePlot.java,org.jfree.chart.plot.PiePlot,org.pitest.mutationtest.engine.gregor.mutators.MathMutator,drawPie,2205,KILLED,org.jfree.chart.plot.PiePlotGeometryTest.[engine:junit-jupiter]/[class:org.jfree.chart.plot.PiePlotGeometryTest]/[method:testPieAreaGeometryInState()]
PiePlot.java,org.jfree.chart.plot.PiePlot,org.pitest.mutationtest.engine.gregor.mutators.MathMutator,drawPie,2205,KILLED,org.jfree.chart.plot.PiePlotGeometryTest.[engine:junit-jupiter]/[class:org.jfree.chart.plot.PiePlotGeometryTest]/[method:testPieAreaGeometryInState()]
PiePlot.java,org.jfree.chart.plot.PiePlot,org.pitest.mutationtest.engine.gregor.mutators.MathMutator,drawPie,2205,KILLED,org.jfree.chart.plot.PiePlotGeometryTest.[engine:junit-jupiter]/[class:org.jfree.chart.plot.PiePlotGeometryTest]/[method:testPieAreaGeometryInState()]
PiePlot.java,org.jfree.chart.plot.PiePlot,org.pitest.mutationtest.engine.gregor.mutators.MathMutator,drawPie,2205,KILLED,org.jfree.chart.plot.PiePlotGeometryTest.[engine:junit-jupiter]/[class:org.jfree.chart.plot.PiePlotGeometryTest]/[method:testPieAreaGeometryInState()]
PiePlot.java,org.jfree.chart.plot.PiePlot,org.pitest.mutationtest.engine.gregor.mutators.MathMutator,drawPie,2206,SURVIVED,none
PiePlot.java,org.jfree.chart.plot.PiePlot,org.pitest.mutationtest.engine.gregor.mutators.MathMutator,drawPie,2206,KILLED,org.jfree.chart.plot.PiePlotGeometryTest.[engine:junit-jupiter]/[class:org.jfree.chart.plot.PiePlotGeometryTest]/[method:testPieAreaGeometryInState()]
PiePlot.java,org.jfree.chart.plot.PiePlot,org.pitest.mutationtest.engine.gregor.mutators.MathMutator,drawPie,2206,KILLED,org.jfree.chart.plot.PiePlotGeometryTest.[engine:junit-jupiter]/[class:org.jfree.chart.plot.PiePlotGeometryTest]/[method:testPieAreaGeometryInState()]
PiePlot.java,org.jfree.chart.plot.PiePlot,org.pitest.mutationtest.engine.gregor.mutators.MathMutator,drawPie,2206,KILLED,org.jfree.chart.plot.PiePlotGeometryTest.[engine:junit-jupiter]/[class:org.jfree.chart.plot.PiePlotGeometryTest]/[method:testPieAreaGeometryInState()]
PiePlot.java,org.jfree.chart.plot.PiePlot,org.pitest.mutationtest.engine.gregor.mutators.MathMutator,drawPie,2207,KILLED,org.jfree.chart.plot.PiePlotGeometryTest.[engine:junit-jupiter]/[class:org.jfree.chart.plot.PiePlotGeometryTest]/[method:testPieAreaGeometryInState()]
PiePlot.java,org.jfree.chart.plot.PiePlot,org.pitest.mutationtest.engine.gregor.mutators.MathMutator,drawPie,2208,KILLED,org.jfree.chart.plot.PiePlotGeometryTest.[engine:junit-jupiter]/[class:org.jfree.chart.plot.PiePlotGeometryTest]/[method:testPieAreaGeometryInState()]
PiePlot.java,org.jfree.chart.plot.PiePlot,org.pitest.mutationtest.engine.gregor.mutators.MathMutator,drawPie,2232,KILLED,org.jfree.chart.plot.PiePlotGeometryTest.[engine:junit-jupiter]/[class:org.jfree.chart.plot.PiePlotGeometryTest]/[method:testPieAreaGeometryInState()]
PiePlot.java,org.jfree.chart.plot.PiePlot,org.pitest.mutationtest.engine.gregor.mutators.MathMutator,drawPie,2232,KILLED,org.jfree.chart.plot.PiePlotGeometryTest.[engine:junit-jupiter]/[class:org.jfree.chart.plot.PiePlotGeometryTest]/[method:testPieAreaGeometryInState()]
PiePlot.java,org.jfree.chart.plot.PiePlot,org.pitest.mutationtest.engine.gregor.mutators.MathMutator,drawPie,2233,KILLED,org.jfree.chart.plot.PiePlotGeometryTest.[engine:junit-jupiter]/[class:org.jfree.chart.plot.PiePlotGeometryTest]/[method:testPieAreaGeometryInState()]
PiePlot.java,org.jfree.chart.plot.PiePlot,org.pitest.mutationtest.engine.gregor.mutators.MathMutator,drawPie,2233,KILLED,org.jfree.chart.plot.PiePlotGeometryTest.[engine:junit-jupiter]/[class:org.jfree.chart.plot.PiePlotGeometryTest]/[method:testPieAreaGeometryInState()]
PiePlot.java,org.jfree.chart.plot.PiePlot,org.pitest.mutationtest.engine.gregor.mutators.MathMutator,drawPie,2234,KILLED,org.jfree.chart.plot.PiePlotGeometryTest.[engine:junit-jupiter]/[class:org.jfree.chart.plot.PiePlotGeometryTest]/[method:testPieAreaGeometryInState()]
PiePlot.java,org.jfree.chart.plot.PiePlot,org.pitest.mutationtest.engine.gregor.mutators.MathMutator,drawPie,2234,SURVIVED,none
PiePlot.java,org.jfree.chart.plot.PiePlot,org.pitest.mutationtest.engine.gregor.mutators.MathMutator,drawPie,2234,KILLED,org.jfree.chart.plot.PiePlotGeometryTest.[engine:junit-jupiter]/[class:org.jfree.chart.plot.PiePlotGeometryTest]/[method:testPieAreaGeometryInState()]
PiePlot.java,org.jfree.chart.plot.PiePlot,org.pitest.mutationtest.engine.gregor.mutators.MathMutator,drawPie,2234,SURVIVED,none
PiePlot.java,org.jfree.chart.plot.PiePlot,org.pitest.mutationtest.engine.gregor.mutators.MathMutator,drawPie,2234,KILLED,org.jfree.chart.plot.PiePlotGeometryTest.[engine:junit-jupiter]/[class:org.jfree.chart.plot.PiePlotGeometryTest]/[method:testPieAreaGeometryInState()]
PiePlot.java,org.jfree.chart.plot.PiePlot,org.pitest.mutationtest.engine.gregor.mutators.MathMutator,drawPie,2234,KILLED,org.jfree.chart.plot.PiePlotGeometryTest.[engine:junit-jupiter]/[class:org.jfree.chart.plot.PiePlotGeometryTest]/[method:testPieAreaGeometryInState()]
PiePlot.java,org.jfree.chart.plot.PiePlot,org.pitest.mutationtest.engine.gregor.mutators.MathMutator,drawPie,2243,SURVIVED,none
PiePlot.java,org.jfree.chart.plot.PiePlot,org.pitest.mutationtest.engine.gregor.mutators.MathMutator,drawPie,2243,SURVIVED,none
PiePlot.java,org.jfree.chart.plot.PiePlot,org.pitest.mutationtest.engine.gregor.mutators.MathMutator,drawPie,2245,KILLED,org.jfree.chart.plot.PiePlotGeometryTest.[engine:junit-jupiter]/[class:org.jfree.chart.plot.PiePlotGeometryTest]/[method:testPieAreaGeometryInState()]
PiePlot.java,org.jfree.chart.plot.PiePlot,org.pitest.mutationtest.engine.gregor.mutators.MathMutator,drawPie,2246,KILLED,org.jfree.chart.plot.PiePlotGeometryTest.[engine:junit-jupiter]/[class:org.jfree.chart.plot.PiePlotGeometryTest]/[method:testPieAreaGeometryInState()]
PiePlot.java,org.jfree.chart.plot.PiePlot,org.pitest.mutationtest.engine.gregor.mutators.MathMutator,drawPie,2247,SURVIVED,none
PiePlot.java,org.jfree.chart.plot.PiePlot,org.pitest.mutationtest.engine.gregor.mutators.MathMutator,drawPie,2247,SURVIVED,none
PiePlot.java,org.jfree.chart.plot.PiePlot,org.pitest.mutationtest.engine.gregor.mutators.MathMutator,drawPie,2248,SURVIVED,none
PiePlot.java,org.jfree.chart.plot.PiePlot,org.pitest.mutationtest.engine.gregor.mutators.MathMutator,drawPie,2248,SURVIVED,none
PiePlot.java,org.jfree.chart.plot.PiePlot,org.pitest.mutationtest.engine.gregor.mutators.MathMutator,drawPie,2249,SURVIVED,none
PiePlot.java,org.jfree.chart.plot.PiePlot,org.pitest.mutationtest.engine.gregor.mutators.MathMutator,drawPie,2249,SURVIVED,none
PiePlot.java,org.jfree.chart.plot.PiePlot,org.pitest.mutationtest.engine.gregor.mutators.MathMutator,drawPie,2258,KILLED,org.jfree.chart.plot.PiePlotGeometryTest.[engine:junit-jupiter]/[class:org.jfree.chart.plot.PiePlotGeometryTest]/[method:testPieAreaGeometryInState()]
PiePlot.java,org.jfree.chart.plot.PiePlot,org.pitest.mutationtest.engine.gregor.mutators.MathMutator,drawPie,2259,KILLED,org.jfree.chart.plot.PiePlotGeometryTest.[engine:junit-jupiter]/[class:org.jfree.chart.plot.PiePlotGeometryTest]/[method:testPieAreaGeometryInState()]
PiePlot.java,org.jfree.chart.plot.PiePlot,org.pitest.mutationtest.engine.gregor.mutators.MathMutator,drawPie,2276,SURVIVED,none
PiePlot.java,org.jfree.chart.plot.PiePlot,org.pitest.mutationtest.engine.gregor.mutators.NegateConditionalsMutator,drawPie,2177,SURVIVED,none
PiePlot.java,org.jfree.chart.plot.PiePlot,org.pitest.mutationtest.engine.gregor.mutators.NegateConditionalsMutator,drawPie,2177,SURVIVED,none
PiePlot.java,org.jfree.chart.plot.PiePlot,org.pitest.mutationtest.engine.gregor.mutators.NegateConditionalsMutator,drawPie,2203,KILLED,org.jfree.chart.plot.PiePlotGeometryTest.[engine:junit-jupiter]/[class:org.jfree.chart.plot.PiePlotGeometryTest]/[method:testPieAreaGeometryInState()]
PiePlot.java,org.jfree.chart.plot.PiePlot,org.pitest.mutationtest.engine.gregor.mutators.NegateConditionalsMutator,drawPie,2229,SURVIVED,none
PiePlot.java,org.jfree.chart.plot.PiePlot,org.pitest.mutationtest.engine.gregor.mutators.NegateConditionalsMutator,drawPie,2262,SURVIVED,none
PiePlot.java,org.jfree.chart.plot.PiePlot,org.pitest.mutationtest.engine.gregor.mutators.NegateConditionalsMutator,drawPie,2262,SURVIVED,none
PiePlot.java,org.jfree.chart.plot.PiePlot,org.pitest.mutationtest.engine.gregor.mutators.NegateConditionalsMutator,drawPie,2269,SURVIVED,none
PiePlot.java,org.jfree.chart.plot.PiePlot,org.pitest.mutationtest.engine.gregor.mutators.NegateConditionalsMutator,drawPie,2271,SURVIVED,none
PiePlot.java,org.jfree.chart.plot.PiePlot,org.pitest.mutationtest.engine.gregor.mutators.NegateConditionalsMutator,drawPie,2273,SURVIVED,none
PiePlot.java,org.jfree.chart.plot.PiePlot,org.pitest.mutationtest.engine.gregor.mutators.NegateConditionalsMutator,drawPie,2275,SURVIVED,none
PiePlot.java,org.jfree.chart.plot.PiePlot,org.pitest.mutationtest.engine.gregor.mutators.NegateConditionalsMutator,drawPie,2282,SURVIVED,none
PiePlot.java,org.jfree.chart.plot.PiePlot,org.pitest.mutationtest.engine.gregor.mutators.VoidMethodCallMutator,drawPie,2215,KILLED,org.jfree.chart.plot.PiePlotTest.[engine:junit-jupiter]/[class:org.jfree.chart.plot.PiePlotTest]/[method:testDrawWithNullLegendLabels()]
PiePlot.java,org.jfree.chart.plot.PiePlot,org.pitest.mutationtest.engine.gregor.mutators.VoidMethodCallMutator,drawPie,2237,KILLED,org.jfree.chart.plot.PiePlotGeometryTest.[engine:junit-jupiter]/[class:org.jfree.chart.plot.PiePlotGeometryTest]/[method:testExplodedPieAreaCalculation()]
PiePlot.java,org.jfree.chart.plot.PiePlot,org.pitest.mutationtest.engine.gregor.mutators.VoidMethodCallMutator,drawPie,2255,KILLED,org.jfree.chart.plot.PiePlotTest.[engine:junit-jupiter]/[class:org.jfree.chart.plot.PiePlotTest]/[method:testDrawWithNullLegendLabels()]
PiePlot.java,org.jfree.chart.plot.PiePlot,org.pitest.mutationtest.engine.gregor.mutators.VoidMethodCallMutator,drawPie,2256,KILLED,org.jfree.chart.plot.PiePlotGeometryTest.[engine:junit-jupiter]/[class:org.jfree.chart.plot.PiePlotGeometryTest]/[method:testPieAreaGeometryInState()]
PiePlot.java,org.jfree.chart.plot.PiePlot,org.pitest.mutationtest.engine.gregor.mutators.VoidMethodCallMutator,drawPie,2257,KILLED,org.jfree.chart.plot.PiePlotGeometryTest.[engine:junit-jupiter]/[class:org.jfree.chart.plot.PiePlotGeometryTest]/[method:testPieAreaGeometryInState()]
PiePlot.java,org.jfree.chart.plot.PiePlot,org.pitest.mutationtest.engine.gregor.mutators.VoidMethodCallMutator,drawPie,2258,KILLED,org.jfree.chart.plot.PiePlotGeometryTest.[engine:junit-jupiter]/[class:org.jfree.chart.plot.PiePlotGeometryTest]/[method:testPieAreaGeometryInState()]
PiePlot.java,org.jfree.chart.plot.PiePlot,org.pitest.mutationtest.engine.gregor.mutators.VoidMethodCallMutator,drawPie,2259,KILLED,org.jfree.chart.plot.PiePlotGeometryTest.[engine:junit-jupiter]/[class:org.jfree.chart.plot.PiePlotGeometryTest]/[method:testPieAreaGeometryInState()]
PiePlot.java,org.jfree.chart.plot.PiePlot,org.pitest.mutationtest.engine.gregor.mutators.VoidMethodCallMutator,drawPie,2277,SURVIVED,none
PiePlot.java,org.jfree.chart.plot.PiePlot,org.pitest.mutationtest.engine.gregor.mutators.VoidMethodCallMutator,drawPie,2283,NO_COVERAGE,none
PiePlot.java,org.jfree.chart.plot.PiePlot,org.pitest.mutationtest.engine.gregor.mutators.VoidMethodCallMutator,drawPie,2287,SURVIVED,none
PiePlot.java,org.jfree.chart.plot.PiePlot,org.pitest.mutationtest.engine.gregor.mutators.VoidMethodCallMutator,drawPie,2292,NO_COVERAGE,none
PiePlot.java,org.jfree.chart.plot.PiePlot,org.pitest.mutationtest.engine.gregor.mutators.returns.NullReturnValsMutator,drawPie,2294,KILLED,org.jfree.chart.plot.PiePlotGeometryTest.[engine:junit-jupiter]/[class:org.jfree.chart.plot.PiePlotGeometryTest]/[method:testPieAreaGeometryInState()]
PiePlot.java,org.jfree.chart.plot.PiePlot,org.pitest.mutationtest.engine.gregor.mutators.MathMutator,drawRightLabel,2845,SURVIVED,none
PiePlot.java,org.jfree.chart.plot.PiePlot,org.pitest.mutationtest.engine.gregor.mutators.MathMutator,drawRightLabel,2851,SURVIVED,none
PiePlot.java,org.jfree.chart.plot.PiePlot,org.pitest.mutationtest.engine.gregor.mutators.MathMutator,drawRightLabel,2851,SURVIVED,none
PiePlot.java,org.jfree.chart.plot.PiePlot,org.pitest.mutationtest.engine.gregor.mutators.MathMutator,drawRightLabel,2851,SURVIVED,none
PiePlot.java,org.jfree.chart.plot.PiePlot,org.pitest.mutationtest.engine.gregor.mutators.MathMutator,drawRightLabel,2853,SURVIVED,none
PiePlot.java,org.jfree.chart.plot.PiePlot,org.pitest.mutationtest.engine.gregor.mutators.MathMutator,drawRightLabel,2853,SURVIVED,none
PiePlot.java,org.jfree.chart.plot.PiePlot,org.pitest.mutationtest.engine.gregor.mutators.MathMutator,drawRightLabel,2853,SURVIVED,none
PiePlot.java,org.jfree.chart.plot.PiePlot,org.pitest.mutationtest.engine.gregor.mutators.MathMutator,drawRightLabel,2855,SURVIVED,none
PiePlot.java,org.jfree.chart.plot.PiePlot,org.pitest.mutationtest.engine.gregor.mutators.MathMutator,drawRightLabel,2855,SURVIVED,none
PiePlot.java,org.jfree.chart.plot.PiePlot,org.pitest.mutationtest.engine.gregor.mutators.MathMutator,drawRightLabel,2855,SURVIVED,none
PiePlot.java,org.jfree.chart.plot.PiePlot,org.pitest.mutationtest.engine.gregor.mutators.MathMutator,drawRightLabel,2857,SURVIVED,none
PiePlot.java,org.jfree.chart.plot.PiePlot,org.pitest.mutationtest.engine.gregor.mutators.MathMutator,drawRightLabel,2857,SURVIVED,none
PiePlot.java,org.jfree.chart.plot.PiePlot,org.pitest.mutationtest.engine.gregor.mutators.MathMutator,drawRightLabel,2857,SURVIVED,none
PiePlot.java,org.jfree.chart.plot.PiePlot,org.pitest.mutationtest.engine.gregor.mutators.NegateConditionalsMutator,drawRightLabel,2848,SURVIVED,none
PiePlot.java,org.jfree.chart.plot.PiePlot,org.pitest.mutationtest.engine.gregor.mutators.NegateConditionalsMutator,drawRightLabel,2862,SURVIVED,none
PiePlot.java,org.jfree.chart.plot.PiePlot,org.pitest.mutationtest.engine.gregor.mutators.NegateConditionalsMutator,drawRightLabel,2867,SURVIVED,none
PiePlot.java,org.jfree.chart.plot.PiePlot,org.pitest.mutationtest.engine.gregor.mutators.NegateConditionalsMutator,drawRightLabel,2873,SURVIVED,none
PiePlot.java,org.jfree.chart.plot.PiePlot,org.pitest.mutationtest.engine.gregor.mutators.VoidMethodCallMutator,drawRightLabel,2859,SURVIVED,none
PiePlot.java,org.jfree.chart.plot.PiePlot,org.pitest.mutationtest.engine.gregor.mutators.VoidMethodCallMutator,drawRightLabel,2860,SURVIVED,none
PiePlot.java,org.jfree.chart.plot.PiePlot,org.pitest.mutationtest.engine.gregor.mutators.VoidMethodCallMutator,drawRightLabel,2863,SURVIVED,none
PiePlot.java,org.jfree.chart.plot.PiePlot,org.pitest.mutationtest.engine.gregor.mutators.VoidMethodCallMutator,drawRightLabel,2864,SURVIVED,none
PiePlot.java,org.jfree.chart.plot.PiePlot,org.pitest.mutationtest.engine.gregor.mutators.VoidMethodCallMutator,drawRightLabel,2865,SURVIVED,none
PiePlot.java,org.jfree.chart.plot.PiePlot,org.pitest.mutationtest.engine.gregor.mutators.VoidMethodCallMutator,drawRightLabel,2869,NO_COVERAGE,none
PiePlot.java,org.jfree.chart.plot.PiePlot,org.pitest.mutationtest.engine.gregor.mutators.VoidMethodCallMutator,drawRightLabel,2870,NO_COVERAGE,none
PiePlot.java,org.jfree.chart.plot.PiePlot,org.pitest.mutationtest.engine.gregor.mutators.VoidMethodCallMutator,drawRightLabel,2871,NO_COVERAGE,none
PiePlot.java,org.jfree.chart.plot.PiePlot,org.pitest.mutationtest.engine.gregor.mutators.VoidMethodCallMutator,drawRightLabel,2875,SURVIVED,none
PiePlot.java,org.jfree.chart.plot.PiePlot,org.pitest.mutationtest.engine.gregor.mutators.VoidMethodCallMutator,drawRightLabel,2877,SURVIVED,none
PiePlot.java,org.jfree.chart.plot.PiePlot,org.pitest.mutationtest.engine.gregor.mutators.VoidMethodCallMutator,drawRightLabel,2882,SURVIVED,none
PiePlot.java,org.jfree.chart.plot.PiePlot,org.pitest.mutationtest.engine.gregor.mutators.ConditionalsBoundaryMutator,drawRightLabels,2630,KILLED,org.jfree.chart.plot.PiePlotTest.[engine:junit-jupiter]/[class:org.jfree.chart.plot.PiePlotTest]/[method:testDrawWithNullLegendLabels()]
PiePlot.java,org.jfree.chart.plot.PiePlot,org.pitest.mutationtest.engine.gregor.mutators.ConditionalsBoundaryMutator,drawRightLabels,2664,KILLED,org.jfree.chart.plot.PiePlotTest.[engine:junit-jupiter]/[class:org.jfree.chart.plot.PiePlotTest]/[method:testDrawWithNullLegendLabels()]
PiePlot.java,org.jfree.chart.plot.PiePlot,org.pitest.mutationtest.engine.gregor.mutators.MathMutator,drawRightLabels,2627,SURVIVED,none
PiePlot.java,org.jfree.chart.plot.PiePlot,org.pitest.mutationtest.engine.gregor.mutators.MathMutator,drawRightLabels,2628,SURVIVED,none
PiePlot.java,org.jfree.chart.plot.PiePlot,org.pitest.mutationtest.engine.gregor.mutators.MathMutator,drawRightLabels,2651,SURVIVED,none
PiePlot.java,org.jfree.chart.plot.PiePlot,org.pitest.mutationtest.engine.gregor.mutators.MathMutator,drawRightLabels,2651,SURVIVED,none
PiePlot.java,org.jfree.chart.plot.PiePlot,org.pitest.mutationtest.engine.gregor.mutators.MathMutator,drawRightLabels,2654,SURVIVED,none
PiePlot.java,org.jfree.chart.plot.PiePlot,org.pitest.mutationtest.engine.gregor.mutators.MathMutator,drawRightLabels,2654,SURVIVED,none
PiePlot.java,org.jfree.chart.plot.PiePlot,org.pitest.mutationtest.engine.gregor.mutators.MathMutator,drawRightLabels,2655,SURVIVED,none
PiePlot.java,org.jfree.chart.plot.PiePlot,org.pitest.mutationtest.engine.gregor.mutators.MathMutator,drawRightLabels,2655,SURVIVED,none
PiePlot.java,org.jfree.chart.plot.PiePlot,org.pitest.mutationtest.engine.gregor.mutators.MathMutator,drawRightLabels,2656,SURVIVED,none
PiePlot.java,org.jfree.chart.plot.PiePlot,org.pitest.mutationtest.engine.gregor.mutators.MathMutator,drawRightLabels,2657,SURVIVED,none
PiePlot.java,org.jfree.chart.plot.PiePlot,org.pitest.mutationtest.engine.gregor.mutators.MathMutator,drawRightLabels,2662,SURVIVED,none
PiePlot.java,org.jfree.chart.plot.PiePlot,org.pitest.mutationtest.engine.gregor.mutators.MathMutator,drawRightLabels,2662,SURVIVED,none
PiePlot.java,org.jfree.chart.plot.PiePlot,org.pitest.mutationtest.engine.gregor.mutators.MathMutator,drawRightLabels,2662,SURVIVED,none
PiePlot.java,org.jfree.chart.plot.PiePlot,org.pitest.mutationtest.engine.gregor.mutators.NegateConditionalsMutator,drawRightLabels,2630,SURVIVED,none
PiePlot.java,org.jfree.chart.plot.PiePlot,org.pitest.mutationtest.engine.gregor.mutators.NegateConditionalsMutator,drawRightLabels,2634,SURVIVED,none
PiePlot.java,org.jfree.chart.plot.PiePlot,org.pitest.mutationtest.engine.gregor.mutators.NegateConditionalsMutator,drawRightLabels,2642,SURVIVED,none
PiePlot.java,org.jfree.chart.plot.PiePlot,org.pitest.mutationtest.engine.gregor.mutators.NegateConditionalsMutator,drawRightLabels,2664,SURVIVED,none
PiePlot.java,org.jfree.chart.plot.PiePlot,org.pitest.mutationtest.engine.gregor.mutators.VoidMethodCallMutator,drawRightLabels,2626,SURVIVED,none
PiePlot.java,org.jfree.chart.plot.PiePlot,org.pitest.mutationtest.engine.gregor.mutators.VoidMethodCallMutator,drawRightLabels,2639,SURVIVED,none
PiePlot.java,org.jfree.chart.plot.PiePlot,org.pitest.mutationtest.engine.gregor.mutators.VoidMethodCallMutator,drawRightLabels,2640,SURVIVED,none
PiePlot.java,org.jfree.chart.plot.PiePlot,org.pitest.mutationtest.engine.gregor.mutators.VoidMethodCallMutator,drawRightLabels,2641,SURVIVED,none
PiePlot.java,org.jfree.chart.plot.PiePlot,org.pitest.mutationtest.engine.gregor.mutators.VoidMethodCallMutator,drawRightLabels,2643,SURVIVED,none
PiePlot.java,org.jfree.chart.plot.PiePlot,org.pitest.mutationtest.engine.gregor.mutators.VoidMethodCallMutator,drawRightLabels,2646,NO_COVERAGE,none
PiePlot.java,org.jfree.chart.plot.PiePlot,org.pitest.mutationtest.engine.gregor.mutators.VoidMethodCallMutator,drawRightLabels,2648,SURVIVED,none
PiePlot.java,org.jfree.chart.plot.PiePlot,org.pitest.mutationtest.engine.gregor.mutators.VoidMethodCallMutator,drawRightLabels,2653,SURVIVED,none
PiePlot.java,org.jfree.chart.plot.PiePlot,org.pitest.mutationtest.engine.gregor.mutators.VoidMethodCallMutator,drawRightLabels,2662,SURVIVED,none
PiePlot.java,org.jfree.chart.plot.PiePlot,org.pitest.mutationtest.engine.gregor.mutators.VoidMethodCallMutator,drawRightLabels,2665,SURVIVED,none
PiePlot.java,org.jfree.chart.plot.PiePlot,org.pitest.mutationtest.engine.gregor.mutators.ConditionalsBoundaryMutator,drawSimpleLabels,2420,NO_COVERAGE,none
PiePlot.java,org.jfree.chart.plot.PiePlot,org.pitest.mutationtest.engine.gregor.mutators.ConditionalsBoundaryMutator,drawSimpleLabels,2420,NO_COVERAGE,none
PiePlot.java,org.jfree.chart.plot.PiePlot,org.pitest.mutationtest.engine.gregor.mutators.MathMutator,drawSimpleLabels,2424,NO_COVERAGE,none
PiePlot.java,org.jfree.chart.plot.PiePlot,org.pitest.mutationtest.engine.gregor.mutators.MathMutator,drawSimpleLabels,2427,NO_COVERAGE,none
PiePlot.java,org.jfree.chart.plot.PiePlot,org.pitest.mutationtest.engine.gregor.mutators.MathMutator,drawSimpleLabels,2427,NO_COVERAGE,none
PiePlot.java,org.jfree.chart.plot.PiePlot,org.pitest.mutationtest.engine.gregor.mutators.MathMutator,drawSimpleLabels,2427,NO_COVERAGE,none
PiePlot.java,org.jfree.chart.plot.PiePlot,org.pitest.mutationtest.engine.gregor.mutators.MathMutator,drawSimpleLabels,2427,NO_COVERAGE,none
PiePlot.java,org.jfree.chart.plot.PiePlot,org.pitest.mutationtest.engine.gregor.mutators.MathMutator,drawSimpleLabels,2427,NO_COVERAGE,none
PiePlot.java,org.jfree.chart.plot.PiePlot,org.pitest.mutationtest.engine.gregor.mutators.MathMutator,drawSimpleLabels,2427,NO_COVERAGE,none
PiePlot.java,org.jfree.chart.plot.PiePlot,org.pitest.mutationtest.engine.gregor.mutators.MathMutator,drawSimpleLabels,2431,NO_COVERAGE,none
PiePlot.java,org.jfree.chart.plot.PiePlot,org.pitest.mutationtest.engine.gregor.mutators.MathMutator,drawSimpleLabels,2450,NO_COVERAGE,none
PiePlot.java,org.jfree.chart.plot.PiePlot,org.pitest.mutationtest.engine.gregor.mutators.MathMutator,drawSimpleLabels,2450,NO_COVERAGE,none
PiePlot.java,org.jfree.chart.plot.PiePlot,org.pitest.mutationtest.engine.gregor.mutators.NegateConditionalsMutator,drawSimpleLabels,2415,NO_COVERAGE,none
PiePlot.java,org.jfree.chart.plot.PiePlot,org.pitest.mutationtest.engine.gregor.mutators.NegateConditionalsMutator,drawSimpleLabels,2416,NO_COVERAGE,none
PiePlot.java,org.jfree.chart.plot.PiePlot,org.pitest.mutationtest.engine.gregor.mutators.NegateConditionalsMutator,drawSimpleLabels,2420,NO_COVERAGE,none
PiePlot.java,org.jfree.chart.plot.PiePlot,org.pitest.mutationtest.engine.gregor.mutators.NegateConditionalsMutator,drawSimpleLabels,2420,NO_COVERAGE,none
PiePlot.java,org.jfree.chart.plot.PiePlot,org.pitest.mutationtest.engine.gregor.mutators.NegateConditionalsMutator,drawSimpleLabels,2420,NO_COVERAGE,none
PiePlot.java,org.jfree.chart.plot.PiePlot,org.pitest.mutationtest.engine.gregor.mutators.NegateConditionalsMutator,drawSimpleLabels,2423,NO_COVERAGE,none
PiePlot.java,org.jfree.chart.plot.PiePlot,org.pitest.mutationtest.engine.gregor.mutators.NegateConditionalsMutator,drawSimpleLabels,2436,NO_COVERAGE,none
PiePlot.java,org.jfree.chart.plot.PiePlot,org.pitest.mutationtest.engine.gregor.mutators.NegateConditionalsMutator,drawSimpleLabels,2441,NO_COVERAGE,none
PiePlot.java,org.jfree.chart.plot.PiePlot,org.pitest.mutationtest.engine.gregor.mutators.NegateConditionalsMutator,drawSimpleLabels,2451,NO_COVERAGE,none
PiePlot.java,org.jfree.chart.plot.PiePlot,org.pitest.mutationtest.engine.gregor.mutators.NegateConditionalsMutator,drawSimpleLabels,2451,NO_COVERAGE,none
PiePlot.java,org.jfree.chart.plot.PiePlot,org.pitest.mutationtest.engine.gregor.mutators.NegateConditionalsMutator,drawSimpleLabels,2458,NO_COVERAGE,none
PiePlot.java,org.jfree.chart.plot.PiePlot,org.pitest.mutationtest.engine.gregor.mutators.NegateConditionalsMutator,drawSimpleLabels,2462,NO_COVERAGE,none
PiePlot.java,org.jfree.chart.plot.PiePlot,org.pitest.mutationtest.engine.gregor.mutators.NegateConditionalsMutator,drawSimpleLabels,2462,NO_COVERAGE,none
PiePlot.java,org.jfree.chart.plot.PiePlot,org.pitest.mutationtest.engine.gregor.mutators.VoidMethodCallMutator,drawSimpleLabels,2405,NO_COVERAGE,none
PiePlot.java,org.jfree.chart.plot.PiePlot,org.pitest.mutationtest.engine.gregor.mutators.VoidMethodCallMutator,drawSimpleLabels,2444,NO_COVERAGE,none
PiePlot.java,org.jfree.chart.plot.PiePlot,org.pitest.mutationtest.engine.gregor.mutators.VoidMethodCallMutator,drawSimpleLabels,2455,NO_COVERAGE,none
PiePlot.java,org.jfree.chart.plot.PiePlot,org.pitest.mutationtest.engine.gregor.mutators.VoidMethodCallMutator,drawSimpleLabels,2456,NO_COVERAGE,none
PiePlot.java,org.jfree.chart.plot.PiePlot,org.pitest.mutationtest.engine.gregor.mutators.VoidMethodCallMutator,drawSimpleLabels,2459,NO_COVERAGE,none
PiePlot.java,org.jfree.chart.plot.PiePlot,org.pitest.mutationtest.engine.gregor.mutators.VoidMethodCallMutator,drawSimpleLabels,2460,NO_COVERAGE,none
PiePlot.java,org.jfree.chart.plot.PiePlot,org.pitest.mutationtest.engine.gregor.mutators.VoidMethodCallMutator,drawSimpleLabels,2464,NO_COVERAGE,none
PiePlot.java,org.jfree.chart.plot.PiePlot,org.pitest.mutationtest.engine.gregor.mutators.VoidMethodCallMutator,drawSimpleLabels,2465,NO_COVERAGE,none
PiePlot.java,org.jfree.chart.plot.PiePlot,org.pitest.mutationtest.engine.gregor.mutators.VoidMethodCallMutator,drawSimpleLabels,2466,NO_COVERAGE,none
PiePlot.java,org.jfree.chart.plot.PiePlot,org.pitest.mutationtest.engine.gregor.mutators.VoidMethodCallMutator,drawSimpleLabels,2469,NO_COVERAGE,none
PiePlot.java,org.jfree.chart.plot.PiePlot,org.pitest.mutationtest.engine.gregor.mutators.VoidMethodCallMutator,drawSimpleLabels,2470,NO_COVERAGE,none
PiePlot.java,org.jfree.chart.plot.PiePlot,org.pitest.mutationtest.engine.gregor.mutators.VoidMethodCallMutator,drawSimpleLabels,2477,NO_COVERAGE,none
PiePlot.java,org.jfree.chart.plot.PiePlot,org.pitest.mutationtest.engine.gregor.mutators.NegateConditionalsMutator,equals,2976,KILLED,org.jfree.chart.plot.PiePlotTest.[engine:junit-jupiter]/[class:org.jfree.chart.plot.PiePlotTest]/[method:testBug1126_e()]
PiePlot.java,org.jfree.chart.plot.PiePlot,org.pitest.mutationtest.engine.gregor.mutators.NegateConditionalsMutator,equals,2979,KILLED,org.jfree.chart.plot.PiePlotTest.[engine:junit-jupiter]/[class:org.jfree.chart.plot.PiePlotTest]/[method:testCloning()]
PiePlot.java,org.jfree.chart.plot.PiePlot,org.pitest.mutationtest.engine.gregor.mutators.NegateConditionalsMutator,equals,2982,KILLED,org.jfree.chart.plot.PiePlotTest.[engine:junit-jupiter]/[class:org.jfree.chart.plot.PiePlotTest]/[method:testCloning()]
PiePlot.java,org.jfree.chart.plot.PiePlot,org.pitest.mutationtest.engine.gregor.mutators.NegateConditionalsMutator,equals,2986,KILLED,org.jfree.chart.plot.PiePlotTest.[engine:junit-jupiter]/[class:org.jfree.chart.plot.PiePlotTest]/[method:testCloning()]
PiePlot.java,org.jfree.chart.plot.PiePlot,org.pitest.mutationtest.engine.gregor.mutators.NegateConditionalsMutator,equals,2989,KILLED,org.jfree.chart.plot.PiePlotTest.[engine:junit-jupiter]/[class:org.jfree.chart.plot.PiePlotTest]/[method:testCloning()]
PiePlot.java,org.jfree.chart.plot.PiePlot,org.pitest.mutationtest.engine.gregor.mutators.NegateConditionalsMutator,equals,2992,KILLED,org.jfree.chart.plot.PiePlotTest.[engine:junit-jupiter]/[class:org.jfree.chart.plot.PiePlotTest]/[method:testCloning()]
PiePlot.java,org.jfree.chart.plot.PiePlot,org.pitest.mutationtest.engine.gregor.mutators.NegateConditionalsMutator,equals,2995,KILLED,org.jfree.chart.plot.PiePlotTest.[engine:junit-jupiter]/[class:org.jfree.chart.plot.PiePlotTest]/[method:testCloning()]
PiePlot.java,org.jfree.chart.plot.PiePlot,org.pitest.mutationtest.engine.gregor.mutators.NegateConditionalsMutator,equals,2998,KILLED,org.jfree.chart.plot.PiePlotTest.[engine:junit-jupiter]/[class:org.jfree.chart.plot.PiePlotTest]/[method:testCloning()]
PiePlot.java,org.jfree.chart.plot.PiePlot,org.pitest.mutationtest.engine.gregor.mutators.NegateConditionalsMutator,equals,3001,KILLED,org.jfree.chart.plot.PiePlotTest.[engine:junit-jupiter]/[class:org.jfree.chart.plot.PiePlotTest]/[method:testCloning()]
PiePlot.java,org.jfree.chart.plot.PiePlot,org.pitest.mutationtest.engine.gregor.mutators.NegateConditionalsMutator,equals,3004,KILLED,org.jfree.chart.plot.PiePlotTest.[engine:junit-jupiter]/[class:org.jfree.chart.plot.PiePlotTest]/[method:testCloning()]
PiePlot.java,org.jfree.chart.plot.PiePlot,org.pitest.mutationtest.engine.gregor.mutators.NegateConditionalsMutator,equals,3007,KILLED,org.jfree.chart.plot.PiePlotTest.[engine:junit-jupiter]/[class:org.jfree.chart.plot.PiePlotTest]/[method:testCloning()]
PiePlot.java,org.jfree.chart.plot.PiePlot,org.pitest.mutationtest.engine.gregor.mutators.NegateConditionalsMutator,equals,3011,KILLED,org.jfree.chart.plot.PiePlotTest.[engine:junit-jupiter]/[class:org.jfree.chart.plot.PiePlotTest]/[method:testCloning()]
PiePlot.java,org.jfree.chart.plot.PiePlot,org.pitest.mutationtest.engine.gregor.mutators.NegateConditionalsMutator,equals,3015,KILLED,org.jfree.chart.plot.PiePlotTest.[engine:junit-jupiter]/[class:org.jfree.chart.plot.PiePlotTest]/[method:testCloning()]
PiePlot.java,org.jfree.chart.plot.PiePlot,org.pitest.mutationtest.engine.gregor.mutators.NegateConditionalsMutator,equals,3018,KILLED,org.jfree.chart.plot.PiePlotTest.[engine:junit-jupiter]/[class:org.jfree.chart.plot.PiePlotTest]/[method:testCloning()]
PiePlot.java,org.jfree.chart.plot.PiePlot,org.pitest.mutationtest.engine.gregor.mutators.NegateConditionalsMutator,equals,3022,KILLED,org.jfree.chart.plot.PiePlotTest.[engine:junit-jupiter]/[class:org.jfree.chart.plot.PiePlotTest]/[method:testCloning()]
PiePlot.java,org.jfree.chart.plot.PiePlot,org.pitest.mutationtest.engine.gregor.mutators.NegateConditionalsMutator,equals,3026,KILLED,org.jfree.chart.plot.PiePlotTest.[engine:junit-jupiter]/[class:org.jfree.chart.plot.PiePlotTest]/[method:testCloning()]
PiePlot.java,org.jfree.chart.plot.PiePlot,org.pitest.mutationtest.engine.gregor.mutators.NegateConditionalsMutator,equals,3030,KILLED,org.jfree.chart.plot.PiePlotTest.[engine:junit-jupiter]/[class:org.jfree.chart.plot.PiePlotTest]/[method:testCloning()]
PiePlot.java,org.jfree.chart.plot.PiePlot,org.pitest.mutationtest.engine.gregor.mutators.NegateConditionalsMutator,equals,3034,KILLED,org.jfree.chart.plot.PiePlotTest.[engine:junit-jupiter]/[class:org.jfree.chart.plot.PiePlotTest]/[method:testCloning()]
PiePlot.java,org.jfree.chart.plot.PiePlot,org.pitest.mutationtest.engine.gregor.mutators.NegateConditionalsMutator,equals,3037,KILLED,org.jfree.chart.plot.PiePlotTest.[engine:junit-jupiter]/[class:org.jfree.chart.plot.PiePlotTest]/[method:testCloning()]
PiePlot.java,org.jfree.chart.plot.PiePlot,org.pitest.mutationtest.engine.gregor.mutators.NegateConditionalsMutator,equals,3040,KILLED,org.jfree.chart.plot.PiePlotTest.[engine:junit-jupiter]/[class:org.jfree.chart.plot.PiePlotTest]/[method:testCloning()]
PiePlot.java,org.jfree.chart.plot.PiePlot,org.pitest.mutationtest.engine.gregor.mutators.NegateConditionalsMutator,equals,3043,KILLED,org.jfree.chart.plot.PiePlotTest.[engine:junit-jupiter]/[class:org.jfree.chart.plot.PiePlotTest]/[method:testCloning()]
PiePlot.java,org.jfree.chart.plot.PiePlot,org.pitest.mutationtest.engine.gregor.mutators.NegateConditionalsMutator,equals,3047,KILLED,org.jfree.chart.plot.PiePlotTest.[engine:junit-jupiter]/[class:org.jfree.chart.plot.PiePlotTest]/[method:testBug1126_e()]
PiePlot.java,org.jfree.chart.plot.PiePlot,org.pitest.mutationtest.engine.gregor.mutators.NegateConditionalsMutator,equals,3051,KILLED,org.jfree.chart.plot.PiePlotTest.[engine:junit-jupiter]/[class:org.jfree.chart.plot.PiePlotTest]/[method:testCloning()]
PiePlot.java,org.jfree.chart.plot.PiePlot,org.pitest.mutationtest.engine.gregor.mutators.NegateConditionalsMutator,equals,3054,KILLED,org.jfree.chart.plot.PiePlotTest.[engine:junit-jupiter]/[class:org.jfree.chart.plot.PiePlotTest]/[method:testCloning()]
PiePlot.java,org.jfree.chart.plot.PiePlot,org.pitest.mutationtest.engine.gregor.mutators.NegateConditionalsMutator,equals,3057,KILLED,org.jfree.chart.plot.PiePlotTest.[engine:junit-jupiter]/[class:org.jfree.chart.plot.PiePlotTest]/[method:testCloning()]
PiePlot.java,org.jfree.chart.plot.PiePlot,org.pitest.mutationtest.engine.gregor.mutators.NegateConditionalsMutator,equals,3061,KILLED,org.jfree.chart.plot.PiePlotTest.[engine:junit-jupiter]/[class:org.jfree.chart.plot.PiePlotTest]/[method:testCloning()]
PiePlot.java,org.jfree.chart.plot.PiePlot,org.pitest.mutationtest.engine.gregor.mutators.NegateConditionalsMutator,equals,3065,KILLED,org.jfree.chart.plot.PiePlotTest.[engine:junit-jupiter]/[class:org.jfree.chart.plot.PiePlotTest]/[method:testCloning()]
PiePlot.java,org.jfree.chart.plot.PiePlot,org.pitest.mutationtest.engine.gregor.mutators.NegateConditionalsMutator,equals,3069,KILLED,org.jfree.chart.plot.PiePlotTest.[engine:junit-jupiter]/[class:org.jfree.chart.plot.PiePlotTest]/[method:testCloning()]
PiePlot.java,org.jfree.chart.plot.PiePlot,org.pitest.mutationtest.engine.gregor.mutators.NegateConditionalsMutator,equals,3073,KILLED,org.jfree.chart.plot.PiePlotTest.[engine:junit-jupiter]/[class:org.jfree.chart.plot.PiePlotTest]/[method:testCloning()]
PiePlot.java,org.jfree.chart.plot.PiePlot,org.pitest.mutationtest.engine.gregor.mutators.NegateConditionalsMutator,equals,3076,KILLED,org.jfree.chart.plot.PiePlotTest.[engine:junit-jupiter]/[class:org.jfree.chart.plot.PiePlotTest]/[method:testCloning()]
PiePlot.java,org.jfree.chart.plot.PiePlot,org.pitest.mutationtest.engine.gregor.mutators.NegateConditionalsMutator,equals,3079,KILLED,org.jfree.chart.plot.PiePlotTest.[engine:junit-jupiter]/[class:org.jfree.chart.plot.PiePlotTest]/[method:testCloning()]
PiePlot.java,org.jfree.chart.plot.PiePlot,org.pitest.mutationtest.engine.gregor.mutators.NegateConditionalsMutator,equals,3082,KILLED,org.jfree.chart.plot.PiePlotTest.[engine:junit-jupiter]/[class:org.jfree.chart.plot.PiePlotTest]/[method:testCloning()]
PiePlot.java,org.jfree.chart.plot.PiePlot,org.pitest.mutationtest.engine.gregor.mutators.NegateConditionalsMutator,equals,3085,KILLED,org.jfree.chart.plot.PiePlotTest.[engine:junit-jupiter]/[class:org.jfree.chart.plot.PiePlotTest]/[method:testCloning()]
PiePlot.java,org.jfree.chart.plot.PiePlot,org.pitest.mutationtest.engine.gregor.mutators.NegateConditionalsMutator,equals,3088,KILLED,org.jfree.chart.plot.PiePlotTest.[engine:junit-jupiter]/[class:org.jfree.chart.plot.PiePlotTest]/[method:testCloning()]
PiePlot.java,org.jfree.chart.plot.PiePlot,org.pitest.mutationtest.engine.gregor.mutators.NegateConditionalsMutator,equals,3091,KILLED,org.jfree.chart.plot.PiePlotTest.[engine:junit-jupiter]/[class:org.jfree.chart.plot.PiePlotTest]/[method:testCloning()]
PiePlot.java,org.jfree.chart.plot.PiePlot,org.pitest.mutationtest.engine.gregor.mutators.NegateConditionalsMutator,equals,3094,KILLED,org.jfree.chart.plot.PiePlotTest.[engine:junit-jupiter]/[class:org.jfree.chart.plot.PiePlotTest]/[method:testCloning()]
PiePlot.java,org.jfree.chart.plot.PiePlot,org.pitest.mutationtest.engine.gregor.mutators.NegateConditionalsMutator,equals,3097,KILLED,org.jfree.chart.plot.PiePlotTest.[engine:junit-jupiter]/[class:org.jfree.chart.plot.PiePlotTest]/[method:testCloning()]
PiePlot.java,org.jfree.chart.plot.PiePlot,org.pitest.mutationtest.engine.gregor.mutators.NegateConditionalsMutator,equals,3100,KILLED,org.jfree.chart.plot.PiePlotTest.[engine:junit-jupiter]/[class:org.jfree.chart.plot.PiePlotTest]/[method:testCloning()]
PiePlot.java,org.jfree.chart.plot.PiePlot,org.pitest.mutationtest.engine.gregor.mutators.NegateConditionalsMutator,equals,3104,KILLED,org.jfree.chart.plot.PiePlotTest.[engine:junit-jupiter]/[class:org.jfree.chart.plot.PiePlotTest]/[method:testCloning()]
PiePlot.java,org.jfree.chart.plot.PiePlot,org.pitest.mutationtest.engine.gregor.mutators.NegateConditionalsMutator,equals,3108,KILLED,org.jfree.chart.plot.PiePlotTest.[engine:junit-jupiter]/[class:org.jfree.chart.plot.PiePlotTest]/[method:testCloning()]
PiePlot.java,org.jfree.chart.plot.PiePlot,org.pitest.mutationtest.engine.gregor.mutators.NegateConditionalsMutator,equals,3111,KILLED,org.jfree.chart.plot.PiePlotTest.[engine:junit-jupiter]/[class:org.jfree.chart.plot.PiePlotTest]/[method:testCloning()]
PiePlot.java,org.jfree.chart.plot.PiePlot,org.pitest.mutationtest.engine.gregor.mutators.NegateConditionalsMutator,equals,3114,KILLED,org.jfree.chart.plot.PiePlotTest.[engine:junit-jupiter]/[class:org.jfree.chart.plot.PiePlotTest]/[method:testCloning()]
PiePlot.java,org.jfree.chart.plot.PiePlot,org.pitest.mutationtest.engine.gregor.mutators.NegateConditionalsMutator,equals,3117,KILLED,org.jfree.chart.plot.PiePlotTest.[engine:junit-jupiter]/[class:org.jfree.chart.plot.PiePlotTest]/[method:testCloning()]
PiePlot.java,org.jfree.chart.plot.PiePlot,org.pitest.mutationtest.engine.gregor.mutators.NegateConditionalsMutator,equals,3121,KILLED,org.jfree.chart.plot.PiePlotTest.[engine:junit-jupiter]/[class:org.jfree.chart.plot.PiePlotTest]/[method:testCloning()]
PiePlot.java,org.jfree.chart.plot.PiePlot,org.pitest.mutationtest.engine.gregor.mutators.NegateConditionalsMutator,equals,3125,KILLED,org.jfree.chart.plot.PiePlotTest.[engine:junit-jupiter]/[class:org.jfree.chart.plot.PiePlotTest]/[method:testCloning()]
PiePlot.java,org.jfree.chart.plot.PiePlot,org.pitest.mutationtest.engine.gregor.mutators.NegateConditionalsMutator,equals,3129,KILLED,org.jfree.chart.plot.PiePlotTest.[engine:junit-jupiter]/[class:org.jfree.chart.plot.PiePlotTest]/[method:testCloning()]
PiePlot.java,org.jfree.chart.plot.PiePlot,org.pitest.mutationtest.engine.gregor.mutators.NegateConditionalsMutator,equals,3132,KILLED,org.jfree.chart.plot.PiePlotTest.[engine:junit-jupiter]/[class:org.jfree.chart.plot.PiePlotTest]/[method:testCloning()]
PiePlot.java,org.jfree.chart.plot.PiePlot,org.pitest.mutationtest.engine.gregor.mutators.NegateConditionalsMutator,equals,3136,KILLED,org.jfree.chart.plot.PiePlotTest.[engine:junit-jupiter]/[class:org.jfree.chart.plot.PiePlotTest]/[method:testCloning()]
PiePlot.java,org.jfree.chart.plot.PiePlot,org.pitest.mutationtest.engine.gregor.mutators.NegateConditionalsMutator,equals,3140,KILLED,org.jfree.chart.plot.PiePlotTest.[engine:junit-jupiter]/[class:org.jfree.chart.plot.PiePlotTest]/[method:testCloning()]
PiePlot.java,org.jfree.chart.plot.PiePlot,org.pitest.mutationtest.engine.gregor.mutators.returns.BooleanFalseReturnValsMutator,equals,2977,SURVIVED,none
PiePlot.java,org.jfree.chart.plot.PiePlot,org.pitest.mutationtest.engine.gregor.mutators.returns.BooleanFalseReturnValsMutator,equals,3145,KILLED,org.jfree.chart.plot.PiePlotTest.[engine:junit-jupiter]/[class:org.jfree.chart.plot.PiePlotTest]/[method:testCloning()]
PiePlot.java,org.jfree.chart.plot.PiePlot,org.pitest.mutationtest.engine.gregor.mutators.returns.BooleanTrueReturnValsMutator,equals,2980,NO_COVERAGE,none
PiePlot.java,org.jfree.chart.plot.PiePlot,org.pitest.mutationtest.engine.gregor.mutators.returns.BooleanTrueReturnValsMutator,equals,2983,KILLED,org.jfree.chart.plot.PlotTest.[engine:junit-jupiter]/[class:org.jfree.chart.plot.PlotTest]/[method:testEquals()]
PiePlot.java,org.jfree.chart.plot.PiePlot,org.pitest.mutationtest.engine.gregor.mutators.returns.BooleanTrueReturnValsMutator,equals,2987,KILLED,org.jfree.chart.plot.PiePlotTest.[engine:junit-jupiter]/[class:org.jfree.chart.plot.PiePlotTest]/[method:testEquals()]
PiePlot.java,org.jfree.chart.plot.PiePlot,org.pitest.mutationtest.engine.gregor.mutators.returns.BooleanTrueReturnValsMutator,equals,2990,KILLED,org.jfree.chart.plot.PiePlotTest.[engine:junit-jupiter]/[class:org.jfree.chart.plot.PiePlotTest]/[method:testEquals()]
PiePlot.java,org.jfree.chart.plot.PiePlot,org.pitest.mutationtest.engine.gregor.mutators.returns.BooleanTrueReturnValsMutator,equals,2993,KILLED,org.jfree.chart.plot.PiePlotTest.[engine:junit-jupiter]/[class:org.jfree.chart.plot.PiePlotTest]/[method:testEquals()]
PiePlot.java,org.jfree.chart.plot.PiePlot,org.pitest.mutationtest.engine.gregor.mutators.returns.BooleanTrueReturnValsMutator,equals,2996,KILLED,org.jfree.chart.plot.PiePlotTest.[engine:junit-jupiter]/[class:org.jfree.chart.plot.PiePlotTest]/[method:testEquals()]
PiePlot.java,org.jfree.chart.plot.PiePlot,org.pitest.mutationtest.engine.gregor.mutators.returns.BooleanTrueReturnValsMutator,equals,2999,KILLED,org.jfree.chart.plot.PiePlotTest.[engine:junit-jupiter]/[class:org.jfree.chart.plot.PiePlotTest]/[method:testEquals()]
PiePlot.java,org.jfree.chart.plot.PiePlot,org.pitest.mutationtest.engine.gregor.mutators.returns.BooleanTrueReturnValsMutator,equals,3002,KILLED,org.jfree.chart.plot.PiePlotTest.[engine:junit-jupiter]/[class:org.jfree.chart.plot.PiePlotTest]/[method:testEquals()]
PiePlot.java,org.jfree.chart.plot.PiePlot,org.pitest.mutationtest.engine.gregor.mutators.returns.BooleanTrueReturnValsMutator,equals,3005,KILLED,org.jfree.chart.plot.PiePlotTest.[engine:junit-jupiter]/[class:org.jfree.chart.plot.PiePlotTest]/[method:testEquals()]
PiePlot.java,org.jfree.chart.plot.PiePlot,org.pitest.mutationtest.engine.gregor.mutators.returns.BooleanTrueReturnValsMutator,equals,3009,KILLED,org.jfree.chart.plot.PiePlotTest.[engine:junit-jupiter]/[class:org.jfree.chart.plot.PiePlotTest]/[method:testEquals()]
PiePlot.java,org.jfree.chart.plot.PiePlot,org.pitest.mutationtest.engine.gregor.mutators.returns.BooleanTrueReturnValsMutator,equals,3013,KILLED,org.jfree.chart.plot.PiePlotTest.[engine:junit-jupiter]/[class:org.jfree.chart.plot.PiePlotTest]/[method:testEquals()]
PiePlot.java,org.jfree.chart.plot.PiePlot,org.pitest.mutationtest.engine.gregor.mutators.returns.BooleanTrueReturnValsMutator,equals,3016,KILLED,org.jfree.chart.plot.PiePlotTest.[engine:junit-jupiter]/[class:org.jfree.chart.plot.PiePlotTest]/[method:testEquals()]
PiePlot.java,org.jfree.chart.plot.PiePlot,org.pitest.mutationtest.engine.gregor.mutators.returns.BooleanTrueReturnValsMutator,equals,3020,KILLED,org.jfree.chart.plot.PiePlotTest.[engine:junit-jupiter]/[class:org.jfree.chart.plot.PiePlotTest]/[method:testEquals()]
PiePlot.java,org.jfree.chart.plot.PiePlot,org.pitest.mutationtest.engine.gregor.mutators.returns.BooleanTrueReturnValsMutator,equals,3024,KILLED,org.jfree.chart.plot.PiePlotTest.[engine:junit-jupiter]/[class:org.jfree.chart.plot.PiePlotTest]/[method:testEquals()]
PiePlot.java,org.jfree.chart.plot.PiePlot,org.pitest.mutationtest.engine.gregor.mutators.returns.BooleanTrueReturnValsMutator,equals,3028,KILLED,org.jfree.chart.plot.PiePlotTest.[engine:junit-jupiter]/[class:org.jfree.chart.plot.PiePlotTest]/[method:testEquals()]
PiePlot.java,org.jfree.chart.plot.PiePlot,org.pitest.mutationtest.engine.gregor.mutators.returns.BooleanTrueReturnValsMutator,equals,3032,KILLED,org.jfree.chart.plot.PiePlotTest.[engine:junit-jupiter]/[class:org.jfree.chart.plot.PiePlotTest]/[method:testEquals()]
PiePlot.java,org.jfree.chart.plot.PiePlot,org.pitest.mutationtest.engine.gregor.mutators.returns.BooleanTrueReturnValsMutator,equals,3035,KILLED,org.jfree.chart.plot.PiePlotTest.[engine:junit-jupiter]/[class:org.jfree.chart.plot.PiePlotTest]/[method:testEquals()]
PiePlot.java,org.jfree.chart.plot.PiePlot,org.pitest.mutationtest.engine.gregor.mutators.returns.BooleanTrueReturnValsMutator,equals,3038,KILLED,org.jfree.chart.plot.PiePlotTest.[engine:junit-jupiter]/[class:org.jfree.chart.plot.PiePlotTest]/[method:testEquals()]
PiePlot.java,org.jfree.chart.plot.PiePlot,org.pitest.mutationtest.engine.gregor.mutators.returns.BooleanTrueReturnValsMutator,equals,3041,KILLED,org.jfree.chart.plot.PiePlotTest.[engine:junit-jupiter]/[class:org.jfree.chart.plot.PiePlotTest]/[method:testEquals()]
PiePlot.java,org.jfree.chart.plot.PiePlot,org.pitest.mutationtest.engine.gregor.mutators.returns.BooleanTrueReturnValsMutator,equals,3045,KILLED,org.jfree.chart.plot.PiePlotTest.[engine:junit-jupiter]/[class:org.jfree.chart.plot.PiePlotTest]/[method:testEquals()]
PiePlot.java,org.jfree.chart.plot.PiePlot,org.pitest.mutationtest.engine.gregor.mutators.returns.BooleanTrueReturnValsMutator,equals,3049,KILLED,org.jfree.chart.plot.PiePlotTest.[engine:junit-jupiter]/[class:org.jfree.chart.plot.PiePlotTest]/[method:testBug1126_e()]
PiePlot.java,org.jfree.chart.plot.PiePlot,org.pitest.mutationtest.engine.gregor.mutators.returns.BooleanTrueReturnValsMutator,equals,3052,KILLED,org.jfree.chart.plot.PiePlotTest.[engine:junit-jupiter]/[class:org.jfree.chart.plot.PiePlotTest]/[method:testEquals()]
PiePlot.java,org.jfree.chart.plot.PiePlot,org.pitest.mutationtest.engine.gregor.mutators.returns.BooleanTrueReturnValsMutator,equals,3055,KILLED,org.jfree.chart.plot.PiePlotTest.[engine:junit-jupiter]/[class:org.jfree.chart.plot.PiePlotTest]/[method:testEquals()]
PiePlot.java,org.jfree.chart.plot.PiePlot,org.pitest.mutationtest.engine.gregor.mutators.returns.BooleanTrueReturnValsMutator,equals,3059,KILLED,org.jfree.chart.plot.PiePlotTest.[engine:junit-jupiter]/[class:org.jfree.chart.plot.PiePlotTest]/[method:testEquals()]
PiePlot.java,org.jfree.chart.plot.PiePlot,org.pitest.mutationtest.engine.gregor.mutators.returns.BooleanTrueReturnValsMutator,equals,3063,KILLED,org.jfree.chart.plot.PiePlotTest.[engine:junit-jupiter]/[class:org.jfree.chart.plot.PiePlotTest]/[method:testEquals()]
PiePlot.java,org.jfree.chart.plot.PiePlot,org.pitest.mutationtest.engine.gregor.mutators.returns.BooleanTrueReturnValsMutator,equals,3067,KILLED,org.jfree.chart.plot.PiePlotTest.[engine:junit-jupiter]/[class:org.jfree.chart.plot.PiePlotTest]/[method:testEquals()]
PiePlot.java,org.jfree.chart.plot.PiePlot,org.pitest.mutationtest.engine.gregor.mutators.returns.BooleanTrueReturnValsMutator,equals,3071,KILLED,org.jfree.chart.plot.PiePlotTest.[engine:junit-jupiter]/[class:org.jfree.chart.plot.PiePlotTest]/[method:testEquals()]
PiePlot.java,org.jfree.chart.plot.PiePlot,org.pitest.mutationtest.engine.gregor.mutators.returns.BooleanTrueReturnValsMutator,equals,3074,NO_COVERAGE,none
PiePlot.java,org.jfree.chart.plot.PiePlot,org.pitest.mutationtest.engine.gregor.mutators.returns.BooleanTrueReturnValsMutator,equals,3077,NO_COVERAGE,none
PiePlot.java,org.jfree.chart.plot.PiePlot,org.pitest.mutationtest.engine.gregor.mutators.returns.BooleanTrueReturnValsMutator,equals,3080,NO_COVERAGE,none
PiePlot.java,org.jfree.chart.plot.PiePlot,org.pitest.mutationtest.engine.gregor.mutators.returns.BooleanTrueReturnValsMutator,equals,3083,KILLED,org.jfree.chart.plot.PiePlotTest.[engine:junit-jupiter]/[class:org.jfree.chart.plot.PiePlotTest]/[method:testEquals()]
PiePlot.java,org.jfree.chart.plot.PiePlot,org.pitest.mutationtest.engine.gregor.mutators.returns.BooleanTrueReturnValsMutator,equals,3086,KILLED,org.jfree.chart.plot.PiePlotTest.[engine:junit-jupiter]/[class:org.jfree.chart.plot.PiePlotTest]/[method:testEquals()]
PiePlot.java,org.jfree.chart.plot.PiePlot,org.pitest.mutationtest.engine.gregor.mutators.returns.BooleanTrueReturnValsMutator,equals,3089,KILLED,org.jfree.chart.plot.PiePlotTest.[engine:junit-jupiter]/[class:org.jfree.chart.plot.PiePlotTest]/[method:testEquals()]
PiePlot.java,org.jfree.chart.plot.PiePlot,org.pitest.mutationtest.engine.gregor.mutators.returns.BooleanTrueReturnValsMutator,equals,3092,KILLED,org.jfree.chart.plot.PiePlotTest.[engine:junit-jupiter]/[class:org.jfree.chart.plot.PiePlotTest]/[method:testEquals()]
PiePlot.java,org.jfree.chart.plot.PiePlot,org.pitest.mutationtest.engine.gregor.mutators.returns.BooleanTrueReturnValsMutator,equals,3095,KILLED,org.jfree.chart.plot.PiePlotTest.[engine:junit-jupiter]/[class:org.jfree.chart.plot.PiePlotTest]/[method:testEquals()]
PiePlot.java,org.jfree.chart.plot.PiePlot,org.pitest.mutationtest.engine.gregor.mutators.returns.BooleanTrueReturnValsMutator,equals,3098,KILLED,org.jfree.chart.plot.PiePlotTest.[engine:junit-jupiter]/[class:org.jfree.chart.plot.PiePlotTest]/[method:testEquals()]
PiePlot.java,org.jfree.chart.plot.PiePlot,org.pitest.mutationtest.engine.gregor.mutators.returns.BooleanTrueReturnValsMutator,equals,3102,KILLED,org.jfree.chart.plot.PiePlotTest.[engine:junit-jupiter]/[class:org.jfree.chart.plot.PiePlotTest]/[method:testEquals()]
PiePlot.java,org.jfree.chart.plot.PiePlot,org.pitest.mutationtest.engine.gregor.mutators.returns.BooleanTrueReturnValsMutator,equals,3106,KILLED,org.jfree.chart.plot.PiePlotTest.[engine:junit-jupiter]/[class:org.jfree.chart.plot.PiePlotTest]/[method:testEquals()]
PiePlot.java,org.jfree.chart.plot.PiePlot,org.pitest.mutationtest.engine.gregor.mutators.returns.BooleanTrueReturnValsMutator,equals,3109,KILLED,org.jfree.chart.plot.PiePlotTest.[engine:junit-jupiter]/[class:org.jfree.chart.plot.PiePlotTest]/[method:testEquals()]
PiePlot.java,org.jfree.chart.plot.PiePlot,org.pitest.mutationtest.engine.gregor.mutators.returns.BooleanTrueReturnValsMutator,equals,3112,KILLED,org.jfree.chart.plot.PiePlotTest.[engine:junit-jupiter]/[class:org.jfree.chart.plot.PiePlotTest]/[method:testEquals()]
PiePlot.java,org.jfree.chart.plot.PiePlot,org.pitest.mutationtest.engine.gregor.mutators.returns.BooleanTrueReturnValsMutator,equals,3115,KILLED,org.jfree.chart.plot.PiePlotTest.[engine:junit-jupiter]/[class:org.jfree.chart.plot.PiePlotTest]/[method:testCloning_LegendItemShape()]
PiePlot.java,org.jfree.chart.plot.PiePlot,org.pitest.mutationtest.engine.gregor.mutators.returns.BooleanTrueReturnValsMutator,equals,3119,KILLED,org.jfree.chart.plot.PiePlotTest.[engine:junit-jupiter]/[class:org.jfree.chart.plot.PiePlotTest]/[method:testCloning_LegendLabelGenerator()]
PiePlot.java,org.jfree.chart.plot.PiePlot,org.pitest.mutationtest.engine.gregor.mutators.returns.BooleanTrueReturnValsMutator,equals,3123,KILLED,org.jfree.chart.plot.PiePlotTest.[engine:junit-jupiter]/[class:org.jfree.chart.plot.PiePlotTest]/[method:testCloning_LegendLabelToolTipGenerator()]
PiePlot.java,org.jfree.chart.plot.PiePlot,org.pitest.mutationtest.engine.gregor.mutators.returns.BooleanTrueReturnValsMutator,equals,3127,KILLED,org.jfree.chart.plot.PiePlotTest.[engine:junit-jupiter]/[class:org.jfree.chart.plot.PiePlotTest]/[method:testEquals()]
PiePlot.java,org.jfree.chart.plot.PiePlot,org.pitest.mutationtest.engine.gregor.mutators.returns.BooleanTrueReturnValsMutator,equals,3130,KILLED,org.jfree.chart.plot.PiePlotTest.[engine:junit-jupiter]/[class:org.jfree.chart.plot.PiePlotTest]/[method:testEquals()]
PiePlot.java,org.jfree.chart.plot.PiePlot,org.pitest.mutationtest.engine.gregor.mutators.returns.BooleanTrueReturnValsMutator,equals,3134,KILLED,org.jfree.chart.plot.PiePlotTest.[engine:junit-jupiter]/[class:org.jfree.chart.plot.PiePlotTest]/[method:testEquals()]
PiePlot.java,org.jfree.chart.plot.PiePlot,org.pitest.mutationtest.engine.gregor.mutators.returns.BooleanTrueReturnValsMutator,equals,3138,KILLED,org.jfree.chart.plot.PiePlotTest.[engine:junit-jupiter]/[class:org.jfree.chart.plot.PiePlotTest]/[method:testEquals()]
PiePlot.java,org.jfree.chart.plot.PiePlot,org.pitest.mutationtest.engine.gregor.mutators.returns.BooleanTrueReturnValsMutator,equals,3142,KILLED,org.jfree.chart.plot.PiePlotTest.[engine:junit-jupiter]/[class:org.jfree.chart.plot.PiePlotTest]/[method:testEquals()]
PiePlot.java,org.jfree.chart.plot.PiePlot,org.pitest.mutationtest.engine.gregor.mutators.MathMutator,getArcBounds,2770,SURVIVED,none
PiePlot.java,org.jfree.chart.plot.PiePlot,org.pitest.mutationtest.engine.gregor.mutators.MathMutator,getArcBounds,2773,SURVIVED,none
PiePlot.java,org.jfree.chart.plot.PiePlot,org.pitest.mutationtest.engine.gregor.mutators.MathMutator,getArcBounds,2776,SURVIVED,none
PiePlot.java,org.jfree.chart.plot.PiePlot,org.pitest.mutationtest.engine.gregor.mutators.MathMutator,getArcBounds,2776,SURVIVED,none
PiePlot.java,org.jfree.chart.plot.PiePlot,org.pitest.mutationtest.engine.gregor.mutators.MathMutator,getArcBounds,2777,SURVIVED,none
PiePlot.java,org.jfree.chart.plot.PiePlot,org.pitest.mutationtest.engine.gregor.mutators.MathMutator,getArcBounds,2777,SURVIVED,none
PiePlot.java,org.jfree.chart.plot.PiePlot,org.pitest.mutationtest.engine.gregor.mutators.MathMutator,getArcBounds,2778,SURVIVED,none
PiePlot.java,org.jfree.chart.plot.PiePlot,org.pitest.mutationtest.engine.gregor.mutators.MathMutator,getArcBounds,2779,SURVIVED,none
PiePlot.java,org.jfree.chart.plot.PiePlot,org.pitest.mutationtest.engine.gregor.mutators.NegateConditionalsMutator,getArcBounds,2767,SURVIVED,none
PiePlot.java,org.jfree.chart.plot.PiePlot,org.pitest.mutationtest.engine.gregor.mutators.returns.NullReturnValsMutator,getArcBounds,2768,KILLED,org.jfree.chart.plot.PiePlotTest.[engine:junit-jupiter]/[class:org.jfree.chart.plot.PiePlotTest]/[method:testDrawWithNullLegendLabels()]
PiePlot.java,org.jfree.chart.plot.PiePlot,org.pitest.mutationtest.engine.gregor.mutators.returns.NullReturnValsMutator,getArcBounds,2778,KILLED,org.jfree.chart.plot.PiePlotGeometryTest.[engine:junit-jupiter]/[class:org.jfree.chart.plot.PiePlotGeometryTest]/[method:testExplodedPieAreaCalculation()]
PiePlot.java,org.jfree.chart.plot.PiePlot,org.pitest.mutationtest.engine.gregor.mutators.ConditionalsBoundaryMutator,getArcCenter,2902,NO_COVERAGE,none
PiePlot.java,org.jfree.chart.plot.PiePlot,org.pitest.mutationtest.engine.gregor.mutators.MathMutator,getArcCenter,2903,NO_COVERAGE,none
PiePlot.java,org.jfree.chart.plot.PiePlot,org.pitest.mutationtest.engine.gregor.mutators.MathMutator,getArcCenter,2914,NO_COVERAGE,none
PiePlot.java,org.jfree.chart.plot.PiePlot,org.pitest.mutationtest.engine.gregor.mutators.MathMutator,getArcCenter,2914,NO_COVERAGE,none
PiePlot.java,org.jfree.chart.plot.PiePlot,org.pitest.mutationtest.engine.gregor.mutators.MathMutator,getArcCenter,2914,NO_COVERAGE,none
PiePlot.java,org.jfree.chart.plot.PiePlot,org.pitest.mutationtest.engine.gregor.mutators.MathMutator,getArcCenter,2917,NO_COVERAGE,none
PiePlot.java,org.jfree.chart.plot.PiePlot,org.pitest.mutationtest.engine.gregor.mutators.MathMutator,getArcCenter,2917,NO_COVERAGE,none
PiePlot.java,org.jfree.chart.plot.PiePlot,org.pitest.mutationtest.engine.gregor.mutators.MathMutator,getArcCenter,2917,NO_COVERAGE,none
PiePlot.java,org.jfree.chart.plot.PiePlot,org.pitest.mutationtest.engine.gregor.mutators.MathMutator,getArcCenter,2921,NO_COVERAGE,none
PiePlot.java,org.jfree.chart.plot.PiePlot,org.pitest.mutationtest.engine.gregor.mutators.MathMutator,getArcCenter,2923,NO_COVERAGE,none
PiePlot.java,org.jfree.chart.plot.PiePlot,org.pitest.mutationtest.engine.gregor.mutators.MathMutator,getArcCenter,2926,NO_COVERAGE,none
PiePlot.java,org.jfree.chart.plot.PiePlot,org.pitest.mutationtest.engine.gregor.mutators.MathMutator,getArcCenter,2929,NO_COVERAGE,none
PiePlot.java,org.jfree.chart.plot.PiePlot,org.pitest.mutationtest.engine.gregor.mutators.MathMutator,getArcCenter,2929,NO_COVERAGE,none
PiePlot.java,org.jfree.chart.plot.PiePlot,org.pitest.mutationtest.engine.gregor.mutators.MathMutator,getArcCenter,2930,NO_COVERAGE,none
PiePlot.java,org.jfree.chart.plot.PiePlot,org.pitest.mutationtest.engine.gregor.mutators.MathMutator,getArcCenter,2930,NO_COVERAGE,none
PiePlot.java,org.jfree.chart.plot.PiePlot,org.pitest.mutationtest.engine.gregor.mutators.MathMutator,getArcCenter,2932,NO_COVERAGE,none
PiePlot.java,org.jfree.chart.plot.PiePlot,org.pitest.mutationtest.engine.gregor.mutators.MathMutator,getArcCenter,2933,NO_COVERAGE,none
PiePlot.java,org.jfree.chart.plot.PiePlot,org.pitest.mutationtest.engine.gregor.mutators.NegateConditionalsMutator,getArcCenter,2902,NO_COVERAGE,none
PiePlot.java,org.jfree.chart.plot.PiePlot,org.pitest.mutationtest.engine.gregor.mutators.NegateConditionalsMutator,getArcCenter,2905,NO_COVERAGE,none
PiePlot.java,org.jfree.chart.plot.PiePlot,org.pitest.mutationtest.engine.gregor.mutators.NegateConditionalsMutator,getArcCenter,2912,NO_COVERAGE,none
PiePlot.java,org.jfree.chart.plot.PiePlot,org.pitest.mutationtest.engine.gregor.mutators.NegateConditionalsMutator,getArcCenter,2915,NO_COVERAGE,none
PiePlot.java,org.jfree.chart.plot.PiePlot,org.pitest.mutationtest.engine.gregor.mutators.returns.NullReturnValsMutator,getArcCenter,2936,NO_COVERAGE,none
PiePlot.java,org.jfree.chart.plot.PiePlot,org.pitest.mutationtest.engine.gregor.mutators.returns.BooleanFalseReturnValsMutator,getAutoPopulateSectionOutlinePaint,1075,SURVIVED,none
PiePlot.java,org.jfree.chart.plot.PiePlot,org.pitest.mutationtest.engine.gregor.mutators.returns.BooleanTrueReturnValsMutator,getAutoPopulateSectionOutlinePaint,1075,SURVIVED,none
PiePlot.java,org.jfree.chart.plot.PiePlot,org.pitest.mutationtest.engine.gregor.mutators.returns.BooleanFalseReturnValsMutator,getAutoPopulateSectionOutlineStroke,1240,SURVIVED,none
PiePlot.java,org.jfree.chart.plot.PiePlot,org.pitest.mutationtest.engine.gregor.mutators.returns.BooleanTrueReturnValsMutator,getAutoPopulateSectionOutlineStroke,1240,SURVIVED,none
PiePlot.java,org.jfree.chart.plot.PiePlot,org.pitest.mutationtest.engine.gregor.mutators.returns.BooleanFalseReturnValsMutator,getAutoPopulateSectionPaint,883,SURVIVED,none
PiePlot.java,org.jfree.chart.plot.PiePlot,org.pitest.mutationtest.engine.gregor.mutators.returns.BooleanTrueReturnValsMutator,getAutoPopulateSectionPaint,883,SURVIVED,none
PiePlot.java,org.jfree.chart.plot.PiePlot,org.pitest.mutationtest.engine.gregor.mutators.returns.NullReturnValsMutator,getDataset,477,KILLED,org.jfree.chart.plot.PiePlotTest.[engine:junit-jupiter]/[class:org.jfree.chart.plot.PiePlotTest]/[method:testDrawWithNullLegendLabels()]
PiePlot.java,org.jfree.chart.plot.PiePlot,org.pitest.mutationtest.engine.gregor.mutators.returns.NullReturnValsMutator,getDefaultSectionOutlinePaint,1051,NO_COVERAGE,none
PiePlot.java,org.jfree.chart.plot.PiePlot,org.pitest.mutationtest.engine.gregor.mutators.returns.NullReturnValsMutator,getDefaultSectionOutlineStroke,1216,NO_COVERAGE,none
PiePlot.java,org.jfree.chart.plot.PiePlot,org.pitest.mutationtest.engine.gregor.mutators.returns.NullReturnValsMutator,getDefaultSectionPaint,859,KILLED,org.jfree.chart.plot.PiePlotTest.[engine:junit-jupiter]/[class:org.jfree.chart.plot.PiePlotTest]/[method:testGetDefaultSectionPaint()]
PiePlot.java,org.jfree.chart.plot.PiePlot,org.pitest.mutationtest.engine.gregor.mutators.returns.NullReturnValsMutator,getDirection,567,KILLED,org.jfree.chart.PieChart3DTest.[engine:junit-jupiter]/[class:org.jfree.chart.PieChart3DTest]/[method:testNullValueInDataset()]
PiePlot.java,org.jfree.chart.plot.PiePlot,org.pitest.mutationtest.engine.gregor.mutators.NegateConditionalsMutator,getExplodePercent,1343,KILLED,org.jfree.chart.plot.PiePlotTest.[engine:junit-jupiter]/[class:org.jfree.chart.plot.PiePlotTest]/[method:testBug1126_d()]
PiePlot.java,org.jfree.chart.plot.PiePlot,org.pitest.mutationtest.engine.gregor.mutators.NegateConditionalsMutator,getExplodePercent,1345,KILLED,org.jfree.chart.plot.PiePlotTest.[engine:junit-jupiter]/[class:org.jfree.chart.plot.PiePlotTest]/[method:testBug1126_d()]
PiePlot.java,org.jfree.chart.plot.PiePlot,org.pitest.mutationtest.engine.gregor.mutators.returns.PrimitiveReturnsMutator,getExplodePercent,1349,KILLED,org.jfree.chart.plot.PiePlotTest.[engine:junit-jupiter]/[class:org.jfree.chart.plot.PiePlotTest]/[method:testBug1126_d()]
PiePlot.java,org.jfree.chart.plot.PiePlot,org.pitest.mutationtest.engine.gregor.mutators.returns.BooleanFalseReturnValsMutator,getIgnoreNullValues,670,NO_COVERAGE,none
PiePlot.java,org.jfree.chart.plot.PiePlot,org.pitest.mutationtest.engine.gregor.mutators.returns.BooleanTrueReturnValsMutator,getIgnoreNullValues,670,NO_COVERAGE,none
PiePlot.java,org.jfree.chart.plot.PiePlot,org.pitest.mutationtest.engine.gregor.mutators.returns.BooleanFalseReturnValsMutator,getIgnoreZeroValues,698,NO_COVERAGE,none
PiePlot.java,org.jfree.chart.plot.PiePlot,org.pitest.mutationtest.engine.gregor.mutators.returns.BooleanTrueReturnValsMutator,getIgnoreZeroValues,698,NO_COVERAGE,none
PiePlot.java,org.jfree.chart.plot.PiePlot,org.pitest.mutationtest.engine.gregor.mutators.returns.PrimitiveReturnsMutator,getInteriorGap,594,KILLED,org.jfree.chart.plot.PiePlotGeometryTest.[engine:junit-jupiter]/[class:org.jfree.chart.plot.PiePlotGeometryTest]/[method:testInteriorGapEffect()]
PiePlot.java,org.jfree.chart.plot.PiePlot,org.pitest.mutationtest.engine.gregor.mutators.returns.NullReturnValsMutator,getLabelBackgroundPaint,1664,NO_COVERAGE,none
PiePlot.java,org.jfree.chart.plot.PiePlot,org.pitest.mutationtest.engine.gregor.mutators.returns.NullReturnValsMutator,getLabelDistributor,1831,NO_COVERAGE,none
PiePlot.java,org.jfree.chart.plot.PiePlot,org.pitest.mutationtest.engine.gregor.mutators.returns.NullReturnValsMutator,getLabelFont,1614,SURVIVED,none
PiePlot.java,org.jfree.chart.plot.PiePlot,org.pitest.mutationtest.engine.gregor.mutators.returns.PrimitiveReturnsMutator,getLabelGap,1422,SURVIVED,none
PiePlot.java,org.jfree.chart.plot.PiePlot,org.pitest.mutationtest.engine.gregor.mutators.returns.NullReturnValsMutator,getLabelGenerator,1397,KILLED,org.jfree.chart.plot.PiePlotTest.[engine:junit-jupiter]/[class:org.jfree.chart.plot.PiePlotTest]/[method:testBug1126_e()]
PiePlot.java,org.jfree.chart.plot.PiePlot,org.pitest.mutationtest.engine.gregor.mutators.returns.PrimitiveReturnsMutator,getLabelLinkDepth,1603,SURVIVED,none
PiePlot.java,org.jfree.chart.plot.PiePlot,org.pitest.mutationtest.engine.gregor.mutators.returns.PrimitiveReturnsMutator,getLabelLinkMargin,1525,SURVIVED,none
PiePlot.java,org.jfree.chart.plot.PiePlot,org.pitest.mutationtest.engine.gregor.mutators.returns.NullReturnValsMutator,getLabelLinkPaint,1550,NO_COVERAGE,none
PiePlot.java,org.jfree.chart.plot.PiePlot,org.pitest.mutationtest.engine.gregor.mutators.returns.NullReturnValsMutator,getLabelLinkStroke,1576,NO_COVERAGE,none
PiePlot.java,org.jfree.chart.plot.PiePlot,org.pitest.mutationtest.engine.gregor.mutators.returns.NullReturnValsMutator,getLabelLinkStyle,1499,KILLED,org.jfree.chart.plot.PiePlotTest.[engine:junit-jupiter]/[class:org.jfree.chart.plot.PiePlotTest]/[method:testDrawWithNullLegendLabels()]
PiePlot.java,org.jfree.chart.plot.PiePlot,org.pitest.mutationtest.engine.gregor.mutators.returns.BooleanFalseReturnValsMutator,getLabelLinksVisible,1472,NO_COVERAGE,none
PiePlot.java,org.jfree.chart.plot.PiePlot,org.pitest.mutationtest.engine.gregor.mutators.returns.BooleanTrueReturnValsMutator,getLabelLinksVisible,1472,NO_COVERAGE,none
PiePlot.java,org.jfree.chart.plot.PiePlot,org.pitest.mutationtest.engine.gregor.mutators.returns.NullReturnValsMutator,getLabelOutlinePaint,1688,NO_COVERAGE,none
PiePlot.java,org.jfree.chart.plot.PiePlot,org.pitest.mutationtest.engine.gregor.mutators.returns.NullReturnValsMutator,getLabelOutlineStroke,1712,NO_COVERAGE,none
PiePlot.java,org.jfree.chart.plot.PiePlot,org.pitest.mutationtest.engine.gregor.mutators.returns.NullReturnValsMutator,getLabelPadding,1760,NO_COVERAGE,none
PiePlot.java,org.jfree.chart.plot.PiePlot,org.pitest.mutationtest.engine.gregor.mutators.returns.NullReturnValsMutator,getLabelPaint,1639,NO_COVERAGE,none
PiePlot.java,org.jfree.chart.plot.PiePlot,org.pitest.mutationtest.engine.gregor.mutators.returns.NullReturnValsMutator,getLabelShadowPaint,1736,NO_COVERAGE,none
PiePlot.java,org.jfree.chart.plot.PiePlot,org.pitest.mutationtest.engine.gregor.mutators.returns.NullReturnValsMutator,getLegendItemShape,1939,KILLED,org.jfree.chart.PieChart3DTest.[engine:junit-jupiter]/[class:org.jfree.chart.PieChart3DTest]/[method:testNullValueInDataset()]
PiePlot.java,org.jfree.chart.plot.PiePlot,org.pitest.mutationtest.engine.gregor.mutators.ConditionalsBoundaryMutator,getLegendItems,2698,SURVIVED,none
PiePlot.java,org.jfree.chart.plot.PiePlot,org.pitest.mutationtest.engine.gregor.mutators.IncrementsMutator,getLegendItems,2729,SURVIVED,none
PiePlot.java,org.jfree.chart.plot.PiePlot,org.pitest.mutationtest.engine.gregor.mutators.IncrementsMutator,getLegendItems,2732,SURVIVED,none
PiePlot.java,org.jfree.chart.plot.PiePlot,org.pitest.mutationtest.engine.gregor.mutators.NegateConditionalsMutator,getLegendItems,2680,KILLED,org.jfree.chart.plot.PiePlotTest.[engine:junit-jupiter]/[class:org.jfree.chart.plot.PiePlotTest]/[method:testGetLegendItems()]
PiePlot.java,org.jfree.chart.plot.PiePlot,org.pitest.mutationtest.engine.gregor.mutators.NegateConditionalsMutator,getLegendItems,2689,KILLED,org.jfree.chart.plot.PiePlotTest.[engine:junit-jupiter]/[class:org.jfree.chart.plot.PiePlotTest]/[method:testGetLegendItems()]
PiePlot.java,org.jfree.chart.plot.PiePlot,org.pitest.mutationtest.engine.gregor.mutators.NegateConditionalsMutator,getLegendItems,2690,KILLED,org.jfree.chart.plot.PiePlotTest.[engine:junit-jupiter]/[class:org.jfree.chart.plot.PiePlotTest]/[method:testGetLegendItems()]
PiePlot.java,org.jfree.chart.plot.PiePlot,org.pitest.mutationtest.engine.gregor.mutators.NegateConditionalsMutator,getLegendItems,2694,KILLED,org.jfree.chart.plot.PiePlotTest.[engine:junit-jupiter]/[class:org.jfree.chart.plot.PiePlotTest]/[method:testGetLegendItems()]
PiePlot.java,org.jfree.chart.plot.PiePlot,org.pitest.mutationtest.engine.gregor.mutators.NegateConditionalsMutator,getLegendItems,2695,KILLED,org.jfree.chart.plot.PiePlotTest.[engine:junit-jupiter]/[class:org.jfree.chart.plot.PiePlotTest]/[method:testGetLegendItems()]
PiePlot.java,org.jfree.chart.plot.PiePlot,org.pitest.mutationtest.engine.gregor.mutators.NegateConditionalsMutator,getLegendItems,2698,KILLED,org.jfree.chart.plot.PiePlotTest.[engine:junit-jupiter]/[class:org.jfree.chart.plot.PiePlotTest]/[method:testGetLegendItems()]
PiePlot.java,org.jfree.chart.plot.PiePlot,org.pitest.mutationtest.engine.gregor.mutators.NegateConditionalsMutator,getLegendItems,2701,KILLED,org.jfree.chart.plot.PiePlotTest.[engine:junit-jupiter]/[class:org.jfree.chart.plot.PiePlotTest]/[method:testGetLegendItems()]
PiePlot.java,org.jfree.chart.plot.PiePlot,org.pitest.mutationtest.engine.gregor.mutators.NegateConditionalsMutator,getLegendItems,2704,KILLED,org.jfree.chart.plot.PiePlotTest.[engine:junit-jupiter]/[class:org.jfree.chart.plot.PiePlotTest]/[method:testGetLegendItems()]
PiePlot.java,org.jfree.chart.plot.PiePlot,org.pitest.mutationtest.engine.gregor.mutators.NegateConditionalsMutator,getLegendItems,2707,KILLED,org.jfree.chart.plot.PiePlotTest.[engine:junit-jupiter]/[class:org.jfree.chart.plot.PiePlotTest]/[method:testGetLegendItems()]
PiePlot.java,org.jfree.chart.plot.PiePlot,org.pitest.mutationtest.engine.gregor.mutators.NegateConditionalsMutator,getLegendItems,2712,KILLED,org.jfree.chart.plot.PiePlotTest.[engine:junit-jupiter]/[class:org.jfree.chart.plot.PiePlotTest]/[method:testGetLegendItems()]
PiePlot.java,org.jfree.chart.plot.PiePlot,org.pitest.mutationtest.engine.gregor.mutators.VoidMethodCallMutator,getLegendItems,2724,SURVIVED,none
PiePlot.java,org.jfree.chart.plot.PiePlot,org.pitest.mutationtest.engine.gregor.mutators.VoidMethodCallMutator,getLegendItems,2725,SURVIVED,none
PiePlot.java,org.jfree.chart.plot.PiePlot,org.pitest.mutationtest.engine.gregor.mutators.VoidMethodCallMutator,getLegendItems,2726,SURVIVED,none
PiePlot.java,org.jfree.chart.plot.PiePlot,org.pitest.mutationtest.engine.gregor.mutators.VoidMethodCallMutator,getLegendItems,2727,KILLED,org.jfree.chart.plot.PiePlotTest.[engine:junit-jupiter]/[class:org.jfree.chart.plot.PiePlotTest]/[method:testGetLegendItems()]
PiePlot.java,org.jfree.chart.plot.PiePlot,org.pitest.mutationtest.engine.gregor.mutators.returns.NullReturnValsMutator,getLegendItems,2681,SURVIVED,none
PiePlot.java,org.jfree.chart.plot.PiePlot,org.pitest.mutationtest.engine.gregor.mutators.returns.NullReturnValsMutator,getLegendItems,2735,KILLED,org.jfree.chart.plot.PiePlotTest.[engine:junit-jupiter]/[class:org.jfree.chart.plot.PiePlotTest]/[method:testGetLegendItems()]
PiePlot.java,org.jfree.chart.plot.PiePlot,org.pitest.mutationtest.engine.gregor.mutators.returns.NullReturnValsMutator,getLegendLabelGenerator,1964,NO_COVERAGE,none
PiePlot.java,org.jfree.chart.plot.PiePlot,org.pitest.mutationtest.engine.gregor.mutators.returns.NullReturnValsMutator,getLegendLabelToolTipGenerator,1989,NO_COVERAGE,none
PiePlot.java,org.jfree.chart.plot.PiePlot,org.pitest.mutationtest.engine.gregor.mutators.returns.NullReturnValsMutator,getLegendLabelURLGenerator,2014,KILLED,org.jfree.chart.plot.PiePlotTest.[engine:junit-jupiter]/[class:org.jfree.chart.plot.PiePlotTest]/[method:testCloning_LegendLabelURLGenerator()]
PiePlot.java,org.jfree.chart.plot.PiePlot,org.pitest.mutationtest.engine.gregor.mutators.NegateConditionalsMutator,getMaximumExplodePercent,1376,KILLED,org.jfree.chart.plot.PiePlot3DTest.[engine:junit-jupiter]/[class:org.jfree.chart.plot.PiePlot3DTest]/[method:testDrawWithNullDataset()]
PiePlot.java,org.jfree.chart.plot.PiePlot,org.pitest.mutationtest.engine.gregor.mutators.NegateConditionalsMutator,getMaximumExplodePercent,1382,KILLED,org.jfree.chart.plot.PiePlotTest.[engine:junit-jupiter]/[class:org.jfree.chart.plot.PiePlotTest]/[method:testDrawWithNullLegendLabels()]
PiePlot.java,org.jfree.chart.plot.PiePlot,org.pitest.mutationtest.engine.gregor.mutators.returns.PrimitiveReturnsMutator,getMaximumExplodePercent,1386,SURVIVED,none
PiePlot.java,org.jfree.chart.plot.PiePlot,org.pitest.mutationtest.engine.gregor.mutators.returns.PrimitiveReturnsMutator,getMaximumLabelWidth,1447,SURVIVED,none
PiePlot.java,org.jfree.chart.plot.PiePlot,org.pitest.mutationtest.engine.gregor.mutators.returns.PrimitiveReturnsMutator,getMinimumArcAngleToDraw,1906,SURVIVED,none
PiePlot.java,org.jfree.chart.plot.PiePlot,org.pitest.mutationtest.engine.gregor.mutators.returns.PrimitiveReturnsMutator,getPieIndex,516,NO_COVERAGE,none
PiePlot.java,org.jfree.chart.plot.PiePlot,org.pitest.mutationtest.engine.gregor.mutators.returns.EmptyObjectReturnValsMutator,getPlotType,2745,NO_COVERAGE,none
PiePlot.java,org.jfree.chart.plot.PiePlot,org.pitest.mutationtest.engine.gregor.mutators.ConditionalsBoundaryMutator,getSectionKey,789,KILLED,org.jfree.chart.plot.PiePlotTest.[engine:junit-jupiter]/[class:org.jfree.chart.plot.PiePlotTest]/[method:testDrawWithNullLegendLabels()]
PiePlot.java,org.jfree.chart.plot.PiePlot,org.pitest.mutationtest.engine.gregor.mutators.ConditionalsBoundaryMutator,getSectionKey,789,SURVIVED,none
PiePlot.java,org.jfree.chart.plot.PiePlot,org.pitest.mutationtest.engine.gregor.mutators.NegateConditionalsMutator,getSectionKey,788,KILLED,org.jfree.chart.plot.PiePlotTest.[engine:junit-jupiter]/[class:org.jfree.chart.plot.PiePlotTest]/[method:testDrawWithNullLegendLabels()]
PiePlot.java,org.jfree.chart.plot.PiePlot,org.pitest.mutationtest.engine.gregor.mutators.NegateConditionalsMutator,getSectionKey,789,KILLED,org.jfree.chart.plot.PiePlotTest.[engine:junit-jupiter]/[class:org.jfree.chart.plot.PiePlotTest]/[method:testDrawWithNullLegendLabels()]
PiePlot.java,org.jfree.chart.plot.PiePlot,org.pitest.mutationtest.engine.gregor.mutators.NegateConditionalsMutator,getSectionKey,789,KILLED,org.jfree.chart.plot.PiePlotTest.[engine:junit-jupiter]/[class:org.jfree.chart.plot.PiePlotTest]/[method:testDrawWithNullLegendLabels()]
PiePlot.java,org.jfree.chart.plot.PiePlot,org.pitest.mutationtest.engine.gregor.mutators.returns.NullReturnValsMutator,getSectionKey,793,KILLED,org.jfree.chart.plot.PiePlotTest.[engine:junit-jupiter]/[class:org.jfree.chart.plot.PiePlotTest]/[method:testDrawWithNullLegendLabels()]
PiePlot.java,org.jfree.chart.plot.PiePlot,org.pitest.mutationtest.engine.gregor.mutators.returns.NullReturnValsMutator,getSectionOutlinePaint,1004,KILLED,org.jfree.chart.plot.PiePlotTest.[engine:junit-jupiter]/[class:org.jfree.chart.plot.PiePlotTest]/[method:testBug1126_b()]
PiePlot.java,org.jfree.chart.plot.PiePlot,org.pitest.mutationtest.engine.gregor.mutators.returns.NullReturnValsMutator,getSectionOutlineStroke,1169,KILLED,org.jfree.chart.plot.PiePlotTest.[engine:junit-jupiter]/[class:org.jfree.chart.plot.PiePlotTest]/[method:testBug1126_c()]
PiePlot.java,org.jfree.chart.plot.PiePlot,org.pitest.mutationtest.engine.gregor.mutators.returns.BooleanFalseReturnValsMutator,getSectionOutlinesVisible,910,NO_COVERAGE,none
PiePlot.java,org.jfree.chart.plot.PiePlot,org.pitest.mutationtest.engine.gregor.mutators.returns.BooleanTrueReturnValsMutator,getSectionOutlinesVisible,910,NO_COVERAGE,none
PiePlot.java,org.jfree.chart.plot.PiePlot,org.pitest.mutationtest.engine.gregor.mutators.returns.NullReturnValsMutator,getSectionPaint,812,KILLED,org.jfree.chart.plot.PiePlotTest.[engine:junit-jupiter]/[class:org.jfree.chart.plot.PiePlotTest]/[method:testBug1126()]
PiePlot.java,org.jfree.chart.plot.PiePlot,org.pitest.mutationtest.engine.gregor.mutators.returns.NullReturnValsMutator,getShadowGenerator,2036,SURVIVED,none
PiePlot.java,org.jfree.chart.plot.PiePlot,org.pitest.mutationtest.engine.gregor.mutators.returns.NullReturnValsMutator,getShadowPaint,1263,NO_COVERAGE,none
PiePlot.java,org.jfree.chart.plot.PiePlot,org.pitest.mutationtest.engine.gregor.mutators.returns.PrimitiveReturnsMutator,getShadowXOffset,1287,NO_COVERAGE,none
PiePlot.java,org.jfree.chart.plot.PiePlot,org.pitest.mutationtest.engine.gregor.mutators.returns.PrimitiveReturnsMutator,getShadowYOffset,1311,NO_COVERAGE,none
PiePlot.java,org.jfree.chart.plot.PiePlot,org.pitest.mutationtest.engine.gregor.mutators.returns.NullReturnValsMutator,getSimpleLabelOffset,1807,NO_COVERAGE,none
PiePlot.java,org.jfree.chart.plot.PiePlot,org.pitest.mutationtest.engine.gregor.mutators.returns.BooleanFalseReturnValsMutator,getSimpleLabels,1784,SURVIVED,none
PiePlot.java,org.jfree.chart.plot.PiePlot,org.pitest.mutationtest.engine.gregor.mutators.returns.BooleanTrueReturnValsMutator,getSimpleLabels,1784,SURVIVED,none
PiePlot.java,org.jfree.chart.plot.PiePlot,org.pitest.mutationtest.engine.gregor.mutators.returns.PrimitiveReturnsMutator,getStartAngle,540,SURVIVED,none
PiePlot.java,org.jfree.chart.plot.PiePlot,org.pitest.mutationtest.engine.gregor.mutators.returns.NullReturnValsMutator,getToolTipGenerator,1856,NO_COVERAGE,none
PiePlot.java,org.jfree.chart.plot.PiePlot,org.pitest.mutationtest.engine.gregor.mutators.returns.NullReturnValsMutator,getURLGenerator,1881,KILLED,org.jfree.chart.plot.PiePlotTest.[engine:junit-jupiter]/[class:org.jfree.chart.plot.PiePlotTest]/[method:testCloning_URLGenerator()]
PiePlot.java,org.jfree.chart.plot.PiePlot,org.pitest.mutationtest.engine.gregor.mutators.MathMutator,handleMouseWheelRotation,2060,NO_COVERAGE,none
PiePlot.java,org.jfree.chart.plot.PiePlot,org.pitest.mutationtest.engine.gregor.mutators.MathMutator,handleMouseWheelRotation,2060,NO_COVERAGE,none
PiePlot.java,org.jfree.chart.plot.PiePlot,org.pitest.mutationtest.engine.gregor.mutators.VoidMethodCallMutator,handleMouseWheelRotation,2060,NO_COVERAGE,none
PiePlot.java,org.jfree.chart.plot.PiePlot,org.pitest.mutationtest.engine.gregor.mutators.MathMutator,hashCode,3157,NO_COVERAGE,none
PiePlot.java,org.jfree.chart.plot.PiePlot,org.pitest.mutationtest.engine.gregor.mutators.MathMutator,hashCode,3157,NO_COVERAGE,none
PiePlot.java,org.jfree.chart.plot.PiePlot,org.pitest.mutationtest.engine.gregor.mutators.MathMutator,hashCode,3158,NO_COVERAGE,none
PiePlot.java,org.jfree.chart.plot.PiePlot,org.pitest.mutationtest.engine.gregor.mutators.MathMutator,hashCode,3158,NO_COVERAGE,none
PiePlot.java,org.jfree.chart.plot.PiePlot,org.pitest.mutationtest.engine.gregor.mutators.MathMutator,hashCode,3158,NO_COVERAGE,none
PiePlot.java,org.jfree.chart.plot.PiePlot,org.pitest.mutationtest.engine.gregor.mutators.MathMutator,hashCode,3158,NO_COVERAGE,none
PiePlot.java,org.jfree.chart.plot.PiePlot,org.pitest.mutationtest.engine.gregor.mutators.MathMutator,hashCode,3159,NO_COVERAGE,none
PiePlot.java,org.jfree.chart.plot.PiePlot,org.pitest.mutationtest.engine.gregor.mutators.MathMutator,hashCode,3159,NO_COVERAGE,none
PiePlot.java,org.jfree.chart.plot.PiePlot,org.pitest.mutationtest.engine.gregor.mutators.MathMutator,hashCode,3160,NO_COVERAGE,none
PiePlot.java,org.jfree.chart.plot.PiePlot,org.pitest.mutationtest.engine.gregor.mutators.MathMutator,hashCode,3160,NO_COVERAGE,none
PiePlot.java,org.jfree.chart.plot.PiePlot,org.pitest.mutationtest.engine.gregor.mutators.MathMutator,hashCode,3160,NO_COVERAGE,none
PiePlot.java,org.jfree.chart.plot.PiePlot,org.pitest.mutationtest.engine.gregor.mutators.MathMutator,hashCode,3160,NO_COVERAGE,none
PiePlot.java,org.jfree.chart.plot.PiePlot,org.pitest.mutationtest.engine.gregor.mutators.MathMutator,hashCode,3161,NO_COVERAGE,none
PiePlot.java,org.jfree.chart.plot.PiePlot,org.pitest.mutationtest.engine.gregor.mutators.MathMutator,hashCode,3161,NO_COVERAGE,none
PiePlot.java,org.jfree.chart.plot.PiePlot,org.pitest.mutationtest.engine.gregor.mutators.MathMutator,hashCode,3162,NO_COVERAGE,none
PiePlot.java,org.jfree.chart.plot.PiePlot,org.pitest.mutationtest.engine.gregor.mutators.MathMutator,hashCode,3162,NO_COVERAGE,none
PiePlot.java,org.jfree.chart.plot.PiePlot,org.pitest.mutationtest.engine.gregor.mutators.MathMutator,hashCode,3163,NO_COVERAGE,none
PiePlot.java,org.jfree.chart.plot.PiePlot,org.pitest.mutationtest.engine.gregor.mutators.MathMutator,hashCode,3163,NO_COVERAGE,none
PiePlot.java,org.jfree.chart.plot.PiePlot,org.pitest.mutationtest.engine.gregor.mutators.MathMutator,hashCode,3164,NO_COVERAGE,none
PiePlot.java,org.jfree.chart.plot.PiePlot,org.pitest.mutationtest.engine.gregor.mutators.MathMutator,hashCode,3164,NO_COVERAGE,none
PiePlot.java,org.jfree.chart.plot.PiePlot,org.pitest.mutationtest.engine.gregor.mutators.MathMutator,hashCode,3165,NO_COVERAGE,none
PiePlot.java,org.jfree.chart.plot.PiePlot,org.pitest.mutationtest.engine.gregor.mutators.MathMutator,hashCode,3165,NO_COVERAGE,none
PiePlot.java,org.jfree.chart.plot.PiePlot,org.pitest.mutationtest.engine.gregor.mutators.MathMutator,hashCode,3166,NO_COVERAGE,none
PiePlot.java,org.jfree.chart.plot.PiePlot,org.pitest.mutationtest.engine.gregor.mutators.MathMutator,hashCode,3166,NO_COVERAGE,none
PiePlot.java,org.jfree.chart.plot.PiePlot,org.pitest.mutationtest.engine.gregor.mutators.MathMutator,hashCode,3167,NO_COVERAGE,none
PiePlot.java,org.jfree.chart.plot.PiePlot,org.pitest.mutationtest.engine.gregor.mutators.MathMutator,hashCode,3167,NO_COVERAGE,none
PiePlot.java,org.jfree.chart.plot.PiePlot,org.pitest.mutationtest.engine.gregor.mutators.MathMutator,hashCode,3168,NO_COVERAGE,none
PiePlot.java,org.jfree.chart.plot.PiePlot,org.pitest.mutationtest.engine.gregor.mutators.MathMutator,hashCode,3168,NO_COVERAGE,none
PiePlot.java,org.jfree.chart.plot.PiePlot,org.pitest.mutationtest.engine.gregor.mutators.MathMutator,hashCode,3169,NO_COVERAGE,none
PiePlot.java,org.jfree.chart.plot.PiePlot,org.pitest.mutationtest.engine.gregor.mutators.MathMutator,hashCode,3169,NO_COVERAGE,none
PiePlot.java,org.jfree.chart.plot.PiePlot,org.pitest.mutationtest.engine.gregor.mutators.MathMutator,hashCode,3170,NO_COVERAGE,none
PiePlot.java,org.jfree.chart.plot.PiePlot,org.pitest.mutationtest.engine.gregor.mutators.MathMutator,hashCode,3170,NO_COVERAGE,none
PiePlot.java,org.jfree.chart.plot.PiePlot,org.pitest.mutationtest.engine.gregor.mutators.MathMutator,hashCode,3171,NO_COVERAGE,none
PiePlot.java,org.jfree.chart.plot.PiePlot,org.pitest.mutationtest.engine.gregor.mutators.MathMutator,hashCode,3171,NO_COVERAGE,none
PiePlot.java,org.jfree.chart.plot.PiePlot,org.pitest.mutationtest.engine.gregor.mutators.MathMutator,hashCode,3172,NO_COVERAGE,none
PiePlot.java,org.jfree.chart.plot.PiePlot,org.pitest.mutationtest.engine.gregor.mutators.MathMutator,hashCode,3172,NO_COVERAGE,none
PiePlot.java,org.jfree.chart.plot.PiePlot,org.pitest.mutationtest.engine.gregor.mutators.MathMutator,hashCode,3173,NO_COVERAGE,none
PiePlot.java,org.jfree.chart.plot.PiePlot,org.pitest.mutationtest.engine.gregor.mutators.MathMutator,hashCode,3173,NO_COVERAGE,none
PiePlot.java,org.jfree.chart.plot.PiePlot,org.pitest.mutationtest.engine.gregor.mutators.MathMutator,hashCode,3173,NO_COVERAGE,none
PiePlot.java,org.jfree.chart.plot.PiePlot,org.pitest.mutationtest.engine.gregor.mutators.MathMutator,hashCode,3173,NO_COVERAGE,none
PiePlot.java,org.jfree.chart.plot.PiePlot,org.pitest.mutationtest.engine.gregor.mutators.MathMutator,hashCode,3174,NO_COVERAGE,none
PiePlot.java,org.jfree.chart.plot.PiePlot,org.pitest.mutationtest.engine.gregor.mutators.MathMutator,hashCode,3174,NO_COVERAGE,none
PiePlot.java,org.jfree.chart.plot.PiePlot,org.pitest.mutationtest.engine.gregor.mutators.MathMutator,hashCode,3174,NO_COVERAGE,none
PiePlot.java,org.jfree.chart.plot.PiePlot,org.pitest.mutationtest.engine.gregor.mutators.MathMutator,hashCode,3174,NO_COVERAGE,none
PiePlot.java,org.jfree.chart.plot.PiePlot,org.pitest.mutationtest.engine.gregor.mutators.MathMutator,hashCode,3175,NO_COVERAGE,none
PiePlot.java,org.jfree.chart.plot.PiePlot,org.pitest.mutationtest.engine.gregor.mutators.MathMutator,hashCode,3175,NO_COVERAGE,none
PiePlot.java,org.jfree.chart.plot.PiePlot,org.pitest.mutationtest.engine.gregor.mutators.MathMutator,hashCode,3176,NO_COVERAGE,none
PiePlot.java,org.jfree.chart.plot.PiePlot,org.pitest.mutationtest.engine.gregor.mutators.MathMutator,hashCode,3176,NO_COVERAGE,none
PiePlot.java,org.jfree.chart.plot.PiePlot,org.pitest.mutationtest.engine.gregor.mutators.MathMutator,hashCode,3177,NO_COVERAGE,none
PiePlot.java,org.jfree.chart.plot.PiePlot,org.pitest.mutationtest.engine.gregor.mutators.MathMutator,hashCode,3177,NO_COVERAGE,none
PiePlot.java,org.jfree.chart.plot.PiePlot,org.pitest.mutationtest.engine.gregor.mutators.MathMutator,hashCode,3178,NO_COVERAGE,none
PiePlot.java,org.jfree.chart.plot.PiePlot,org.pitest.mutationtest.engine.gregor.mutators.MathMutator,hashCode,3178,NO_COVERAGE,none
PiePlot.java,org.jfree.chart.plot.PiePlot,org.pitest.mutationtest.engine.gregor.mutators.MathMutator,hashCode,3179,NO_COVERAGE,none
PiePlot.java,org.jfree.chart.plot.PiePlot,org.pitest.mutationtest.engine.gregor.mutators.MathMutator,hashCode,3179,NO_COVERAGE,none
PiePlot.java,org.jfree.chart.plot.PiePlot,org.pitest.mutationtest.engine.gregor.mutators.MathMutator,hashCode,3180,NO_COVERAGE,none
PiePlot.java,org.jfree.chart.plot.PiePlot,org.pitest.mutationtest.engine.gregor.mutators.MathMutator,hashCode,3180,NO_COVERAGE,none
PiePlot.java,org.jfree.chart.plot.PiePlot,org.pitest.mutationtest.engine.gregor.mutators.MathMutator,hashCode,3181,NO_COVERAGE,none
PiePlot.java,org.jfree.chart.plot.PiePlot,org.pitest.mutationtest.engine.gregor.mutators.MathMutator,hashCode,3181,NO_COVERAGE,none
PiePlot.java,org.jfree.chart.plot.PiePlot,org.pitest.mutationtest.engine.gregor.mutators.MathMutator,hashCode,3182,NO_COVERAGE,none
PiePlot.java,org.jfree.chart.plot.PiePlot,org.pitest.mutationtest.engine.gregor.mutators.MathMutator,hashCode,3182,NO_COVERAGE,none
PiePlot.java,org.jfree.chart.plot.PiePlot,org.pitest.mutationtest.engine.gregor.mutators.MathMutator,hashCode,3183,NO_COVERAGE,none
PiePlot.java,org.jfree.chart.plot.PiePlot,org.pitest.mutationtest.engine.gregor.mutators.MathMutator,hashCode,3183,NO_COVERAGE,none
PiePlot.java,org.jfree.chart.plot.PiePlot,org.pitest.mutationtest.engine.gregor.mutators.MathMutator,hashCode,3184,NO_COVERAGE,none
PiePlot.java,org.jfree.chart.plot.PiePlot,org.pitest.mutationtest.engine.gregor.mutators.MathMutator,hashCode,3184,NO_COVERAGE,none
PiePlot.java,org.jfree.chart.plot.PiePlot,org.pitest.mutationtest.engine.gregor.mutators.MathMutator,hashCode,3185,NO_COVERAGE,none
PiePlot.java,org.jfree.chart.plot.PiePlot,org.pitest.mutationtest.engine.gregor.mutators.MathMutator,hashCode,3185,NO_COVERAGE,none
PiePlot.java,org.jfree.chart.plot.PiePlot,org.pitest.mutationtest.engine.gregor.mutators.MathMutator,hashCode,3186,NO_COVERAGE,none
PiePlot.java,org.jfree.chart.plot.PiePlot,org.pitest.mutationtest.engine.gregor.mutators.MathMutator,hashCode,3186,NO_COVERAGE,none
PiePlot.java,org.jfree.chart.plot.PiePlot,org.pitest.mutationtest.engine.gregor.mutators.MathMutator,hashCode,3186,NO_COVERAGE,none
PiePlot.java,org.jfree.chart.plot.PiePlot,org.pitest.mutationtest.engine.gregor.mutators.MathMutator,hashCode,3186,NO_COVERAGE,none
PiePlot.java,org.jfree.chart.plot.PiePlot,org.pitest.mutationtest.engine.gregor.mutators.MathMutator,hashCode,3187,NO_COVERAGE,none
PiePlot.java,org.jfree.chart.plot.PiePlot,org.pitest.mutationtest.engine.gregor.mutators.MathMutator,hashCode,3187,NO_COVERAGE,none
PiePlot.java,org.jfree.chart.plot.PiePlot,org.pitest.mutationtest.engine.gregor.mutators.MathMutator,hashCode,3187,NO_COVERAGE,none
PiePlot.java,org.jfree.chart.plot.PiePlot,org.pitest.mutationtest.engine.gregor.mutators.MathMutator,hashCode,3187,NO_COVERAGE,none
PiePlot.java,org.jfree.chart.plot.PiePlot,org.pitest.mutationtest.engine.gregor.mutators.MathMutator,hashCode,3188,NO_COVERAGE,none
PiePlot.java,org.jfree.chart.plot.PiePlot,org.pitest.mutationtest.engine.gregor.mutators.MathMutator,hashCode,3188,NO_COVERAGE,none
PiePlot.java,org.jfree.chart.plot.PiePlot,org.pitest.mutationtest.engine.gregor.mutators.MathMutator,hashCode,3189,NO_COVERAGE,none
PiePlot.java,org.jfree.chart.plot.PiePlot,org.pitest.mutationtest.engine.gregor.mutators.MathMutator,hashCode,3189,NO_COVERAGE,none
PiePlot.java,org.jfree.chart.plot.PiePlot,org.pitest.mutationtest.engine.gregor.mutators.MathMutator,hashCode,3190,NO_COVERAGE,none
PiePlot.java,org.jfree.chart.plot.PiePlot,org.pitest.mutationtest.engine.gregor.mutators.MathMutator,hashCode,3190,NO_COVERAGE,none
PiePlot.java,org.jfree.chart.plot.PiePlot,org.pitest.mutationtest.engine.gregor.mutators.MathMutator,hashCode,3190,NO_COVERAGE,none
PiePlot.java,org.jfree.chart.plot.PiePlot,org.pitest.mutationtest.engine.gregor.mutators.MathMutator,hashCode,3190,NO_COVERAGE,none
PiePlot.java,org.jfree.chart.plot.PiePlot,org.pitest.mutationtest.engine.gregor.mutators.MathMutator,hashCode,3191,NO_COVERAGE,none
PiePlot.java,org.jfree.chart.plot.PiePlot,org.pitest.mutationtest.engine.gregor.mutators.MathMutator,hashCode,3191,NO_COVERAGE,none
PiePlot.java,org.jfree.chart.plot.PiePlot,org.pitest.mutationtest.engine.gregor.mutators.MathMutator,hashCode,3192,NO_COVERAGE,none
PiePlot.java,org.jfree.chart.plot.PiePlot,org.pitest.mutationtest.engine.gregor.mutators.MathMutator,hashCode,3192,NO_COVERAGE,none
PiePlot.java,org.jfree.chart.plot.PiePlot,org.pitest.mutationtest.engine.gregor.mutators.MathMutator,hashCode,3193,NO_COVERAGE,none
PiePlot.java,org.jfree.chart.plot.PiePlot,org.pitest.mutationtest.engine.gregor.mutators.MathMutator,hashCode,3193,NO_COVERAGE,none
PiePlot.java,org.jfree.chart.plot.PiePlot,org.pitest.mutationtest.engine.gregor.mutators.MathMutator,hashCode,3194,NO_COVERAGE,none
PiePlot.java,org.jfree.chart.plot.PiePlot,org.pitest.mutationtest.engine.gregor.mutators.MathMutator,hashCode,3194,NO_COVERAGE,none
PiePlot.java,org.jfree.chart.plot.PiePlot,org.pitest.mutationtest.engine.gregor.mutators.MathMutator,hashCode,3195,NO_COVERAGE,none
PiePlot.java,org.jfree.chart.plot.PiePlot,org.pitest.mutationtest.engine.gregor.mutators.MathMutator,hashCode,3195,NO_COVERAGE,none
PiePlot.java,org.jfree.chart.plot.PiePlot,org.pitest.mutationtest.engine.gregor.mutators.MathMutator,hashCode,3196,NO_COVERAGE,none
PiePlot.java,org.jfree.chart.plot.PiePlot,org.pitest.mutationtest.engine.gregor.mutators.MathMutator,hashCode,3196,NO_COVERAGE,none
PiePlot.java,org.jfree.chart.plot.PiePlot,org.pitest.mutationtest.engine.gregor.mutators.MathMutator,hashCode,3197,NO_COVERAGE,none
PiePlot.java,org.jfree.chart.plot.PiePlot,org.pitest.mutationtest.engine.gregor.mutators.MathMutator,hashCode,3197,NO_COVERAGE,none
PiePlot.java,org.jfree.chart.plot.PiePlot,org.pitest.mutationtest.engine.gregor.mutators.MathMutator,hashCode,3198,NO_COVERAGE,none
PiePlot.java,org.jfree.chart.plot.PiePlot,org.pitest.mutationtest.engine.gregor.mutators.MathMutator,hashCode,3198,NO_COVERAGE,none
PiePlot.java,org.jfree.chart.plot.PiePlot,org.pitest.mutationtest.engine.gregor.mutators.MathMutator,hashCode,3199,NO_COVERAGE,none
PiePlot.java,org.jfree.chart.plot.PiePlot,org.pitest.mutationtest.engine.gregor.mutators.MathMutator,hashCode,3199,NO_COVERAGE,none
PiePlot.java,org.jfree.chart.plot.PiePlot,org.pitest.mutationtest.engine.gregor.mutators.MathMutator,hashCode,3200,NO_COVERAGE,none
PiePlot.java,org.jfree.chart.plot.PiePlot,org.pitest.mutationtest.engine.gregor.mutators.MathMutator,hashCode,3200,NO_COVERAGE,none
PiePlot.java,org.jfree.chart.plot.PiePlot,org.pitest.mutationtest.engine.gregor.mutators.MathMutator,hashCode,3201,NO_COVERAGE,none
PiePlot.java,org.jfree.chart.plot.PiePlot,org.pitest.mutationtest.engine.gregor.mutators.MathMutator,hashCode,3201,NO_COVERAGE,none
PiePlot.java,org.jfree.chart.plot.PiePlot,org.pitest.mutationtest.engine.gregor.mutators.MathMutator,hashCode,3201,NO_COVERAGE,none
PiePlot.java,org.jfree.chart.plot.PiePlot,org.pitest.mutationtest.engine.gregor.mutators.MathMutator,hashCode,3201,NO_COVERAGE,none
PiePlot.java,org.jfree.chart.plot.PiePlot,org.pitest.mutationtest.engine.gregor.mutators.MathMutator,hashCode,3202,NO_COVERAGE,none
PiePlot.java,org.jfree.chart.plot.PiePlot,org.pitest.mutationtest.engine.gregor.mutators.MathMutator,hashCode,3202,NO_COVERAGE,none
PiePlot.java,org.jfree.chart.plot.PiePlot,org.pitest.mutationtest.engine.gregor.mutators.NegateConditionalsMutator,hashCode,3159,NO_COVERAGE,none
PiePlot.java,org.jfree.chart.plot.PiePlot,org.pitest.mutationtest.engine.gregor.mutators.NegateConditionalsMutator,hashCode,3164,NO_COVERAGE,none
PiePlot.java,org.jfree.chart.plot.PiePlot,org.pitest.mutationtest.engine.gregor.mutators.NegateConditionalsMutator,hashCode,3165,NO_COVERAGE,none
PiePlot.java,org.jfree.chart.plot.PiePlot,org.pitest.mutationtest.engine.gregor.mutators.NegateConditionalsMutator,hashCode,3168,NO_COVERAGE,none
PiePlot.java,org.jfree.chart.plot.PiePlot,org.pitest.mutationtest.engine.gregor.mutators.NegateConditionalsMutator,hashCode,3171,NO_COVERAGE,none
PiePlot.java,org.jfree.chart.plot.PiePlot,org.pitest.mutationtest.engine.gregor.mutators.NegateConditionalsMutator,hashCode,3183,NO_COVERAGE,none
PiePlot.java,org.jfree.chart.plot.PiePlot,org.pitest.mutationtest.engine.gregor.mutators.NegateConditionalsMutator,hashCode,3188,NO_COVERAGE,none
PiePlot.java,org.jfree.chart.plot.PiePlot,org.pitest.mutationtest.engine.gregor.mutators.NegateConditionalsMutator,hashCode,3198,NO_COVERAGE,none
PiePlot.java,org.jfree.chart.plot.PiePlot,org.pitest.mutationtest.engine.gregor.mutators.NegateConditionalsMutator,hashCode,3199,NO_COVERAGE,none
PiePlot.java,org.jfree.chart.plot.PiePlot,org.pitest.mutationtest.engine.gregor.mutators.returns.PrimitiveReturnsMutator,hashCode,3203,NO_COVERAGE,none
PiePlot.java,org.jfree.chart.plot.PiePlot,org.pitest.mutationtest.engine.gregor.mutators.NegateConditionalsMutator,initialise,2083,KILLED,org.jfree.chart.plot.PiePlot3DTest.[engine:junit-jupiter]/[class:org.jfree.chart.plot.PiePlot3DTest]/[method:testDrawWithNullDataset()]
PiePlot.java,org.jfree.chart.plot.PiePlot,org.pitest.mutationtest.engine.gregor.mutators.VoidMethodCallMutator,initialise,2082,KILLED,org.jfree.chart.plot.PiePlotGeometryTest.[engine:junit-jupiter]/[class:org.jfree.chart.plot.PiePlotGeometryTest]/[method:testPieAreaGeometryInState()]
PiePlot.java,org.jfree.chart.plot.PiePlot,org.pitest.mutationtest.engine.gregor.mutators.VoidMethodCallMutator,initialise,2084,KILLED,org.jfree.chart.plot.PiePlotGeometryTest.[engine:junit-jupiter]/[class:org.jfree.chart.plot.PiePlotGeometryTest]/[method:testPieAreaGeometryInState()]
PiePlot.java,org.jfree.chart.plot.PiePlot,org.pitest.mutationtest.engine.gregor.mutators.VoidMethodCallMutator,initialise,2087,SURVIVED,none
PiePlot.java,org.jfree.chart.plot.PiePlot,org.pitest.mutationtest.engine.gregor.mutators.returns.NullReturnValsMutator,initialise,2088,KILLED,org.jfree.chart.plot.PiePlotTest.[engine:junit-jupiter]/[class:org.jfree.chart.plot.PiePlotTest]/[method:testDrawWithNullLegendLabels()]
PiePlot.java,org.jfree.chart.plot.PiePlot,org.pitest.mutationtest.engine.gregor.mutators.returns.BooleanFalseReturnValsMutator,isCircular,630,KILLED,org.jfree.chart.plot.PiePlotTest.[engine:junit-jupiter]/[class:org.jfree.chart.plot.PiePlotTest]/[method:testEquals()]
PiePlot.java,org.jfree.chart.plot.PiePlot,org.pitest.mutationtest.engine.gregor.mutators.returns.BooleanTrueReturnValsMutator,isCircular,630,SURVIVED,none
PiePlot.java,org.jfree.chart.plot.PiePlot,org.pitest.mutationtest.engine.gregor.mutators.returns.NullReturnValsMutator,lookupSectionOutlinePaint,939,KILLED,org.jfree.chart.plot.PiePlotTest.[engine:junit-jupiter]/[class:org.jfree.chart.plot.PiePlotTest]/[method:testGetLegendItems()]
PiePlot.java,org.jfree.chart.plot.PiePlot,org.pitest.mutationtest.engine.gregor.mutators.NegateConditionalsMutator,lookupSectionOutlinePaint,967,KILLED,org.jfree.chart.plot.PiePlotTest.[engine:junit-jupiter]/[class:org.jfree.chart.plot.PiePlotTest]/[method:testGetLegendItems()]
PiePlot.java,org.jfree.chart.plot.PiePlot,org.pitest.mutationtest.engine.gregor.mutators.NegateConditionalsMutator,lookupSectionOutlinePaint,972,SURVIVED,none
PiePlot.java,org.jfree.chart.plot.PiePlot,org.pitest.mutationtest.engine.gregor.mutators.NegateConditionalsMutator,lookupSectionOutlinePaint,974,NO_COVERAGE,none
PiePlot.java,org.jfree.chart.plot.PiePlot,org.pitest.mutationtest.engine.gregor.mutators.VoidMethodCallMutator,lookupSectionOutlinePaint,976,NO_COVERAGE,none
PiePlot.java,org.jfree.chart.plot.PiePlot,org.pitest.mutationtest.engine.gregor.mutators.returns.NullReturnValsMutator,lookupSectionOutlinePaint,968,NO_COVERAGE,none
PiePlot.java,org.jfree.chart.plot.PiePlot,org.pitest.mutationtest.engine.gregor.mutators.returns.NullReturnValsMutator,lookupSectionOutlinePaint,985,KILLED,org.jfree.chart.plot.PiePlotTest.[engine:junit-jupiter]/[class:org.jfree.chart.plot.PiePlotTest]/[method:testGetLegendItems()]
PiePlot.java,org.jfree.chart.plot.PiePlot,org.pitest.mutationtest.engine.gregor.mutators.returns.NullReturnValsMutator,lookupSectionOutlineStroke,1104,KILLED,org.jfree.chart.plot.PiePlotTest.[engine:junit-jupiter]/[class:org.jfree.chart.plot.PiePlotTest]/[method:testGetLegendItems()]
PiePlot.java,org.jfree.chart.plot.PiePlot,org.pitest.mutationtest.engine.gregor.mutators.NegateConditionalsMutator,lookupSectionOutlineStroke,1132,KILLED,org.jfree.chart.plot.PiePlotTest.[engine:junit-jupiter]/[class:org.jfree.chart.plot.PiePlotTest]/[method:testGetLegendItems()]
PiePlot.java,org.jfree.chart.plot.PiePlot,org.pitest.mutationtest.engine.gregor.mutators.NegateConditionalsMutator,lookupSectionOutlineStroke,1137,SURVIVED,none
PiePlot.java,org.jfree.chart.plot.PiePlot,org.pitest.mutationtest.engine.gregor.mutators.NegateConditionalsMutator,lookupSectionOutlineStroke,1139,NO_COVERAGE,none
PiePlot.java,org.jfree.chart.plot.PiePlot,org.pitest.mutationtest.engine.gregor.mutators.VoidMethodCallMutator,lookupSectionOutlineStroke,1141,NO_COVERAGE,none
PiePlot.java,org.jfree.chart.plot.PiePlot,org.pitest.mutationtest.engine.gregor.mutators.returns.NullReturnValsMutator,lookupSectionOutlineStroke,1133,NO_COVERAGE,none
PiePlot.java,org.jfree.chart.plot.PiePlot,org.pitest.mutationtest.engine.gregor.mutators.returns.NullReturnValsMutator,lookupSectionOutlineStroke,1150,KILLED,org.jfree.chart.plot.PiePlotTest.[engine:junit-jupiter]/[class:org.jfree.chart.plot.PiePlotTest]/[method:testGetLegendItems()]
PiePlot.java,org.jfree.chart.plot.PiePlot,org.pitest.mutationtest.engine.gregor.mutators.returns.NullReturnValsMutator,lookupSectionPaint,730,KILLED,org.jfree.chart.plot.PiePlotTest.[engine:junit-jupiter]/[class:org.jfree.chart.plot.PiePlotTest]/[method:testGetLegendItems()]
PiePlot.java,org.jfree.chart.plot.PiePlot,org.pitest.mutationtest.engine.gregor.mutators.NegateConditionalsMutator,lookupSectionPaint,2954,KILLED,org.jfree.chart.plot.PiePlotTest.[engine:junit-jupiter]/[class:org.jfree.chart.plot.PiePlotTest]/[method:testDrawWithNullLegendLabels()]
PiePlot.java,org.jfree.chart.plot.PiePlot,org.pitest.mutationtest.engine.gregor.mutators.returns.NullReturnValsMutator,lookupSectionPaint,2963,SURVIVED,none
PiePlot.java,org.jfree.chart.plot.PiePlot,org.pitest.mutationtest.engine.gregor.mutators.NegateConditionalsMutator,lookupSectionPaint,756,KILLED,org.jfree.chart.plot.PiePlotTest.[engine:junit-jupiter]/[class:org.jfree.chart.plot.PiePlotTest]/[method:testGetLegendItems()]
PiePlot.java,org.jfree.chart.plot.PiePlot,org.pitest.mutationtest.engine.gregor.mutators.NegateConditionalsMutator,lookupSectionPaint,761,SURVIVED,none
PiePlot.java,org.jfree.chart.plot.PiePlot,org.pitest.mutationtest.engine.gregor.mutators.NegateConditionalsMutator,lookupSectionPaint,763,SURVIVED,none
PiePlot.java,org.jfree.chart.plot.PiePlot,org.pitest.mutationtest.engine.gregor.mutators.VoidMethodCallMutator,lookupSectionPaint,765,SURVIVED,none
PiePlot.java,org.jfree.chart.plot.PiePlot,org.pitest.mutationtest.engine.gregor.mutators.returns.NullReturnValsMutator,lookupSectionPaint,757,KILLED,org.jfree.chart.plot.PiePlotTest.[engine:junit-jupiter]/[class:org.jfree.chart.plot.PiePlotTest]/[method:testGetLegendItems()]
PiePlot.java,org.jfree.chart.plot.PiePlot,org.pitest.mutationtest.engine.gregor.mutators.returns.NullReturnValsMutator,lookupSectionPaint,774,KILLED,org.jfree.chart.plot.PiePlotTest.[engine:junit-jupiter]/[class:org.jfree.chart.plot.PiePlotTest]/[method:testGetLegendItems()]
PiePlot.java,org.jfree.chart.plot.PiePlot,org.pitest.mutationtest.engine.gregor.mutators.VoidMethodCallMutator,readObject,3283,KILLED,org.jfree.chart.plot.PiePlotTest.[engine:junit-jupiter]/[class:org.jfree.chart.plot.PiePlotTest]/[method:testSerialization()]
PiePlot.java,org.jfree.chart.plot.PiePlot,org.pitest.mutationtest.engine.gregor.mutators.VoidMethodCallMutator,setAutoPopulateSectionOutlinePaint,1087,SURVIVED,none
PiePlot.java,org.jfree.chart.plot.PiePlot,org.pitest.mutationtest.engine.gregor.mutators.VoidMethodCallMutator,setAutoPopulateSectionOutlineStroke,1252,SURVIVED,none
PiePlot.java,org.jfree.chart.plot.PiePlot,org.pitest.mutationtest.engine.gregor.mutators.VoidMethodCallMutator,setAutoPopulateSectionPaint,895,SURVIVED,none
PiePlot.java,org.jfree.chart.plot.PiePlot,org.pitest.mutationtest.engine.gregor.mutators.VoidMethodCallMutator,setCircular,642,KILLED,org.jfree.chart.plot.PiePlotTest.[engine:junit-jupiter]/[class:org.jfree.chart.plot.PiePlotTest]/[method:testEquals()]
PiePlot.java,org.jfree.chart.plot.PiePlot,org.pitest.mutationtest.engine.gregor.mutators.NegateConditionalsMutator,setCircular,656,SURVIVED,none
PiePlot.java,org.jfree.chart.plot.PiePlot,org.pitest.mutationtest.engine.gregor.mutators.VoidMethodCallMutator,setCircular,657,SURVIVED,none
PiePlot.java,org.jfree.chart.plot.PiePlot,org.pitest.mutationtest.engine.gregor.mutators.NegateConditionalsMutator,setDataset,491,SURVIVED,none
PiePlot.java,org.jfree.chart.plot.PiePlot,org.pitest.mutationtest.engine.gregor.mutators.NegateConditionalsMutator,setDataset,497,KILLED,org.jfree.chart.PieChart3DTest.[engine:junit-jupiter]/[class:org.jfree.chart.PieChart3DTest]/[method:testReplaceDatasetOnPieChart()]
PiePlot.java,org.jfree.chart.plot.PiePlot,org.pitest.mutationtest.engine.gregor.mutators.VoidMethodCallMutator,setDataset,492,SURVIVED,none
PiePlot.java,org.jfree.chart.plot.PiePlot,org.pitest.mutationtest.engine.gregor.mutators.VoidMethodCallMutator,setDataset,498,NO_COVERAGE,none
PiePlot.java,org.jfree.chart.plot.PiePlot,org.pitest.mutationtest.engine.gregor.mutators.VoidMethodCallMutator,setDataset,499,NO_COVERAGE,none
PiePlot.java,org.jfree.chart.plot.PiePlot,org.pitest.mutationtest.engine.gregor.mutators.VoidMethodCallMutator,setDataset,504,KILLED,org.jfree.chart.PieChart3DTest.[engine:junit-jupiter]/[class:org.jfree.chart.PieChart3DTest]/[method:testReplaceDatasetOnPieChart()]
PiePlot.java,org.jfree.chart.plot.PiePlot,org.pitest.mutationtest.engine.gregor.mutators.VoidMethodCallMutator,setDefaultSectionOutlinePaint,1062,SURVIVED,none
PiePlot.java,org.jfree.chart.plot.PiePlot,org.pitest.mutationtest.engine.gregor.mutators.VoidMethodCallMutator,setDefaultSectionOutlinePaint,1064,SURVIVED,none
PiePlot.java,org.jfree.chart.plot.PiePlot,org.pitest.mutationtest.engine.gregor.mutators.VoidMethodCallMutator,setDefaultSectionOutlineStroke,1227,SURVIVED,none
PiePlot.java,org.jfree.chart.plot.PiePlot,org.pitest.mutationtest.engine.gregor.mutators.VoidMethodCallMutator,setDefaultSectionOutlineStroke,1229,SURVIVED,none
PiePlot.java,org.jfree.chart.plot.PiePlot,org.pitest.mutationtest.engine.gregor.mutators.VoidMethodCallMutator,setDefaultSectionPaint,871,KILLED,org.jfree.chart.plot.PiePlotTest.[engine:junit-jupiter]/[class:org.jfree.chart.plot.PiePlotTest]/[method:testGetDefaultSectionPaint()]
PiePlot.java,org.jfree.chart.plot.PiePlot,org.pitest.mutationtest.engine.gregor.mutators.VoidMethodCallMutator,setDefaultSectionPaint,873,SURVIVED,none
PiePlot.java,org.jfree.chart.plot.PiePlot,org.pitest.mutationtest.engine.gregor.mutators.VoidMethodCallMutator,setDirection,579,SURVIVED,none
PiePlot.java,org.jfree.chart.plot.PiePlot,org.pitest.mutationtest.engine.gregor.mutators.VoidMethodCallMutator,setDirection,581,SURVIVED,none
PiePlot.java,org.jfree.chart.plot.PiePlot,org.pitest.mutationtest.engine.gregor.mutators.NegateConditionalsMutator,setExplodePercent,1363,KILLED,org.jfree.chart.plot.PiePlotTest.[engine:junit-jupiter]/[class:org.jfree.chart.plot.PiePlotTest]/[method:testBug1126_d()]
PiePlot.java,org.jfree.chart.plot.PiePlot,org.pitest.mutationtest.engine.gregor.mutators.VoidMethodCallMutator,setExplodePercent,1362,SURVIVED,none
PiePlot.java,org.jfree.chart.plot.PiePlot,org.pitest.mutationtest.engine.gregor.mutators.VoidMethodCallMutator,setExplodePercent,1367,SURVIVED,none
PiePlot.java,org.jfree.chart.plot.PiePlot,org.pitest.mutationtest.engine.gregor.mutators.VoidMethodCallMutator,setIgnoreNullValues,686,SURVIVED,none
PiePlot.java,org.jfree.chart.plot.PiePlot,org.pitest.mutationtest.engine.gregor.mutators.VoidMethodCallMutator,setIgnoreZeroValues,714,SURVIVED,none
PiePlot.java,org.jfree.chart.plot.PiePlot,org.pitest.mutationtest.engine.gregor.mutators.ConditionalsBoundaryMutator,setInteriorGap,609,KILLED,org.jfree.chart.plot.PiePlotGeometryTest.[engine:junit-jupiter]/[class:org.jfree.chart.plot.PiePlotGeometryTest]/[method:testEllipticalPieGeometry()]
PiePlot.java,org.jfree.chart.plot.PiePlot,org.pitest.mutationtest.engine.gregor.mutators.ConditionalsBoundaryMutator,setInteriorGap,609,SURVIVED,none
PiePlot.java,org.jfree.chart.plot.PiePlot,org.pitest.mutationtest.engine.gregor.mutators.NegateConditionalsMutator,setInteriorGap,609,KILLED,org.jfree.chart.plot.PiePlotTest.[engine:junit-jupiter]/[class:org.jfree.chart.plot.PiePlotTest]/[method:testEquals()]
PiePlot.java,org.jfree.chart.plot.PiePlot,org.pitest.mutationtest.engine.gregor.mutators.NegateConditionalsMutator,setInteriorGap,609,KILLED,org.jfree.chart.plot.PiePlotTest.[engine:junit-jupiter]/[class:org.jfree.chart.plot.PiePlotTest]/[method:testEquals()]
PiePlot.java,org.jfree.chart.plot.PiePlot,org.pitest.mutationtest.engine.gregor.mutators.NegateConditionalsMutator,setInteriorGap,614,KILLED,org.jfree.chart.plot.PiePlotTest.[engine:junit-jupiter]/[class:org.jfree.chart.plot.PiePlotTest]/[method:testEquals()]
PiePlot.java,org.jfree.chart.plot.PiePlot,org.pitest.mutationtest.engine.gregor.mutators.VoidMethodCallMutator,setInteriorGap,616,SURVIVED,none
PiePlot.java,org.jfree.chart.plot.PiePlot,org.pitest.mutationtest.engine.gregor.mutators.VoidMethodCallMutator,setLabelBackgroundPaint,1677,SURVIVED,none
PiePlot.java,org.jfree.chart.plot.PiePlot,org.pitest.mutationtest.engine.gregor.mutators.VoidMethodCallMutator,setLabelDistributor,1841,NO_COVERAGE,none
PiePlot.java,org.jfree.chart.plot.PiePlot,org.pitest.mutationtest.engine.gregor.mutators.VoidMethodCallMutator,setLabelDistributor,1843,NO_COVERAGE,none
PiePlot.java,org.jfree.chart.plot.PiePlot,org.pitest.mutationtest.engine.gregor.mutators.VoidMethodCallMutator,setLabelFont,1626,SURVIVED,none
PiePlot.java,org.jfree.chart.plot.PiePlot,org.pitest.mutationtest.engine.gregor.mutators.VoidMethodCallMutator,setLabelFont,1628,SURVIVED,none
PiePlot.java,org.jfree.chart.plot.PiePlot,org.pitest.mutationtest.engine.gregor.mutators.VoidMethodCallMutator,setLabelGap,1436,SURVIVED,none
PiePlot.java,org.jfree.chart.plot.PiePlot,org.pitest.mutationtest.engine.gregor.mutators.VoidMethodCallMutator,setLabelGenerator,1410,SURVIVED,none
PiePlot.java,org.jfree.chart.plot.PiePlot,org.pitest.mutationtest.engine.gregor.mutators.VoidMethodCallMutator,setLabelLinkMargin,1538,SURVIVED,none
PiePlot.java,org.jfree.chart.plot.PiePlot,org.pitest.mutationtest.engine.gregor.mutators.VoidMethodCallMutator,setLabelLinkPaint,1563,SURVIVED,none
PiePlot.java,org.jfree.chart.plot.PiePlot,org.pitest.mutationtest.engine.gregor.mutators.VoidMethodCallMutator,setLabelLinkPaint,1565,SURVIVED,none
PiePlot.java,org.jfree.chart.plot.PiePlot,org.pitest.mutationtest.engine.gregor.mutators.VoidMethodCallMutator,setLabelLinkStroke,1588,SURVIVED,none
PiePlot.java,org.jfree.chart.plot.PiePlot,org.pitest.mutationtest.engine.gregor.mutators.VoidMethodCallMutator,setLabelLinkStroke,1590,SURVIVED,none
PiePlot.java,org.jfree.chart.plot.PiePlot,org.pitest.mutationtest.engine.gregor.mutators.VoidMethodCallMutator,setLabelLinkStyle,1511,SURVIVED,none
PiePlot.java,org.jfree.chart.plot.PiePlot,org.pitest.mutationtest.engine.gregor.mutators.VoidMethodCallMutator,setLabelLinkStyle,1513,SURVIVED,none
PiePlot.java,org.jfree.chart.plot.PiePlot,org.pitest.mutationtest.engine.gregor.mutators.VoidMethodCallMutator,setLabelLinksVisible,1488,SURVIVED,none
PiePlot.java,org.jfree.chart.plot.PiePlot,org.pitest.mutationtest.engine.gregor.mutators.VoidMethodCallMutator,setLabelOutlinePaint,1701,SURVIVED,none
PiePlot.java,org.jfree.chart.plot.PiePlot,org.pitest.mutationtest.engine.gregor.mutators.VoidMethodCallMutator,setLabelOutlineStroke,1725,SURVIVED,none
PiePlot.java,org.jfree.chart.plot.PiePlot,org.pitest.mutationtest.engine.gregor.mutators.VoidMethodCallMutator,setLabelPadding,1772,NO_COVERAGE,none
PiePlot.java,org.jfree.chart.plot.PiePlot,org.pitest.mutationtest.engine.gregor.mutators.VoidMethodCallMutator,setLabelPadding,1774,NO_COVERAGE,none
PiePlot.java,org.jfree.chart.plot.PiePlot,org.pitest.mutationtest.engine.gregor.mutators.VoidMethodCallMutator,setLabelPaint,1651,SURVIVED,none
PiePlot.java,org.jfree.chart.plot.PiePlot,org.pitest.mutationtest.engine.gregor.mutators.VoidMethodCallMutator,setLabelPaint,1653,SURVIVED,none
PiePlot.java,org.jfree.chart.plot.PiePlot,org.pitest.mutationtest.engine.gregor.mutators.VoidMethodCallMutator,setLabelShadowPaint,1749,SURVIVED,none
PiePlot.java,org.jfree.chart.plot.PiePlot,org.pitest.mutationtest.engine.gregor.mutators.VoidMethodCallMutator,setLegendItemShape,1951,SURVIVED,none
PiePlot.java,org.jfree.chart.plot.PiePlot,org.pitest.mutationtest.engine.gregor.mutators.VoidMethodCallMutator,setLegendItemShape,1953,SURVIVED,none
PiePlot.java,org.jfree.chart.plot.PiePlot,org.pitest.mutationtest.engine.gregor.mutators.VoidMethodCallMutator,setLegendLabelGenerator,1976,SURVIVED,none
PiePlot.java,org.jfree.chart.plot.PiePlot,org.pitest.mutationtest.engine.gregor.mutators.VoidMethodCallMutator,setLegendLabelGenerator,1978,SURVIVED,none
PiePlot.java,org.jfree.chart.plot.PiePlot,org.pitest.mutationtest.engine.gregor.mutators.VoidMethodCallMutator,setLegendLabelToolTipGenerator,2003,SURVIVED,none
PiePlot.java,org.jfree.chart.plot.PiePlot,org.pitest.mutationtest.engine.gregor.mutators.VoidMethodCallMutator,setLegendLabelURLGenerator,2027,SURVIVED,none
PiePlot.java,org.jfree.chart.plot.PiePlot,org.pitest.mutationtest.engine.gregor.mutators.VoidMethodCallMutator,setMaximumLabelWidth,1460,SURVIVED,none
PiePlot.java,org.jfree.chart.plot.PiePlot,org.pitest.mutationtest.engine.gregor.mutators.VoidMethodCallMutator,setSectionOutlinePaint,1021,KILLED,org.jfree.chart.plot.PiePlotTest.[engine:junit-jupiter]/[class:org.jfree.chart.plot.PiePlotTest]/[method:testBug1126_b()]
PiePlot.java,org.jfree.chart.plot.PiePlot,org.pitest.mutationtest.engine.gregor.mutators.VoidMethodCallMutator,setSectionOutlinePaint,1022,SURVIVED,none
PiePlot.java,org.jfree.chart.plot.PiePlot,org.pitest.mutationtest.engine.gregor.mutators.VoidMethodCallMutator,setSectionOutlineStroke,1186,KILLED,org.jfree.chart.plot.PiePlotTest.[engine:junit-jupiter]/[class:org.jfree.chart.plot.PiePlotTest]/[method:testBug1126_c()]
PiePlot.java,org.jfree.chart.plot.PiePlot,org.pitest.mutationtest.engine.gregor.mutators.VoidMethodCallMutator,setSectionOutlineStroke,1187,SURVIVED,none
PiePlot.java,org.jfree.chart.plot.PiePlot,org.pitest.mutationtest.engine.gregor.mutators.VoidMethodCallMutator,setSectionOutlinesVisible,924,SURVIVED,none
PiePlot.java,org.jfree.chart.plot.PiePlot,org.pitest.mutationtest.engine.gregor.mutators.VoidMethodCallMutator,setSectionPaint,829,KILLED,org.jfree.chart.plot.PiePlotTest.[engine:junit-jupiter]/[class:org.jfree.chart.plot.PiePlotTest]/[method:testBug1126()]
PiePlot.java,org.jfree.chart.plot.PiePlot,org.pitest.mutationtest.engine.gregor.mutators.VoidMethodCallMutator,setSectionPaint,830,SURVIVED,none
PiePlot.java,org.jfree.chart.plot.PiePlot,org.pitest.mutationtest.engine.gregor.mutators.VoidMethodCallMutator,setShadowGenerator,2050,SURVIVED,none
PiePlot.java,org.jfree.chart.plot.PiePlot,org.pitest.mutationtest.engine.gregor.mutators.VoidMethodCallMutator,setShadowPaint,1276,SURVIVED,none
PiePlot.java,org.jfree.chart.plot.PiePlot,org.pitest.mutationtest.engine.gregor.mutators.VoidMethodCallMutator,setShadowXOffset,1300,SURVIVED,none
PiePlot.java,org.jfree.chart.plot.PiePlot,org.pitest.mutationtest.engine.gregor.mutators.VoidMethodCallMutator,setShadowYOffset,1324,SURVIVED,none
PiePlot.java,org.jfree.chart.plot.PiePlot,org.pitest.mutationtest.engine.gregor.mutators.VoidMethodCallMutator,setSimpleLabelOffset,1819,NO_COVERAGE,none
PiePlot.java,org.jfree.chart.plot.PiePlot,org.pitest.mutationtest.engine.gregor.mutators.VoidMethodCallMutator,setSimpleLabelOffset,1821,NO_COVERAGE,none
PiePlot.java,org.jfree.chart.plot.PiePlot,org.pitest.mutationtest.engine.gregor.mutators.VoidMethodCallMutator,setSimpleLabels,1796,SURVIVED,none
PiePlot.java,org.jfree.chart.plot.PiePlot,org.pitest.mutationtest.engine.gregor.mutators.VoidMethodCallMutator,setStartAngle,555,SURVIVED,none
PiePlot.java,org.jfree.chart.plot.PiePlot,org.pitest.mutationtest.engine.gregor.mutators.VoidMethodCallMutator,setToolTipGenerator,1870,SURVIVED,none
PiePlot.java,org.jfree.chart.plot.PiePlot,org.pitest.mutationtest.engine.gregor.mutators.VoidMethodCallMutator,setURLGenerator,1894,SURVIVED,none
PiePlot.java,org.jfree.chart.plot.PiePlot,org.pitest.mutationtest.engine.gregor.mutators.VoidMethodCallMutator,writeObject,3258,KILLED,org.jfree.chart.plot.PiePlotTest.[engine:junit-jupiter]/[class:org.jfree.chart.plot.PiePlotTest]/[method:testSerialization()]
PiePlot.java,org.jfree.chart.plot.PiePlot,org.pitest.mutationtest.engine.gregor.mutators.VoidMethodCallMutator,writeObject,3259,KILLED,org.jfree.chart.plot.PiePlotTest.[engine:junit-jupiter]/[class:org.jfree.chart.plot.PiePlotTest]/[method:testSerialization()]
PiePlot.java,org.jfree.chart.plot.PiePlot,org.pitest.mutationtest.engine.gregor.mutators.VoidMethodCallMutator,writeObject,3260,KILLED,org.jfree.chart.plot.PiePlotTest.[engine:junit-jupiter]/[class:org.jfree.chart.plot.PiePlotTest]/[method:testSerialization()]
PiePlot.java,org.jfree.chart.plot.PiePlot,org.pitest.mutationtest.engine.gregor.mutators.VoidMethodCallMutator,writeObject,3261,KILLED,org.jfree.chart.plot.PiePlotTest.[engine:junit-jupiter]/[class:org.jfree.chart.plot.PiePlotTest]/[method:testSerialization()]
PiePlot.java,org.jfree.chart.plot.PiePlot,org.pitest.mutationtest.engine.gregor.mutators.VoidMethodCallMutator,writeObject,3262,KILLED,org.jfree.chart.plot.PiePlotTest.[engine:junit-jupiter]/[class:org.jfree.chart.plot.PiePlotTest]/[method:testSerialization()]
PiePlot.java,org.jfree.chart.plot.PiePlot,org.pitest.mutationtest.engine.gregor.mutators.VoidMethodCallMutator,writeObject,3263,KILLED,org.jfree.chart.plot.PiePlotTest.[engine:junit-jupiter]/[class:org.jfree.chart.plot.PiePlotTest]/[method:testSerialization()]
PiePlot.java,org.jfree.chart.plot.PiePlot,org.pitest.mutationtest.engine.gregor.mutators.VoidMethodCallMutator,writeObject,3264,KILLED,org.jfree.chart.plot.PiePlotTest.[engine:junit-jupiter]/[class:org.jfree.chart.plot.PiePlotTest]/[method:testSerialization()]
PiePlot.java,org.jfree.chart.plot.PiePlot,org.pitest.mutationtest.engine.gregor.mutators.VoidMethodCallMutator,writeObject,3265,KILLED,org.jfree.chart.plot.PiePlotTest.[engine:junit-jupiter]/[class:org.jfree.chart.plot.PiePlotTest]/[method:testSerialization()]
PiePlot.java,org.jfree.chart.plot.PiePlot,org.pitest.mutationtest.engine.gregor.mutators.VoidMethodCallMutator,writeObject,3266,KILLED,org.jfree.chart.plot.PiePlotTest.[engine:junit-jupiter]/[class:org.jfree.chart.plot.PiePlotTest]/[method:testSerialization()]
PiePlot.java,org.jfree.chart.plot.PiePlot,org.pitest.mutationtest.engine.gregor.mutators.VoidMethodCallMutator,writeObject,3267,KILLED,org.jfree.chart.plot.PiePlotTest.[engine:junit-jupiter]/[class:org.jfree.chart.plot.PiePlotTest]/[method:testSerialization()]
PiePlot.java,org.jfree.chart.plot.PiePlot,org.pitest.mutationtest.engine.gregor.mutators.VoidMethodCallMutator,writeObject,3268,KILLED,org.jfree.chart.plot.PiePlotTest.[engine:junit-jupiter]/[class:org.jfree.chart.plot.PiePlotTest]/[method:testSerialization()]
PiePlot.java,org.jfree.chart.plot.PiePlot,org.pitest.mutationtest.engine.gregor.mutators.VoidMethodCallMutator,writeObject,3269,KILLED,org.jfree.chart.plot.PiePlotTest.[engine:junit-jupiter]/[class:org.jfree.chart.plot.PiePlotTest]/[method:testSerialization()]
PiePlot.java,org.jfree.chart.plot.PiePlot,org.pitest.mutationtest.engine.gregor.mutators.VoidMethodCallMutator,writeObject,3270,KILLED,org.jfree.chart.plot.PiePlotTest.[engine:junit-jupiter]/[class:org.jfree.chart.plot.PiePlotTest]/[method:testSerialization()]
