XYPlot.java,org.jfree.chart.plot.XYPlot,org.pitest.mutationtest.engine.gregor.mutators.NegateConditionalsMutator,<init>,459,KILLED,org.jfree.chart.plot.XYPlotTest.[engine:junit-jupiter]/[class:org.jfree.chart.plot.XYPlotTest]/[method:testGetDatasetCount()]
XYPlot.java,org.jfree.chart.plot.XYPlot,org.pitest.mutationtest.engine.gregor.mutators.NegateConditionalsMutator,<init>,464,KILLED,org.jfree.chart.plot.XYPlotTest.[engine:junit-jupiter]/[class:org.jfree.chart.plot.XYPlotTest]/[method:testGetDatasetCount()]
XYPlot.java,org.jfree.chart.plot.XYPlot,org.pitest.mutationtest.engine.gregor.mutators.NegateConditionalsMutator,<init>,471,KILLED,org.jfree.chart.plot.XYPlotTest.[engine:junit-jupiter]/[class:org.jfree.chart.plot.XYPlotTest]/[method:testGetDatasetCount()]
XYPlot.java,org.jfree.chart.plot.XYPlot,org.pitest.mutationtest.engine.gregor.mutators.NegateConditionalsMutator,<init>,479,KILLED,org.jfree.chart.plot.XYPlotTest.[engine:junit-jupiter]/[class:org.jfree.chart.plot.XYPlotTest]/[method:testGetDatasetCount()]
XYPlot.java,org.jfree.chart.plot.XYPlot,org.pitest.mutationtest.engine.gregor.mutators.VoidMethodCallMutator,<init>,460,SURVIVED,none
XYPlot.java,org.jfree.chart.plot.XYPlot,org.pitest.mutationtest.engine.gregor.mutators.VoidMethodCallMutator,<init>,465,KILLED,org.jfree.chart.plot.XYPlotTest.[engine:junit-jupiter]/[class:org.jfree.chart.plot.XYPlotTest]/[method:testDrawSeriesWithZeroItems()]
XYPlot.java,org.jfree.chart.plot.XYPlot,org.pitest.mutationtest.engine.gregor.mutators.VoidMethodCallMutator,<init>,466,SURVIVED,none
XYPlot.java,org.jfree.chart.plot.XYPlot,org.pitest.mutationtest.engine.gregor.mutators.VoidMethodCallMutator,<init>,470,SURVIVED,none
XYPlot.java,org.jfree.chart.plot.XYPlot,org.pitest.mutationtest.engine.gregor.mutators.VoidMethodCallMutator,<init>,472,KILLED,org.jfree.chart.plot.XYPlotTest.[engine:junit-jupiter]/[class:org.jfree.chart.plot.XYPlotTest]/[method:testGetDataRangeWithMultipleDatasets()]
XYPlot.java,org.jfree.chart.plot.XYPlot,org.pitest.mutationtest.engine.gregor.mutators.VoidMethodCallMutator,<init>,473,KILLED,org.jfree.chart.plot.CombinedRangeXYPlotTest.[engine:junit-jupiter]/[class:org.jfree.chart.plot.CombinedRangeXYPlotTest]/[method:testNotification()]
XYPlot.java,org.jfree.chart.plot.XYPlot,org.pitest.mutationtest.engine.gregor.mutators.VoidMethodCallMutator,<init>,478,SURVIVED,none
XYPlot.java,org.jfree.chart.plot.XYPlot,org.pitest.mutationtest.engine.gregor.mutators.VoidMethodCallMutator,<init>,480,KILLED,org.jfree.chart.renderer.xy.XYLineAndShapeRendererTest.[engine:junit-jupiter]/[class:org.jfree.chart.renderer.xy.XYLineAndShapeRendererTest]/[method:testFindRangeBounds()]
XYPlot.java,org.jfree.chart.plot.XYPlot,org.pitest.mutationtest.engine.gregor.mutators.VoidMethodCallMutator,<init>,481,KILLED,org.jfree.chart.plot.CombinedDomainXYPlotTest.[engine:junit-jupiter]/[class:org.jfree.chart.plot.CombinedDomainXYPlotTest]/[method:testNotification()]
XYPlot.java,org.jfree.chart.plot.XYPlot,org.pitest.mutationtest.engine.gregor.mutators.VoidMethodCallMutator,<init>,485,SURVIVED,none
XYPlot.java,org.jfree.chart.plot.XYPlot,org.pitest.mutationtest.engine.gregor.mutators.VoidMethodCallMutator,<init>,486,SURVIVED,none
XYPlot.java,org.jfree.chart.plot.XYPlot,org.pitest.mutationtest.engine.gregor.mutators.VoidMethodCallMutator,addAnnotation,2609,KILLED,org.jfree.chart.plot.XYPlotTest.[engine:junit-jupiter]/[class:org.jfree.chart.plot.XYPlotTest]/[method:testRemoveAnnotation()]
XYPlot.java,org.jfree.chart.plot.XYPlot,org.pitest.mutationtest.engine.gregor.mutators.NegateConditionalsMutator,addAnnotation,2623,SURVIVED,none
XYPlot.java,org.jfree.chart.plot.XYPlot,org.pitest.mutationtest.engine.gregor.mutators.VoidMethodCallMutator,addAnnotation,2620,SURVIVED,none
XYPlot.java,org.jfree.chart.plot.XYPlot,org.pitest.mutationtest.engine.gregor.mutators.VoidMethodCallMutator,addAnnotation,2622,SURVIVED,none
XYPlot.java,org.jfree.chart.plot.XYPlot,org.pitest.mutationtest.engine.gregor.mutators.VoidMethodCallMutator,addAnnotation,2624,SURVIVED,none
XYPlot.java,org.jfree.chart.plot.XYPlot,org.pitest.mutationtest.engine.gregor.mutators.VoidMethodCallMutator,addDomainMarker,2288,KILLED,org.jfree.chart.plot.XYPlotTest.[engine:junit-jupiter]/[class:org.jfree.chart.plot.XYPlotTest]/[method:testAddDomainMarker()]
XYPlot.java,org.jfree.chart.plot.XYPlot,org.pitest.mutationtest.engine.gregor.mutators.NegateConditionalsMutator,addDomainMarker,2309,KILLED,org.jfree.chart.plot.XYPlotTest.[engine:junit-jupiter]/[class:org.jfree.chart.plot.XYPlotTest]/[method:testAddDomainMarker()]
XYPlot.java,org.jfree.chart.plot.XYPlot,org.pitest.mutationtest.engine.gregor.mutators.NegateConditionalsMutator,addDomainMarker,2313,SURVIVED,none
XYPlot.java,org.jfree.chart.plot.XYPlot,org.pitest.mutationtest.engine.gregor.mutators.NegateConditionalsMutator,addDomainMarker,2318,SURVIVED,none
XYPlot.java,org.jfree.chart.plot.XYPlot,org.pitest.mutationtest.engine.gregor.mutators.VoidMethodCallMutator,addDomainMarker,2306,SURVIVED,none
XYPlot.java,org.jfree.chart.plot.XYPlot,org.pitest.mutationtest.engine.gregor.mutators.VoidMethodCallMutator,addDomainMarker,2307,SURVIVED,none
XYPlot.java,org.jfree.chart.plot.XYPlot,org.pitest.mutationtest.engine.gregor.mutators.VoidMethodCallMutator,addDomainMarker,2317,KILLED,org.jfree.chart.plot.XYPlotTest.[engine:junit-jupiter]/[class:org.jfree.chart.plot.XYPlotTest]/[method:testAddDomainMarker()]
XYPlot.java,org.jfree.chart.plot.XYPlot,org.pitest.mutationtest.engine.gregor.mutators.VoidMethodCallMutator,addDomainMarker,2319,SURVIVED,none
XYPlot.java,org.jfree.chart.plot.XYPlot,org.pitest.mutationtest.engine.gregor.mutators.VoidMethodCallMutator,addDomainMarker,2199,KILLED,org.jfree.chart.plot.XYPlotTest.[engine:junit-jupiter]/[class:org.jfree.chart.plot.XYPlotTest]/[method:testAddDomainMarker()]
XYPlot.java,org.jfree.chart.plot.XYPlot,org.pitest.mutationtest.engine.gregor.mutators.VoidMethodCallMutator,addDomainMarker,2215,KILLED,org.jfree.chart.plot.XYPlotTest.[engine:junit-jupiter]/[class:org.jfree.chart.plot.XYPlotTest]/[method:testAddDomainMarker()]
XYPlot.java,org.jfree.chart.plot.XYPlot,org.pitest.mutationtest.engine.gregor.mutators.VoidMethodCallMutator,addRangeMarker,2465,KILLED,org.jfree.chart.plot.XYPlotTest.[engine:junit-jupiter]/[class:org.jfree.chart.plot.XYPlotTest]/[method:testAddRangeMarker()]
XYPlot.java,org.jfree.chart.plot.XYPlot,org.pitest.mutationtest.engine.gregor.mutators.NegateConditionalsMutator,addRangeMarker,2483,KILLED,org.jfree.chart.plot.XYPlotTest.[engine:junit-jupiter]/[class:org.jfree.chart.plot.XYPlotTest]/[method:testAddRangeMarker()]
XYPlot.java,org.jfree.chart.plot.XYPlot,org.pitest.mutationtest.engine.gregor.mutators.NegateConditionalsMutator,addRangeMarker,2487,KILLED,org.jfree.chart.plot.XYPlotTest.[engine:junit-jupiter]/[class:org.jfree.chart.plot.XYPlotTest]/[method:testEquals()]
XYPlot.java,org.jfree.chart.plot.XYPlot,org.pitest.mutationtest.engine.gregor.mutators.NegateConditionalsMutator,addRangeMarker,2492,SURVIVED,none
XYPlot.java,org.jfree.chart.plot.XYPlot,org.pitest.mutationtest.engine.gregor.mutators.VoidMethodCallMutator,addRangeMarker,2491,KILLED,org.jfree.chart.plot.XYPlotTest.[engine:junit-jupiter]/[class:org.jfree.chart.plot.XYPlotTest]/[method:testAddRangeMarker()]
XYPlot.java,org.jfree.chart.plot.XYPlot,org.pitest.mutationtest.engine.gregor.mutators.VoidMethodCallMutator,addRangeMarker,2493,SURVIVED,none
XYPlot.java,org.jfree.chart.plot.XYPlot,org.pitest.mutationtest.engine.gregor.mutators.VoidMethodCallMutator,addRangeMarker,2407,KILLED,org.jfree.chart.plot.XYPlotTest.[engine:junit-jupiter]/[class:org.jfree.chart.plot.XYPlotTest]/[method:testAddRangeMarker()]
XYPlot.java,org.jfree.chart.plot.XYPlot,org.pitest.mutationtest.engine.gregor.mutators.VoidMethodCallMutator,addRangeMarker,2423,KILLED,org.jfree.chart.plot.XYPlotTest.[engine:junit-jupiter]/[class:org.jfree.chart.plot.XYPlotTest]/[method:testAddRangeMarker()]
XYPlot.java,org.jfree.chart.plot.XYPlot,org.pitest.mutationtest.engine.gregor.mutators.NegateConditionalsMutator,annotationChanged,4262,NO_COVERAGE,none
XYPlot.java,org.jfree.chart.plot.XYPlot,org.pitest.mutationtest.engine.gregor.mutators.VoidMethodCallMutator,annotationChanged,4263,NO_COVERAGE,none
XYPlot.java,org.jfree.chart.plot.XYPlot,org.pitest.mutationtest.engine.gregor.mutators.VoidMethodCallMutator,annotationChanged,4267,NO_COVERAGE,none
XYPlot.java,org.jfree.chart.plot.XYPlot,org.pitest.mutationtest.engine.gregor.mutators.returns.NullReturnValsMutator,calculateAxisSpace,2750,KILLED,org.jfree.chart.plot.XYPlotTest.[engine:junit-jupiter]/[class:org.jfree.chart.plot.XYPlotTest]/[method:testDrawSeriesWithZeroItems()]
XYPlot.java,org.jfree.chart.plot.XYPlot,org.pitest.mutationtest.engine.gregor.mutators.NegateConditionalsMutator,calculateDomainAxisSpace,2765,SURVIVED,none
XYPlot.java,org.jfree.chart.plot.XYPlot,org.pitest.mutationtest.engine.gregor.mutators.NegateConditionalsMutator,calculateDomainAxisSpace,2770,KILLED,org.jfree.chart.plot.XYPlotTest.[engine:junit-jupiter]/[class:org.jfree.chart.plot.XYPlotTest]/[method:testDrawSeriesWithZeroItems()]
XYPlot.java,org.jfree.chart.plot.XYPlot,org.pitest.mutationtest.engine.gregor.mutators.NegateConditionalsMutator,calculateDomainAxisSpace,2771,SURVIVED,none
XYPlot.java,org.jfree.chart.plot.XYPlot,org.pitest.mutationtest.engine.gregor.mutators.NegateConditionalsMutator,calculateDomainAxisSpace,2777,SURVIVED,none
XYPlot.java,org.jfree.chart.plot.XYPlot,org.pitest.mutationtest.engine.gregor.mutators.NegateConditionalsMutator,calculateDomainAxisSpace,2787,SURVIVED,none
XYPlot.java,org.jfree.chart.plot.XYPlot,org.pitest.mutationtest.engine.gregor.mutators.VoidMethodCallMutator,calculateDomainAxisSpace,2772,NO_COVERAGE,none
XYPlot.java,org.jfree.chart.plot.XYPlot,org.pitest.mutationtest.engine.gregor.mutators.VoidMethodCallMutator,calculateDomainAxisSpace,2774,NO_COVERAGE,none
XYPlot.java,org.jfree.chart.plot.XYPlot,org.pitest.mutationtest.engine.gregor.mutators.VoidMethodCallMutator,calculateDomainAxisSpace,2778,SURVIVED,none
XYPlot.java,org.jfree.chart.plot.XYPlot,org.pitest.mutationtest.engine.gregor.mutators.VoidMethodCallMutator,calculateDomainAxisSpace,2780,SURVIVED,none
XYPlot.java,org.jfree.chart.plot.XYPlot,org.pitest.mutationtest.engine.gregor.mutators.returns.NullReturnValsMutator,calculateDomainAxisSpace,2795,KILLED,org.jfree.chart.plot.XYPlotTest.[engine:junit-jupiter]/[class:org.jfree.chart.plot.XYPlotTest]/[method:testDrawSeriesWithZeroItems()]
XYPlot.java,org.jfree.chart.plot.XYPlot,org.pitest.mutationtest.engine.gregor.mutators.NegateConditionalsMutator,calculateRangeAxisSpace,2811,SURVIVED,none
XYPlot.java,org.jfree.chart.plot.XYPlot,org.pitest.mutationtest.engine.gregor.mutators.NegateConditionalsMutator,calculateRangeAxisSpace,2816,KILLED,org.jfree.chart.plot.XYPlotTest.[engine:junit-jupiter]/[class:org.jfree.chart.plot.XYPlotTest]/[method:testDrawSeriesWithZeroItems()]
XYPlot.java,org.jfree.chart.plot.XYPlot,org.pitest.mutationtest.engine.gregor.mutators.NegateConditionalsMutator,calculateRangeAxisSpace,2817,NO_COVERAGE,none
XYPlot.java,org.jfree.chart.plot.XYPlot,org.pitest.mutationtest.engine.gregor.mutators.NegateConditionalsMutator,calculateRangeAxisSpace,2823,NO_COVERAGE,none
XYPlot.java,org.jfree.chart.plot.XYPlot,org.pitest.mutationtest.engine.gregor.mutators.NegateConditionalsMutator,calculateRangeAxisSpace,2833,KILLED,org.jfree.chart.plot.CombinedRangeXYPlotTest.[engine:junit-jupiter]/[class:org.jfree.chart.plot.CombinedRangeXYPlotTest]/[method:testNotification()]
XYPlot.java,org.jfree.chart.plot.XYPlot,org.pitest.mutationtest.engine.gregor.mutators.VoidMethodCallMutator,calculateRangeAxisSpace,2818,NO_COVERAGE,none
XYPlot.java,org.jfree.chart.plot.XYPlot,org.pitest.mutationtest.engine.gregor.mutators.VoidMethodCallMutator,calculateRangeAxisSpace,2820,NO_COVERAGE,none
XYPlot.java,org.jfree.chart.plot.XYPlot,org.pitest.mutationtest.engine.gregor.mutators.VoidMethodCallMutator,calculateRangeAxisSpace,2824,NO_COVERAGE,none
XYPlot.java,org.jfree.chart.plot.XYPlot,org.pitest.mutationtest.engine.gregor.mutators.VoidMethodCallMutator,calculateRangeAxisSpace,2826,NO_COVERAGE,none
XYPlot.java,org.jfree.chart.plot.XYPlot,org.pitest.mutationtest.engine.gregor.mutators.returns.NullReturnValsMutator,calculateRangeAxisSpace,2840,KILLED,org.jfree.chart.plot.XYPlotTest.[engine:junit-jupiter]/[class:org.jfree.chart.plot.XYPlotTest]/[method:testDrawSeriesWithZeroItems()]
XYPlot.java,org.jfree.chart.plot.XYPlot,org.pitest.mutationtest.engine.gregor.mutators.NegateConditionalsMutator,checkAxisIndices,1338,SURVIVED,none
XYPlot.java,org.jfree.chart.plot.XYPlot,org.pitest.mutationtest.engine.gregor.mutators.NegateConditionalsMutator,checkAxisIndices,1342,KILLED,org.jfree.chart.plot.XYPlotTest.[engine:junit-jupiter]/[class:org.jfree.chart.plot.XYPlotTest]/[method:testGetDatasetCount()]
XYPlot.java,org.jfree.chart.plot.XYPlot,org.pitest.mutationtest.engine.gregor.mutators.NegateConditionalsMutator,checkAxisIndices,1347,KILLED,org.jfree.chart.plot.XYPlotTest.[engine:junit-jupiter]/[class:org.jfree.chart.plot.XYPlotTest]/[method:testGetDatasetCount()]
XYPlot.java,org.jfree.chart.plot.XYPlot,org.pitest.mutationtest.engine.gregor.mutators.VoidMethodCallMutator,clearAnnotations,2681,NO_COVERAGE,none
XYPlot.java,org.jfree.chart.plot.XYPlot,org.pitest.mutationtest.engine.gregor.mutators.VoidMethodCallMutator,clearAnnotations,2683,NO_COVERAGE,none
XYPlot.java,org.jfree.chart.plot.XYPlot,org.pitest.mutationtest.engine.gregor.mutators.VoidMethodCallMutator,clearAnnotations,2684,NO_COVERAGE,none
XYPlot.java,org.jfree.chart.plot.XYPlot,org.pitest.mutationtest.engine.gregor.mutators.NegateConditionalsMutator,clearDomainAxes,779,NO_COVERAGE,none
XYPlot.java,org.jfree.chart.plot.XYPlot,org.pitest.mutationtest.engine.gregor.mutators.VoidMethodCallMutator,clearDomainAxes,780,NO_COVERAGE,none
XYPlot.java,org.jfree.chart.plot.XYPlot,org.pitest.mutationtest.engine.gregor.mutators.VoidMethodCallMutator,clearDomainAxes,783,NO_COVERAGE,none
XYPlot.java,org.jfree.chart.plot.XYPlot,org.pitest.mutationtest.engine.gregor.mutators.VoidMethodCallMutator,clearDomainAxes,784,NO_COVERAGE,none
XYPlot.java,org.jfree.chart.plot.XYPlot,org.pitest.mutationtest.engine.gregor.mutators.VoidMethodCallMutator,clearDomainGridlineRecords,2722,KILLED,org.jfree.chart.plot.XYPlotTest.[engine:junit-jupiter]/[class:org.jfree.chart.plot.XYPlotTest]/[method:testClearDomainGridlineRecords()]
XYPlot.java,org.jfree.chart.plot.XYPlot,org.pitest.mutationtest.engine.gregor.mutators.NegateConditionalsMutator,clearDomainMarkers,2225,SURVIVED,none
XYPlot.java,org.jfree.chart.plot.XYPlot,org.pitest.mutationtest.engine.gregor.mutators.NegateConditionalsMutator,clearDomainMarkers,2232,KILLED,org.jfree.chart.plot.XYPlotTest.[engine:junit-jupiter]/[class:org.jfree.chart.plot.XYPlotTest]/[method:testAddDomainMarker()]
XYPlot.java,org.jfree.chart.plot.XYPlot,org.pitest.mutationtest.engine.gregor.mutators.VoidMethodCallMutator,clearDomainMarkers,2228,NO_COVERAGE,none
XYPlot.java,org.jfree.chart.plot.XYPlot,org.pitest.mutationtest.engine.gregor.mutators.VoidMethodCallMutator,clearDomainMarkers,2230,SURVIVED,none
XYPlot.java,org.jfree.chart.plot.XYPlot,org.pitest.mutationtest.engine.gregor.mutators.VoidMethodCallMutator,clearDomainMarkers,2235,KILLED,org.jfree.chart.plot.XYPlotTest.[engine:junit-jupiter]/[class:org.jfree.chart.plot.XYPlotTest]/[method:testAddDomainMarker()]
XYPlot.java,org.jfree.chart.plot.XYPlot,org.pitest.mutationtest.engine.gregor.mutators.VoidMethodCallMutator,clearDomainMarkers,2237,SURVIVED,none
XYPlot.java,org.jfree.chart.plot.XYPlot,org.pitest.mutationtest.engine.gregor.mutators.VoidMethodCallMutator,clearDomainMarkers,2239,SURVIVED,none
XYPlot.java,org.jfree.chart.plot.XYPlot,org.pitest.mutationtest.engine.gregor.mutators.NegateConditionalsMutator,clearDomainMarkers,2251,SURVIVED,none
XYPlot.java,org.jfree.chart.plot.XYPlot,org.pitest.mutationtest.engine.gregor.mutators.NegateConditionalsMutator,clearDomainMarkers,2253,KILLED,org.jfree.chart.plot.XYPlotTest.[engine:junit-jupiter]/[class:org.jfree.chart.plot.XYPlotTest]/[method:testAddDomainMarker()]
XYPlot.java,org.jfree.chart.plot.XYPlot,org.pitest.mutationtest.engine.gregor.mutators.NegateConditionalsMutator,clearDomainMarkers,2260,KILLED,org.jfree.chart.plot.XYPlotTest.[engine:junit-jupiter]/[class:org.jfree.chart.plot.XYPlotTest]/[method:testAddDomainMarker()]
XYPlot.java,org.jfree.chart.plot.XYPlot,org.pitest.mutationtest.engine.gregor.mutators.NegateConditionalsMutator,clearDomainMarkers,2262,KILLED,org.jfree.chart.plot.XYPlotTest.[engine:junit-jupiter]/[class:org.jfree.chart.plot.XYPlotTest]/[method:testAddDomainMarker()]
XYPlot.java,org.jfree.chart.plot.XYPlot,org.pitest.mutationtest.engine.gregor.mutators.VoidMethodCallMutator,clearDomainMarkers,2255,NO_COVERAGE,none
XYPlot.java,org.jfree.chart.plot.XYPlot,org.pitest.mutationtest.engine.gregor.mutators.VoidMethodCallMutator,clearDomainMarkers,2257,NO_COVERAGE,none
XYPlot.java,org.jfree.chart.plot.XYPlot,org.pitest.mutationtest.engine.gregor.mutators.VoidMethodCallMutator,clearDomainMarkers,2264,KILLED,org.jfree.chart.plot.XYPlotTest.[engine:junit-jupiter]/[class:org.jfree.chart.plot.XYPlotTest]/[method:testAddDomainMarker()]
XYPlot.java,org.jfree.chart.plot.XYPlot,org.pitest.mutationtest.engine.gregor.mutators.VoidMethodCallMutator,clearDomainMarkers,2266,SURVIVED,none
XYPlot.java,org.jfree.chart.plot.XYPlot,org.pitest.mutationtest.engine.gregor.mutators.VoidMethodCallMutator,clearDomainMarkers,2269,SURVIVED,none
XYPlot.java,org.jfree.chart.plot.XYPlot,org.pitest.mutationtest.engine.gregor.mutators.NegateConditionalsMutator,clearRangeAxes,1071,NO_COVERAGE,none
XYPlot.java,org.jfree.chart.plot.XYPlot,org.pitest.mutationtest.engine.gregor.mutators.VoidMethodCallMutator,clearRangeAxes,1072,NO_COVERAGE,none
XYPlot.java,org.jfree.chart.plot.XYPlot,org.pitest.mutationtest.engine.gregor.mutators.VoidMethodCallMutator,clearRangeAxes,1075,NO_COVERAGE,none
XYPlot.java,org.jfree.chart.plot.XYPlot,org.pitest.mutationtest.engine.gregor.mutators.VoidMethodCallMutator,clearRangeAxes,1076,NO_COVERAGE,none
XYPlot.java,org.jfree.chart.plot.XYPlot,org.pitest.mutationtest.engine.gregor.mutators.NegateConditionalsMutator,clearRangeMarkers,2433,SURVIVED,none
XYPlot.java,org.jfree.chart.plot.XYPlot,org.pitest.mutationtest.engine.gregor.mutators.NegateConditionalsMutator,clearRangeMarkers,2440,KILLED,org.jfree.chart.plot.XYPlotTest.[engine:junit-jupiter]/[class:org.jfree.chart.plot.XYPlotTest]/[method:testAddRangeMarker()]
XYPlot.java,org.jfree.chart.plot.XYPlot,org.pitest.mutationtest.engine.gregor.mutators.VoidMethodCallMutator,clearRangeMarkers,2436,NO_COVERAGE,none
XYPlot.java,org.jfree.chart.plot.XYPlot,org.pitest.mutationtest.engine.gregor.mutators.VoidMethodCallMutator,clearRangeMarkers,2438,SURVIVED,none
XYPlot.java,org.jfree.chart.plot.XYPlot,org.pitest.mutationtest.engine.gregor.mutators.VoidMethodCallMutator,clearRangeMarkers,2443,KILLED,org.jfree.chart.plot.XYPlotTest.[engine:junit-jupiter]/[class:org.jfree.chart.plot.XYPlotTest]/[method:testAddRangeMarker()]
XYPlot.java,org.jfree.chart.plot.XYPlot,org.pitest.mutationtest.engine.gregor.mutators.VoidMethodCallMutator,clearRangeMarkers,2445,SURVIVED,none
XYPlot.java,org.jfree.chart.plot.XYPlot,org.pitest.mutationtest.engine.gregor.mutators.VoidMethodCallMutator,clearRangeMarkers,2447,SURVIVED,none
XYPlot.java,org.jfree.chart.plot.XYPlot,org.pitest.mutationtest.engine.gregor.mutators.NegateConditionalsMutator,clearRangeMarkers,2504,SURVIVED,none
XYPlot.java,org.jfree.chart.plot.XYPlot,org.pitest.mutationtest.engine.gregor.mutators.NegateConditionalsMutator,clearRangeMarkers,2506,KILLED,org.jfree.chart.plot.XYPlotTest.[engine:junit-jupiter]/[class:org.jfree.chart.plot.XYPlotTest]/[method:testAddRangeMarker()]
XYPlot.java,org.jfree.chart.plot.XYPlot,org.pitest.mutationtest.engine.gregor.mutators.NegateConditionalsMutator,clearRangeMarkers,2513,KILLED,org.jfree.chart.plot.XYPlotTest.[engine:junit-jupiter]/[class:org.jfree.chart.plot.XYPlotTest]/[method:testAddRangeMarker()]
XYPlot.java,org.jfree.chart.plot.XYPlot,org.pitest.mutationtest.engine.gregor.mutators.NegateConditionalsMutator,clearRangeMarkers,2515,KILLED,org.jfree.chart.plot.XYPlotTest.[engine:junit-jupiter]/[class:org.jfree.chart.plot.XYPlotTest]/[method:testAddRangeMarker()]
XYPlot.java,org.jfree.chart.plot.XYPlot,org.pitest.mutationtest.engine.gregor.mutators.VoidMethodCallMutator,clearRangeMarkers,2508,NO_COVERAGE,none
XYPlot.java,org.jfree.chart.plot.XYPlot,org.pitest.mutationtest.engine.gregor.mutators.VoidMethodCallMutator,clearRangeMarkers,2510,NO_COVERAGE,none
XYPlot.java,org.jfree.chart.plot.XYPlot,org.pitest.mutationtest.engine.gregor.mutators.VoidMethodCallMutator,clearRangeMarkers,2517,KILLED,org.jfree.chart.plot.XYPlotTest.[engine:junit-jupiter]/[class:org.jfree.chart.plot.XYPlotTest]/[method:testAddRangeMarker()]
XYPlot.java,org.jfree.chart.plot.XYPlot,org.pitest.mutationtest.engine.gregor.mutators.VoidMethodCallMutator,clearRangeMarkers,2519,SURVIVED,none
XYPlot.java,org.jfree.chart.plot.XYPlot,org.pitest.mutationtest.engine.gregor.mutators.VoidMethodCallMutator,clearRangeMarkers,2522,SURVIVED,none
XYPlot.java,org.jfree.chart.plot.XYPlot,org.pitest.mutationtest.engine.gregor.mutators.NegateConditionalsMutator,clone,5257,KILLED,org.jfree.chart.plot.XYPlotTest.[engine:junit-jupiter]/[class:org.jfree.chart.plot.XYPlotTest]/[method:testCloning_QuadrantOrigin()]
XYPlot.java,org.jfree.chart.plot.XYPlot,org.pitest.mutationtest.engine.gregor.mutators.NegateConditionalsMutator,clone,5264,KILLED,org.jfree.chart.plot.XYPlotTest.[engine:junit-jupiter]/[class:org.jfree.chart.plot.XYPlotTest]/[method:testCloning_QuadrantOrigin()]
XYPlot.java,org.jfree.chart.plot.XYPlot,org.pitest.mutationtest.engine.gregor.mutators.NegateConditionalsMutator,clone,5275,KILLED,org.jfree.chart.plot.XYPlotTest.[engine:junit-jupiter]/[class:org.jfree.chart.plot.XYPlotTest]/[method:testCloning_QuadrantOrigin()]
XYPlot.java,org.jfree.chart.plot.XYPlot,org.pitest.mutationtest.engine.gregor.mutators.NegateConditionalsMutator,clone,5287,KILLED,org.jfree.chart.plot.XYPlotTest.[engine:junit-jupiter]/[class:org.jfree.chart.plot.XYPlotTest]/[method:testCloning_QuadrantOrigin()]
XYPlot.java,org.jfree.chart.plot.XYPlot,org.pitest.mutationtest.engine.gregor.mutators.NegateConditionalsMutator,clone,5301,KILLED,org.jfree.chart.plot.XYPlotTest.[engine:junit-jupiter]/[class:org.jfree.chart.plot.XYPlotTest]/[method:testCloning_QuadrantOrigin()]
XYPlot.java,org.jfree.chart.plot.XYPlot,org.pitest.mutationtest.engine.gregor.mutators.NegateConditionalsMutator,clone,5305,KILLED,org.jfree.chart.plot.XYPlotTest.[engine:junit-jupiter]/[class:org.jfree.chart.plot.XYPlotTest]/[method:testCloning_QuadrantOrigin()]
XYPlot.java,org.jfree.chart.plot.XYPlot,org.pitest.mutationtest.engine.gregor.mutators.NegateConditionalsMutator,clone,5309,KILLED,org.jfree.chart.plot.XYPlotTest.[engine:junit-jupiter]/[class:org.jfree.chart.plot.XYPlotTest]/[method:testCloning_QuadrantOrigin()]
XYPlot.java,org.jfree.chart.plot.XYPlot,org.pitest.mutationtest.engine.gregor.mutators.VoidMethodCallMutator,clone,5258,SURVIVED,none
XYPlot.java,org.jfree.chart.plot.XYPlot,org.pitest.mutationtest.engine.gregor.mutators.VoidMethodCallMutator,clone,5259,SURVIVED,none
XYPlot.java,org.jfree.chart.plot.XYPlot,org.pitest.mutationtest.engine.gregor.mutators.VoidMethodCallMutator,clone,5265,SURVIVED,none
XYPlot.java,org.jfree.chart.plot.XYPlot,org.pitest.mutationtest.engine.gregor.mutators.VoidMethodCallMutator,clone,5266,SURVIVED,none
XYPlot.java,org.jfree.chart.plot.XYPlot,org.pitest.mutationtest.engine.gregor.mutators.VoidMethodCallMutator,clone,5276,SURVIVED,none
XYPlot.java,org.jfree.chart.plot.XYPlot,org.pitest.mutationtest.engine.gregor.mutators.VoidMethodCallMutator,clone,5281,KILLED,org.jfree.chart.plot.XYPlotTest.[engine:junit-jupiter]/[class:org.jfree.chart.plot.XYPlotTest]/[method:testCloning_QuadrantOrigin()]
XYPlot.java,org.jfree.chart.plot.XYPlot,org.pitest.mutationtest.engine.gregor.mutators.VoidMethodCallMutator,clone,5283,KILLED,org.jfree.chart.plot.XYPlotTest.[engine:junit-jupiter]/[class:org.jfree.chart.plot.XYPlotTest]/[method:testCloning_QuadrantOrigin()]
XYPlot.java,org.jfree.chart.plot.XYPlot,org.pitest.mutationtest.engine.gregor.mutators.VoidMethodCallMutator,clone,5288,KILLED,org.jfree.chart.plot.XYPlotTest.[engine:junit-jupiter]/[class:org.jfree.chart.plot.XYPlotTest]/[method:testBug2817504()]
XYPlot.java,org.jfree.chart.plot.XYPlot,org.pitest.mutationtest.engine.gregor.mutators.VoidMethodCallMutator,clone,5289,KILLED,org.jfree.chart.plot.XYPlotTest.[engine:junit-jupiter]/[class:org.jfree.chart.plot.XYPlotTest]/[method:testCloning4()]
XYPlot.java,org.jfree.chart.plot.XYPlot,org.pitest.mutationtest.engine.gregor.mutators.returns.NullReturnValsMutator,clone,5316,KILLED,org.jfree.chart.plot.XYPlotTest.[engine:junit-jupiter]/[class:org.jfree.chart.plot.XYPlotTest]/[method:testCloning_QuadrantOrigin()]
XYPlot.java,org.jfree.chart.plot.XYPlot,org.pitest.mutationtest.engine.gregor.mutators.NegateConditionalsMutator,configureDomainAxes,792,KILLED,org.jfree.chart.plot.XYPlotTest.[engine:junit-jupiter]/[class:org.jfree.chart.plot.XYPlotTest]/[method:testGetDatasetCount()]
XYPlot.java,org.jfree.chart.plot.XYPlot,org.pitest.mutationtest.engine.gregor.mutators.VoidMethodCallMutator,configureDomainAxes,793,KILLED,org.jfree.chart.plot.XYPlotTest.[engine:junit-jupiter]/[class:org.jfree.chart.plot.XYPlotTest]/[method:testGetDataRangeWithMultipleDatasets()]
XYPlot.java,org.jfree.chart.plot.XYPlot,org.pitest.mutationtest.engine.gregor.mutators.NegateConditionalsMutator,configureRangeAxes,1086,KILLED,org.jfree.chart.plot.XYPlotTest.[engine:junit-jupiter]/[class:org.jfree.chart.plot.XYPlotTest]/[method:testGetDatasetCount()]
XYPlot.java,org.jfree.chart.plot.XYPlot,org.pitest.mutationtest.engine.gregor.mutators.VoidMethodCallMutator,configureRangeAxes,1087,KILLED,org.jfree.chart.XYLineChartTest.[engine:junit-jupiter]/[class:org.jfree.chart.XYLineChartTest]/[method:testReplaceDataset()]
XYPlot.java,org.jfree.chart.plot.XYPlot,org.pitest.mutationtest.engine.gregor.mutators.NegateConditionalsMutator,datasetChanged,4282,KILLED,org.jfree.chart.plot.XYPlotTest.[engine:junit-jupiter]/[class:org.jfree.chart.plot.XYPlotTest]/[method:testGetDatasetCount()]
XYPlot.java,org.jfree.chart.plot.XYPlot,org.pitest.mutationtest.engine.gregor.mutators.VoidMethodCallMutator,datasetChanged,4280,KILLED,org.jfree.chart.plot.XYPlotTest.[engine:junit-jupiter]/[class:org.jfree.chart.plot.XYPlotTest]/[method:testGetDataRangeWithMultipleDatasets()]
XYPlot.java,org.jfree.chart.plot.XYPlot,org.pitest.mutationtest.engine.gregor.mutators.VoidMethodCallMutator,datasetChanged,4281,KILLED,org.jfree.chart.XYLineChartTest.[engine:junit-jupiter]/[class:org.jfree.chart.XYLineChartTest]/[method:testReplaceDataset()]
XYPlot.java,org.jfree.chart.plot.XYPlot,org.pitest.mutationtest.engine.gregor.mutators.VoidMethodCallMutator,datasetChanged,4283,SURVIVED,none
XYPlot.java,org.jfree.chart.plot.XYPlot,org.pitest.mutationtest.engine.gregor.mutators.VoidMethodCallMutator,datasetChanged,4287,SURVIVED,none
XYPlot.java,org.jfree.chart.plot.XYPlot,org.pitest.mutationtest.engine.gregor.mutators.VoidMethodCallMutator,datasetChanged,4288,KILLED,org.jfree.chart.XYLineChartTest.[engine:junit-jupiter]/[class:org.jfree.chart.XYLineChartTest]/[method:testReplaceDataset()]
XYPlot.java,org.jfree.chart.plot.XYPlot,org.pitest.mutationtest.engine.gregor.mutators.ConditionalsBoundaryMutator,draw,2879,SURVIVED,none
XYPlot.java,org.jfree.chart.plot.XYPlot,org.pitest.mutationtest.engine.gregor.mutators.ConditionalsBoundaryMutator,draw,2880,SURVIVED,none
XYPlot.java,org.jfree.chart.plot.XYPlot,org.pitest.mutationtest.engine.gregor.mutators.InvertNegsMutator,draw,3004,NO_COVERAGE,none
XYPlot.java,org.jfree.chart.plot.XYPlot,org.pitest.mutationtest.engine.gregor.mutators.InvertNegsMutator,draw,3004,NO_COVERAGE,none
XYPlot.java,org.jfree.chart.plot.XYPlot,org.pitest.mutationtest.engine.gregor.mutators.MathMutator,draw,3117,NO_COVERAGE,none
XYPlot.java,org.jfree.chart.plot.XYPlot,org.pitest.mutationtest.engine.gregor.mutators.MathMutator,draw,3119,NO_COVERAGE,none
XYPlot.java,org.jfree.chart.plot.XYPlot,org.pitest.mutationtest.engine.gregor.mutators.NegateConditionalsMutator,draw,2879,KILLED,org.jfree.chart.plot.XYPlotTest.[engine:junit-jupiter]/[class:org.jfree.chart.plot.XYPlotTest]/[method:testDrawRecordsBackgroundDrawn()]
XYPlot.java,org.jfree.chart.plot.XYPlot,org.pitest.mutationtest.engine.gregor.mutators.NegateConditionalsMutator,draw,2880,KILLED,org.jfree.chart.plot.XYPlotTest.[engine:junit-jupiter]/[class:org.jfree.chart.plot.XYPlotTest]/[method:testDrawRecordsBackgroundDrawn()]
XYPlot.java,org.jfree.chart.plot.XYPlot,org.pitest.mutationtest.engine.gregor.mutators.NegateConditionalsMutator,draw,2881,KILLED,org.jfree.chart.plot.XYPlotTest.[engine:junit-jupiter]/[class:org.jfree.chart.plot.XYPlotTest]/[method:testDrawRecordsBackgroundDrawn()]
XYPlot.java,org.jfree.chart.plot.XYPlot,org.pitest.mutationtest.engine.gregor.mutators.NegateConditionalsMutator,draw,2881,KILLED,org.jfree.chart.plot.XYPlotTest.[engine:junit-jupiter]/[class:org.jfree.chart.plot.XYPlotTest]/[method:testDrawRecordsBackgroundDrawn()]
XYPlot.java,org.jfree.chart.plot.XYPlot,org.pitest.mutationtest.engine.gregor.mutators.NegateConditionalsMutator,draw,2886,KILLED,org.jfree.chart.plot.XYPlotTest.[engine:junit-jupiter]/[class:org.jfree.chart.plot.XYPlotTest]/[method:testDrawSeriesWithZeroItems()]
XYPlot.java,org.jfree.chart.plot.XYPlot,org.pitest.mutationtest.engine.gregor.mutators.NegateConditionalsMutator,draw,2900,KILLED,org.jfree.chart.plot.XYPlotTest.[engine:junit-jupiter]/[class:org.jfree.chart.plot.XYPlotTest]/[method:testDrawRecordsBackgroundDrawn()]
XYPlot.java,org.jfree.chart.plot.XYPlot,org.pitest.mutationtest.engine.gregor.mutators.NegateConditionalsMutator,draw,2904,KILLED,org.jfree.chart.plot.XYPlotTest.[engine:junit-jupiter]/[class:org.jfree.chart.plot.XYPlotTest]/[method:testDrawRangeGridlines()]
XYPlot.java,org.jfree.chart.plot.XYPlot,org.pitest.mutationtest.engine.gregor.mutators.NegateConditionalsMutator,draw,2918,KILLED,org.jfree.chart.plot.XYPlotTest.[engine:junit-jupiter]/[class:org.jfree.chart.plot.XYPlotTest]/[method:testDrawRangeGridlines()]
XYPlot.java,org.jfree.chart.plot.XYPlot,org.pitest.mutationtest.engine.gregor.mutators.NegateConditionalsMutator,draw,2918,NO_COVERAGE,none
XYPlot.java,org.jfree.chart.plot.XYPlot,org.pitest.mutationtest.engine.gregor.mutators.NegateConditionalsMutator,draw,2927,KILLED,org.jfree.chart.plot.XYPlotTest.[engine:junit-jupiter]/[class:org.jfree.chart.plot.XYPlotTest]/[method:testDrawRangeGridlines()]
XYPlot.java,org.jfree.chart.plot.XYPlot,org.pitest.mutationtest.engine.gregor.mutators.NegateConditionalsMutator,draw,2929,NO_COVERAGE,none
XYPlot.java,org.jfree.chart.plot.XYPlot,org.pitest.mutationtest.engine.gregor.mutators.NegateConditionalsMutator,draw,2931,NO_COVERAGE,none
XYPlot.java,org.jfree.chart.plot.XYPlot,org.pitest.mutationtest.engine.gregor.mutators.NegateConditionalsMutator,draw,2942,NO_COVERAGE,none
XYPlot.java,org.jfree.chart.plot.XYPlot,org.pitest.mutationtest.engine.gregor.mutators.NegateConditionalsMutator,draw,2944,NO_COVERAGE,none
XYPlot.java,org.jfree.chart.plot.XYPlot,org.pitest.mutationtest.engine.gregor.mutators.NegateConditionalsMutator,draw,2965,SURVIVED,none
XYPlot.java,org.jfree.chart.plot.XYPlot,org.pitest.mutationtest.engine.gregor.mutators.NegateConditionalsMutator,draw,2966,NO_COVERAGE,none
XYPlot.java,org.jfree.chart.plot.XYPlot,org.pitest.mutationtest.engine.gregor.mutators.NegateConditionalsMutator,draw,2973,SURVIVED,none
XYPlot.java,org.jfree.chart.plot.XYPlot,org.pitest.mutationtest.engine.gregor.mutators.NegateConditionalsMutator,draw,2974,SURVIVED,none
XYPlot.java,org.jfree.chart.plot.XYPlot,org.pitest.mutationtest.engine.gregor.mutators.NegateConditionalsMutator,draw,2979,SURVIVED,none
XYPlot.java,org.jfree.chart.plot.XYPlot,org.pitest.mutationtest.engine.gregor.mutators.NegateConditionalsMutator,draw,2982,SURVIVED,none
XYPlot.java,org.jfree.chart.plot.XYPlot,org.pitest.mutationtest.engine.gregor.mutators.NegateConditionalsMutator,draw,2985,KILLED,org.jfree.chart.plot.XYPlotTest.[engine:junit-jupiter]/[class:org.jfree.chart.plot.XYPlotTest]/[method:testClearDomainGridlineRecords()]
XYPlot.java,org.jfree.chart.plot.XYPlot,org.pitest.mutationtest.engine.gregor.mutators.NegateConditionalsMutator,draw,2990,KILLED,org.jfree.chart.plot.XYPlotTest.[engine:junit-jupiter]/[class:org.jfree.chart.plot.XYPlotTest]/[method:testDrawRecordsGridlinesDrawn()]
XYPlot.java,org.jfree.chart.plot.XYPlot,org.pitest.mutationtest.engine.gregor.mutators.NegateConditionalsMutator,draw,3000,SURVIVED,none
XYPlot.java,org.jfree.chart.plot.XYPlot,org.pitest.mutationtest.engine.gregor.mutators.NegateConditionalsMutator,draw,3000,NO_COVERAGE,none
XYPlot.java,org.jfree.chart.plot.XYPlot,org.pitest.mutationtest.engine.gregor.mutators.NegateConditionalsMutator,draw,3029,SURVIVED,none
XYPlot.java,org.jfree.chart.plot.XYPlot,org.pitest.mutationtest.engine.gregor.mutators.NegateConditionalsMutator,draw,3040,SURVIVED,none
XYPlot.java,org.jfree.chart.plot.XYPlot,org.pitest.mutationtest.engine.gregor.mutators.NegateConditionalsMutator,draw,3040,SURVIVED,none
XYPlot.java,org.jfree.chart.plot.XYPlot,org.pitest.mutationtest.engine.gregor.mutators.NegateConditionalsMutator,draw,3047,SURVIVED,none
XYPlot.java,org.jfree.chart.plot.XYPlot,org.pitest.mutationtest.engine.gregor.mutators.NegateConditionalsMutator,draw,3059,SURVIVED,none
XYPlot.java,org.jfree.chart.plot.XYPlot,org.pitest.mutationtest.engine.gregor.mutators.NegateConditionalsMutator,draw,3059,NO_COVERAGE,none
XYPlot.java,org.jfree.chart.plot.XYPlot,org.pitest.mutationtest.engine.gregor.mutators.NegateConditionalsMutator,draw,3061,NO_COVERAGE,none
XYPlot.java,org.jfree.chart.plot.XYPlot,org.pitest.mutationtest.engine.gregor.mutators.NegateConditionalsMutator,draw,3070,SURVIVED,none
XYPlot.java,org.jfree.chart.plot.XYPlot,org.pitest.mutationtest.engine.gregor.mutators.NegateConditionalsMutator,draw,3080,SURVIVED,none
XYPlot.java,org.jfree.chart.plot.XYPlot,org.pitest.mutationtest.engine.gregor.mutators.NegateConditionalsMutator,draw,3080,NO_COVERAGE,none
XYPlot.java,org.jfree.chart.plot.XYPlot,org.pitest.mutationtest.engine.gregor.mutators.NegateConditionalsMutator,draw,3082,NO_COVERAGE,none
XYPlot.java,org.jfree.chart.plot.XYPlot,org.pitest.mutationtest.engine.gregor.mutators.NegateConditionalsMutator,draw,3090,SURVIVED,none
XYPlot.java,org.jfree.chart.plot.XYPlot,org.pitest.mutationtest.engine.gregor.mutators.NegateConditionalsMutator,draw,3097,SURVIVED,none
XYPlot.java,org.jfree.chart.plot.XYPlot,org.pitest.mutationtest.engine.gregor.mutators.NegateConditionalsMutator,draw,3112,KILLED,org.jfree.chart.plot.XYPlotTest.[engine:junit-jupiter]/[class:org.jfree.chart.plot.XYPlotTest]/[method:testDrawRangeGridlines()]
XYPlot.java,org.jfree.chart.plot.XYPlot,org.pitest.mutationtest.engine.gregor.mutators.NegateConditionalsMutator,draw,3112,NO_COVERAGE,none
XYPlot.java,org.jfree.chart.plot.XYPlot,org.pitest.mutationtest.engine.gregor.mutators.VoidMethodCallMutator,draw,2887,SURVIVED,none
XYPlot.java,org.jfree.chart.plot.XYPlot,org.pitest.mutationtest.engine.gregor.mutators.VoidMethodCallMutator,draw,2888,KILLED,org.jfree.chart.plot.XYPlotTest.[engine:junit-jupiter]/[class:org.jfree.chart.plot.XYPlotTest]/[method:testDrawRecordsPlotRenderingInfoOperations()]
XYPlot.java,org.jfree.chart.plot.XYPlot,org.pitest.mutationtest.engine.gregor.mutators.VoidMethodCallMutator,draw,2893,SURVIVED,none
XYPlot.java,org.jfree.chart.plot.XYPlot,org.pitest.mutationtest.engine.gregor.mutators.VoidMethodCallMutator,draw,2897,SURVIVED,none
XYPlot.java,org.jfree.chart.plot.XYPlot,org.pitest.mutationtest.engine.gregor.mutators.VoidMethodCallMutator,draw,2903,SURVIVED,none
XYPlot.java,org.jfree.chart.plot.XYPlot,org.pitest.mutationtest.engine.gregor.mutators.VoidMethodCallMutator,draw,2905,SURVIVED,none
XYPlot.java,org.jfree.chart.plot.XYPlot,org.pitest.mutationtest.engine.gregor.mutators.VoidMethodCallMutator,draw,2906,KILLED,org.jfree.chart.plot.XYPlotTest.[engine:junit-jupiter]/[class:org.jfree.chart.plot.XYPlotTest]/[method:testDrawRecordsPlotRenderingInfoOperations()]
XYPlot.java,org.jfree.chart.plot.XYPlot,org.pitest.mutationtest.engine.gregor.mutators.VoidMethodCallMutator,draw,2910,SURVIVED,none
XYPlot.java,org.jfree.chart.plot.XYPlot,org.pitest.mutationtest.engine.gregor.mutators.VoidMethodCallMutator,draw,2911,KILLED,org.jfree.chart.plot.XYPlotTest.[engine:junit-jupiter]/[class:org.jfree.chart.plot.XYPlotTest]/[method:testDrawRecordsBackgroundDrawn()]
XYPlot.java,org.jfree.chart.plot.XYPlot,org.pitest.mutationtest.engine.gregor.mutators.VoidMethodCallMutator,draw,2922,SURVIVED,none
XYPlot.java,org.jfree.chart.plot.XYPlot,org.pitest.mutationtest.engine.gregor.mutators.VoidMethodCallMutator,draw,2923,SURVIVED,none
XYPlot.java,org.jfree.chart.plot.XYPlot,org.pitest.mutationtest.engine.gregor.mutators.VoidMethodCallMutator,draw,2925,SURVIVED,none
XYPlot.java,org.jfree.chart.plot.XYPlot,org.pitest.mutationtest.engine.gregor.mutators.VoidMethodCallMutator,draw,2926,SURVIVED,none
XYPlot.java,org.jfree.chart.plot.XYPlot,org.pitest.mutationtest.engine.gregor.mutators.VoidMethodCallMutator,draw,2939,NO_COVERAGE,none
XYPlot.java,org.jfree.chart.plot.XYPlot,org.pitest.mutationtest.engine.gregor.mutators.VoidMethodCallMutator,draw,2952,NO_COVERAGE,none
XYPlot.java,org.jfree.chart.plot.XYPlot,org.pitest.mutationtest.engine.gregor.mutators.VoidMethodCallMutator,draw,2955,SURVIVED,none
XYPlot.java,org.jfree.chart.plot.XYPlot,org.pitest.mutationtest.engine.gregor.mutators.VoidMethodCallMutator,draw,2956,SURVIVED,none
XYPlot.java,org.jfree.chart.plot.XYPlot,org.pitest.mutationtest.engine.gregor.mutators.VoidMethodCallMutator,draw,2960,SURVIVED,none
XYPlot.java,org.jfree.chart.plot.XYPlot,org.pitest.mutationtest.engine.gregor.mutators.VoidMethodCallMutator,draw,2961,SURVIVED,none
XYPlot.java,org.jfree.chart.plot.XYPlot,org.pitest.mutationtest.engine.gregor.mutators.VoidMethodCallMutator,draw,2980,SURVIVED,none
XYPlot.java,org.jfree.chart.plot.XYPlot,org.pitest.mutationtest.engine.gregor.mutators.VoidMethodCallMutator,draw,2983,SURVIVED,none
XYPlot.java,org.jfree.chart.plot.XYPlot,org.pitest.mutationtest.engine.gregor.mutators.VoidMethodCallMutator,draw,2986,KILLED,org.jfree.chart.plot.XYPlotTest.[engine:junit-jupiter]/[class:org.jfree.chart.plot.XYPlotTest]/[method:testClearDomainGridlineRecords()]
XYPlot.java,org.jfree.chart.plot.XYPlot,org.pitest.mutationtest.engine.gregor.mutators.VoidMethodCallMutator,draw,2987,KILLED,org.jfree.chart.plot.XYPlotTest.[engine:junit-jupiter]/[class:org.jfree.chart.plot.XYPlotTest]/[method:testDrawRecordsGridlinesDrawn()]
XYPlot.java,org.jfree.chart.plot.XYPlot,org.pitest.mutationtest.engine.gregor.mutators.VoidMethodCallMutator,draw,2988,SURVIVED,none
XYPlot.java,org.jfree.chart.plot.XYPlot,org.pitest.mutationtest.engine.gregor.mutators.VoidMethodCallMutator,draw,2991,SURVIVED,none
XYPlot.java,org.jfree.chart.plot.XYPlot,org.pitest.mutationtest.engine.gregor.mutators.VoidMethodCallMutator,draw,2992,KILLED,org.jfree.chart.plot.XYPlotTest.[engine:junit-jupiter]/[class:org.jfree.chart.plot.XYPlotTest]/[method:testDrawRecordsGridlinesDrawn()]
XYPlot.java,org.jfree.chart.plot.XYPlot,org.pitest.mutationtest.engine.gregor.mutators.VoidMethodCallMutator,draw,2993,SURVIVED,none
XYPlot.java,org.jfree.chart.plot.XYPlot,org.pitest.mutationtest.engine.gregor.mutators.VoidMethodCallMutator,draw,3004,NO_COVERAGE,none
XYPlot.java,org.jfree.chart.plot.XYPlot,org.pitest.mutationtest.engine.gregor.mutators.VoidMethodCallMutator,draw,3005,NO_COVERAGE,none
XYPlot.java,org.jfree.chart.plot.XYPlot,org.pitest.mutationtest.engine.gregor.mutators.VoidMethodCallMutator,draw,3011,SURVIVED,none
XYPlot.java,org.jfree.chart.plot.XYPlot,org.pitest.mutationtest.engine.gregor.mutators.VoidMethodCallMutator,draw,3012,KILLED,org.jfree.chart.plot.XYPlotTest.[engine:junit-jupiter]/[class:org.jfree.chart.plot.XYPlotTest]/[method:testDrawRecordsMarkersDrawn()]
XYPlot.java,org.jfree.chart.plot.XYPlot,org.pitest.mutationtest.engine.gregor.mutators.VoidMethodCallMutator,draw,3016,SURVIVED,none
XYPlot.java,org.jfree.chart.plot.XYPlot,org.pitest.mutationtest.engine.gregor.mutators.VoidMethodCallMutator,draw,3017,KILLED,org.jfree.chart.plot.XYPlotTest.[engine:junit-jupiter]/[class:org.jfree.chart.plot.XYPlotTest]/[method:testDrawRecordsMarkersDrawn()]
XYPlot.java,org.jfree.chart.plot.XYPlot,org.pitest.mutationtest.engine.gregor.mutators.VoidMethodCallMutator,draw,3032,SURVIVED,none
XYPlot.java,org.jfree.chart.plot.XYPlot,org.pitest.mutationtest.engine.gregor.mutators.VoidMethodCallMutator,draw,3050,SURVIVED,none
XYPlot.java,org.jfree.chart.plot.XYPlot,org.pitest.mutationtest.engine.gregor.mutators.VoidMethodCallMutator,draw,3067,NO_COVERAGE,none
XYPlot.java,org.jfree.chart.plot.XYPlot,org.pitest.mutationtest.engine.gregor.mutators.VoidMethodCallMutator,draw,3069,SURVIVED,none
XYPlot.java,org.jfree.chart.plot.XYPlot,org.pitest.mutationtest.engine.gregor.mutators.VoidMethodCallMutator,draw,3074,NO_COVERAGE,none
XYPlot.java,org.jfree.chart.plot.XYPlot,org.pitest.mutationtest.engine.gregor.mutators.VoidMethodCallMutator,draw,3087,NO_COVERAGE,none
XYPlot.java,org.jfree.chart.plot.XYPlot,org.pitest.mutationtest.engine.gregor.mutators.VoidMethodCallMutator,draw,3089,SURVIVED,none
XYPlot.java,org.jfree.chart.plot.XYPlot,org.pitest.mutationtest.engine.gregor.mutators.VoidMethodCallMutator,draw,3094,NO_COVERAGE,none
XYPlot.java,org.jfree.chart.plot.XYPlot,org.pitest.mutationtest.engine.gregor.mutators.VoidMethodCallMutator,draw,3098,SURVIVED,none
XYPlot.java,org.jfree.chart.plot.XYPlot,org.pitest.mutationtest.engine.gregor.mutators.VoidMethodCallMutator,draw,3102,SURVIVED,none
XYPlot.java,org.jfree.chart.plot.XYPlot,org.pitest.mutationtest.engine.gregor.mutators.VoidMethodCallMutator,draw,3103,KILLED,org.jfree.chart.plot.XYPlotTest.[engine:junit-jupiter]/[class:org.jfree.chart.plot.XYPlotTest]/[method:testDrawRecordsMarkersDrawn()]
XYPlot.java,org.jfree.chart.plot.XYPlot,org.pitest.mutationtest.engine.gregor.mutators.VoidMethodCallMutator,draw,3106,SURVIVED,none
XYPlot.java,org.jfree.chart.plot.XYPlot,org.pitest.mutationtest.engine.gregor.mutators.VoidMethodCallMutator,draw,3107,KILLED,org.jfree.chart.plot.XYPlotTest.[engine:junit-jupiter]/[class:org.jfree.chart.plot.XYPlotTest]/[method:testDrawRecordsMarkersDrawn()]
XYPlot.java,org.jfree.chart.plot.XYPlot,org.pitest.mutationtest.engine.gregor.mutators.VoidMethodCallMutator,draw,3110,SURVIVED,none
XYPlot.java,org.jfree.chart.plot.XYPlot,org.pitest.mutationtest.engine.gregor.mutators.VoidMethodCallMutator,draw,3111,KILLED,org.jfree.chart.plot.XYPlotTest.[engine:junit-jupiter]/[class:org.jfree.chart.plot.XYPlotTest]/[method:testDrawRecordsAnnotationsDrawn()]
XYPlot.java,org.jfree.chart.plot.XYPlot,org.pitest.mutationtest.engine.gregor.mutators.VoidMethodCallMutator,draw,3123,SURVIVED,none
XYPlot.java,org.jfree.chart.plot.XYPlot,org.pitest.mutationtest.engine.gregor.mutators.VoidMethodCallMutator,draw,3124,SURVIVED,none
XYPlot.java,org.jfree.chart.plot.XYPlot,org.pitest.mutationtest.engine.gregor.mutators.VoidMethodCallMutator,draw,3126,SURVIVED,none
XYPlot.java,org.jfree.chart.plot.XYPlot,org.pitest.mutationtest.engine.gregor.mutators.VoidMethodCallMutator,drawAnnotations,3733,SURVIVED,none
XYPlot.java,org.jfree.chart.plot.XYPlot,org.pitest.mutationtest.engine.gregor.mutators.MathMutator,drawAxes,3395,SURVIVED,none
XYPlot.java,org.jfree.chart.plot.XYPlot,org.pitest.mutationtest.engine.gregor.mutators.MathMutator,drawAxes,3408,SURVIVED,none
XYPlot.java,org.jfree.chart.plot.XYPlot,org.pitest.mutationtest.engine.gregor.mutators.MathMutator,drawAxes,3420,SURVIVED,none
XYPlot.java,org.jfree.chart.plot.XYPlot,org.pitest.mutationtest.engine.gregor.mutators.MathMutator,drawAxes,3432,SURVIVED,none
XYPlot.java,org.jfree.chart.plot.XYPlot,org.pitest.mutationtest.engine.gregor.mutators.NegateConditionalsMutator,drawAxes,3378,KILLED,org.jfree.chart.plot.XYPlotTest.[engine:junit-jupiter]/[class:org.jfree.chart.plot.XYPlotTest]/[method:testClearDomainGridlineRecords()]
XYPlot.java,org.jfree.chart.plot.XYPlot,org.pitest.mutationtest.engine.gregor.mutators.NegateConditionalsMutator,drawAxes,3386,KILLED,org.jfree.chart.plot.XYPlotTest.[engine:junit-jupiter]/[class:org.jfree.chart.plot.XYPlotTest]/[method:testDrawRecordsGridlinesDrawn()]
XYPlot.java,org.jfree.chart.plot.XYPlot,org.pitest.mutationtest.engine.gregor.mutators.VoidMethodCallMutator,drawAxes,3380,KILLED,org.jfree.chart.plot.XYPlotTest.[engine:junit-jupiter]/[class:org.jfree.chart.plot.XYPlotTest]/[method:testClearDomainGridlineRecords()]
XYPlot.java,org.jfree.chart.plot.XYPlot,org.pitest.mutationtest.engine.gregor.mutators.VoidMethodCallMutator,drawAxes,3388,KILLED,org.jfree.chart.plot.XYPlotTest.[engine:junit-jupiter]/[class:org.jfree.chart.plot.XYPlotTest]/[method:testDrawRecordsGridlinesDrawn()]
XYPlot.java,org.jfree.chart.plot.XYPlot,org.pitest.mutationtest.engine.gregor.mutators.returns.EmptyObjectReturnValsMutator,drawAxes,3442,KILLED,org.jfree.chart.plot.XYPlotTest.[engine:junit-jupiter]/[class:org.jfree.chart.plot.XYPlotTest]/[method:testClearDomainGridlineRecords()]
XYPlot.java,org.jfree.chart.plot.XYPlot,org.pitest.mutationtest.engine.gregor.mutators.VoidMethodCallMutator,drawBackground,3173,SURVIVED,none
XYPlot.java,org.jfree.chart.plot.XYPlot,org.pitest.mutationtest.engine.gregor.mutators.VoidMethodCallMutator,drawBackground,3174,SURVIVED,none
XYPlot.java,org.jfree.chart.plot.XYPlot,org.pitest.mutationtest.engine.gregor.mutators.VoidMethodCallMutator,drawBackground,3175,SURVIVED,none
XYPlot.java,org.jfree.chart.plot.XYPlot,org.pitest.mutationtest.engine.gregor.mutators.NegateConditionalsMutator,drawDomainCrosshair,3919,NO_COVERAGE,none
XYPlot.java,org.jfree.chart.plot.XYPlot,org.pitest.mutationtest.engine.gregor.mutators.NegateConditionalsMutator,drawDomainCrosshair,3923,NO_COVERAGE,none
XYPlot.java,org.jfree.chart.plot.XYPlot,org.pitest.mutationtest.engine.gregor.mutators.VoidMethodCallMutator,drawDomainCrosshair,3935,NO_COVERAGE,none
XYPlot.java,org.jfree.chart.plot.XYPlot,org.pitest.mutationtest.engine.gregor.mutators.VoidMethodCallMutator,drawDomainCrosshair,3937,NO_COVERAGE,none
XYPlot.java,org.jfree.chart.plot.XYPlot,org.pitest.mutationtest.engine.gregor.mutators.VoidMethodCallMutator,drawDomainCrosshair,3938,NO_COVERAGE,none
XYPlot.java,org.jfree.chart.plot.XYPlot,org.pitest.mutationtest.engine.gregor.mutators.VoidMethodCallMutator,drawDomainCrosshair,3939,NO_COVERAGE,none
XYPlot.java,org.jfree.chart.plot.XYPlot,org.pitest.mutationtest.engine.gregor.mutators.VoidMethodCallMutator,drawDomainCrosshair,3940,NO_COVERAGE,none
XYPlot.java,org.jfree.chart.plot.XYPlot,org.pitest.mutationtest.engine.gregor.mutators.NegateConditionalsMutator,drawDomainGridlines,3602,KILLED,org.jfree.chart.plot.XYPlotTest.[engine:junit-jupiter]/[class:org.jfree.chart.plot.XYPlotTest]/[method:testClearDomainGridlineRecords()]
XYPlot.java,org.jfree.chart.plot.XYPlot,org.pitest.mutationtest.engine.gregor.mutators.NegateConditionalsMutator,drawDomainGridlines,3607,KILLED,org.jfree.chart.plot.XYPlotTest.[engine:junit-jupiter]/[class:org.jfree.chart.plot.XYPlotTest]/[method:testClearDomainGridlineRecords()]
XYPlot.java,org.jfree.chart.plot.XYPlot,org.pitest.mutationtest.engine.gregor.mutators.NegateConditionalsMutator,drawDomainGridlines,3607,KILLED,org.jfree.chart.plot.XYPlotTest.[engine:junit-jupiter]/[class:org.jfree.chart.plot.XYPlotTest]/[method:testDomainMinorGridlineRecording()]
XYPlot.java,org.jfree.chart.plot.XYPlot,org.pitest.mutationtest.engine.gregor.mutators.NegateConditionalsMutator,drawDomainGridlines,3612,KILLED,org.jfree.chart.plot.XYPlotTest.[engine:junit-jupiter]/[class:org.jfree.chart.plot.XYPlotTest]/[method:testClearDomainGridlineRecords()]
XYPlot.java,org.jfree.chart.plot.XYPlot,org.pitest.mutationtest.engine.gregor.mutators.NegateConditionalsMutator,drawDomainGridlines,3615,SURVIVED,none
XYPlot.java,org.jfree.chart.plot.XYPlot,org.pitest.mutationtest.engine.gregor.mutators.NegateConditionalsMutator,drawDomainGridlines,3616,KILLED,org.jfree.chart.plot.XYPlotTest.[engine:junit-jupiter]/[class:org.jfree.chart.plot.XYPlotTest]/[method:testDomainGridlineParametersMatchDrawDomainLineCall()]
XYPlot.java,org.jfree.chart.plot.XYPlot,org.pitest.mutationtest.engine.gregor.mutators.NegateConditionalsMutator,drawDomainGridlines,3620,KILLED,org.jfree.chart.plot.XYPlotTest.[engine:junit-jupiter]/[class:org.jfree.chart.plot.XYPlotTest]/[method:testClearDomainGridlineRecords()]
XYPlot.java,org.jfree.chart.plot.XYPlot,org.pitest.mutationtest.engine.gregor.mutators.NegateConditionalsMutator,drawDomainGridlines,3621,KILLED,org.jfree.chart.plot.XYPlotTest.[engine:junit-jupiter]/[class:org.jfree.chart.plot.XYPlotTest]/[method:testClearDomainGridlineRecords()]
XYPlot.java,org.jfree.chart.plot.XYPlot,org.pitest.mutationtest.engine.gregor.mutators.NegateConditionalsMutator,drawDomainGridlines,3627,KILLED,org.jfree.chart.plot.XYPlotTest.[engine:junit-jupiter]/[class:org.jfree.chart.plot.XYPlotTest]/[method:testClearDomainGridlineRecords()]
XYPlot.java,org.jfree.chart.plot.XYPlot,org.pitest.mutationtest.engine.gregor.mutators.NegateConditionalsMutator,drawDomainGridlines,3627,KILLED,org.jfree.chart.plot.XYPlotTest.[engine:junit-jupiter]/[class:org.jfree.chart.plot.XYPlotTest]/[method:testClearDomainGridlineRecords()]
XYPlot.java,org.jfree.chart.plot.XYPlot,org.pitest.mutationtest.engine.gregor.mutators.VoidMethodCallMutator,drawDomainGridlines,3634,SURVIVED,none
XYPlot.java,org.jfree.chart.plot.XYPlot,org.pitest.mutationtest.engine.gregor.mutators.NegateConditionalsMutator,drawDomainMarkers,3751,SURVIVED,none
XYPlot.java,org.jfree.chart.plot.XYPlot,org.pitest.mutationtest.engine.gregor.mutators.NegateConditionalsMutator,drawDomainMarkers,3756,SURVIVED,none
XYPlot.java,org.jfree.chart.plot.XYPlot,org.pitest.mutationtest.engine.gregor.mutators.NegateConditionalsMutator,drawDomainMarkers,3761,KILLED,org.jfree.chart.plot.XYPlotTest.[engine:junit-jupiter]/[class:org.jfree.chart.plot.XYPlotTest]/[method:testDomainGridlineRecordTickValues()]
XYPlot.java,org.jfree.chart.plot.XYPlot,org.pitest.mutationtest.engine.gregor.mutators.NegateConditionalsMutator,drawDomainMarkers,3761,SURVIVED,none
XYPlot.java,org.jfree.chart.plot.XYPlot,org.pitest.mutationtest.engine.gregor.mutators.VoidMethodCallMutator,drawDomainMarkers,3763,SURVIVED,none
XYPlot.java,org.jfree.chart.plot.XYPlot,org.pitest.mutationtest.engine.gregor.mutators.NegateConditionalsMutator,drawDomainTickBands,3306,KILLED,org.jfree.chart.plot.XYPlotTest.[engine:junit-jupiter]/[class:org.jfree.chart.plot.XYPlotTest]/[method:testDrawRangeGridlines()]
XYPlot.java,org.jfree.chart.plot.XYPlot,org.pitest.mutationtest.engine.gregor.mutators.NegateConditionalsMutator,drawDomainTickBands,3312,NO_COVERAGE,none
XYPlot.java,org.jfree.chart.plot.XYPlot,org.pitest.mutationtest.engine.gregor.mutators.NegateConditionalsMutator,drawDomainTickBands,3317,NO_COVERAGE,none
XYPlot.java,org.jfree.chart.plot.XYPlot,org.pitest.mutationtest.engine.gregor.mutators.NegateConditionalsMutator,drawDomainTickBands,3320,NO_COVERAGE,none
XYPlot.java,org.jfree.chart.plot.XYPlot,org.pitest.mutationtest.engine.gregor.mutators.VoidMethodCallMutator,drawDomainTickBands,3313,NO_COVERAGE,none
XYPlot.java,org.jfree.chart.plot.XYPlot,org.pitest.mutationtest.engine.gregor.mutators.VoidMethodCallMutator,drawDomainTickBands,3321,NO_COVERAGE,none
XYPlot.java,org.jfree.chart.plot.XYPlot,org.pitest.mutationtest.engine.gregor.mutators.NegateConditionalsMutator,drawHorizontalLine,3890,NO_COVERAGE,none
XYPlot.java,org.jfree.chart.plot.XYPlot,org.pitest.mutationtest.engine.gregor.mutators.NegateConditionalsMutator,drawHorizontalLine,3893,NO_COVERAGE,none
XYPlot.java,org.jfree.chart.plot.XYPlot,org.pitest.mutationtest.engine.gregor.mutators.VoidMethodCallMutator,drawHorizontalLine,3897,NO_COVERAGE,none
XYPlot.java,org.jfree.chart.plot.XYPlot,org.pitest.mutationtest.engine.gregor.mutators.VoidMethodCallMutator,drawHorizontalLine,3898,NO_COVERAGE,none
XYPlot.java,org.jfree.chart.plot.XYPlot,org.pitest.mutationtest.engine.gregor.mutators.VoidMethodCallMutator,drawHorizontalLine,3899,NO_COVERAGE,none
XYPlot.java,org.jfree.chart.plot.XYPlot,org.pitest.mutationtest.engine.gregor.mutators.ConditionalsBoundaryMutator,drawQuadrants,3221,NO_COVERAGE,none
XYPlot.java,org.jfree.chart.plot.XYPlot,org.pitest.mutationtest.engine.gregor.mutators.ConditionalsBoundaryMutator,drawQuadrants,3221,NO_COVERAGE,none
XYPlot.java,org.jfree.chart.plot.XYPlot,org.pitest.mutationtest.engine.gregor.mutators.ConditionalsBoundaryMutator,drawQuadrants,3236,NO_COVERAGE,none
XYPlot.java,org.jfree.chart.plot.XYPlot,org.pitest.mutationtest.engine.gregor.mutators.ConditionalsBoundaryMutator,drawQuadrants,3236,NO_COVERAGE,none
XYPlot.java,org.jfree.chart.plot.XYPlot,org.pitest.mutationtest.engine.gregor.mutators.ConditionalsBoundaryMutator,drawQuadrants,3251,NO_COVERAGE,none
XYPlot.java,org.jfree.chart.plot.XYPlot,org.pitest.mutationtest.engine.gregor.mutators.ConditionalsBoundaryMutator,drawQuadrants,3251,NO_COVERAGE,none
XYPlot.java,org.jfree.chart.plot.XYPlot,org.pitest.mutationtest.engine.gregor.mutators.ConditionalsBoundaryMutator,drawQuadrants,3266,NO_COVERAGE,none
XYPlot.java,org.jfree.chart.plot.XYPlot,org.pitest.mutationtest.engine.gregor.mutators.ConditionalsBoundaryMutator,drawQuadrants,3266,NO_COVERAGE,none
XYPlot.java,org.jfree.chart.plot.XYPlot,org.pitest.mutationtest.engine.gregor.mutators.ConditionalsBoundaryMutator,drawQuadrants,3284,NO_COVERAGE,none
XYPlot.java,org.jfree.chart.plot.XYPlot,org.pitest.mutationtest.engine.gregor.mutators.MathMutator,drawQuadrants,3224,NO_COVERAGE,none
XYPlot.java,org.jfree.chart.plot.XYPlot,org.pitest.mutationtest.engine.gregor.mutators.MathMutator,drawQuadrants,3224,NO_COVERAGE,none
XYPlot.java,org.jfree.chart.plot.XYPlot,org.pitest.mutationtest.engine.gregor.mutators.MathMutator,drawQuadrants,3229,NO_COVERAGE,none
XYPlot.java,org.jfree.chart.plot.XYPlot,org.pitest.mutationtest.engine.gregor.mutators.MathMutator,drawQuadrants,3229,NO_COVERAGE,none
XYPlot.java,org.jfree.chart.plot.XYPlot,org.pitest.mutationtest.engine.gregor.mutators.MathMutator,drawQuadrants,3239,NO_COVERAGE,none
XYPlot.java,org.jfree.chart.plot.XYPlot,org.pitest.mutationtest.engine.gregor.mutators.MathMutator,drawQuadrants,3239,NO_COVERAGE,none
XYPlot.java,org.jfree.chart.plot.XYPlot,org.pitest.mutationtest.engine.gregor.mutators.MathMutator,drawQuadrants,3244,NO_COVERAGE,none
XYPlot.java,org.jfree.chart.plot.XYPlot,org.pitest.mutationtest.engine.gregor.mutators.MathMutator,drawQuadrants,3244,NO_COVERAGE,none
XYPlot.java,org.jfree.chart.plot.XYPlot,org.pitest.mutationtest.engine.gregor.mutators.MathMutator,drawQuadrants,3254,NO_COVERAGE,none
XYPlot.java,org.jfree.chart.plot.XYPlot,org.pitest.mutationtest.engine.gregor.mutators.MathMutator,drawQuadrants,3254,NO_COVERAGE,none
XYPlot.java,org.jfree.chart.plot.XYPlot,org.pitest.mutationtest.engine.gregor.mutators.MathMutator,drawQuadrants,3259,NO_COVERAGE,none
XYPlot.java,org.jfree.chart.plot.XYPlot,org.pitest.mutationtest.engine.gregor.mutators.MathMutator,drawQuadrants,3259,NO_COVERAGE,none
XYPlot.java,org.jfree.chart.plot.XYPlot,org.pitest.mutationtest.engine.gregor.mutators.MathMutator,drawQuadrants,3269,NO_COVERAGE,none
XYPlot.java,org.jfree.chart.plot.XYPlot,org.pitest.mutationtest.engine.gregor.mutators.MathMutator,drawQuadrants,3269,NO_COVERAGE,none
XYPlot.java,org.jfree.chart.plot.XYPlot,org.pitest.mutationtest.engine.gregor.mutators.MathMutator,drawQuadrants,3274,NO_COVERAGE,none
XYPlot.java,org.jfree.chart.plot.XYPlot,org.pitest.mutationtest.engine.gregor.mutators.MathMutator,drawQuadrants,3274,NO_COVERAGE,none
XYPlot.java,org.jfree.chart.plot.XYPlot,org.pitest.mutationtest.engine.gregor.mutators.NegateConditionalsMutator,drawQuadrants,3194,SURVIVED,none
XYPlot.java,org.jfree.chart.plot.XYPlot,org.pitest.mutationtest.engine.gregor.mutators.NegateConditionalsMutator,drawQuadrants,3201,SURVIVED,none
XYPlot.java,org.jfree.chart.plot.XYPlot,org.pitest.mutationtest.engine.gregor.mutators.NegateConditionalsMutator,drawQuadrants,3220,SURVIVED,none
XYPlot.java,org.jfree.chart.plot.XYPlot,org.pitest.mutationtest.engine.gregor.mutators.NegateConditionalsMutator,drawQuadrants,3221,NO_COVERAGE,none
XYPlot.java,org.jfree.chart.plot.XYPlot,org.pitest.mutationtest.engine.gregor.mutators.NegateConditionalsMutator,drawQuadrants,3221,NO_COVERAGE,none
XYPlot.java,org.jfree.chart.plot.XYPlot,org.pitest.mutationtest.engine.gregor.mutators.NegateConditionalsMutator,drawQuadrants,3222,NO_COVERAGE,none
XYPlot.java,org.jfree.chart.plot.XYPlot,org.pitest.mutationtest.engine.gregor.mutators.NegateConditionalsMutator,drawQuadrants,3235,SURVIVED,none
XYPlot.java,org.jfree.chart.plot.XYPlot,org.pitest.mutationtest.engine.gregor.mutators.NegateConditionalsMutator,drawQuadrants,3236,NO_COVERAGE,none
XYPlot.java,org.jfree.chart.plot.XYPlot,org.pitest.mutationtest.engine.gregor.mutators.NegateConditionalsMutator,drawQuadrants,3236,NO_COVERAGE,none
XYPlot.java,org.jfree.chart.plot.XYPlot,org.pitest.mutationtest.engine.gregor.mutators.NegateConditionalsMutator,drawQuadrants,3237,NO_COVERAGE,none
XYPlot.java,org.jfree.chart.plot.XYPlot,org.pitest.mutationtest.engine.gregor.mutators.NegateConditionalsMutator,drawQuadrants,3250,SURVIVED,none
XYPlot.java,org.jfree.chart.plot.XYPlot,org.pitest.mutationtest.engine.gregor.mutators.NegateConditionalsMutator,drawQuadrants,3251,NO_COVERAGE,none
XYPlot.java,org.jfree.chart.plot.XYPlot,org.pitest.mutationtest.engine.gregor.mutators.NegateConditionalsMutator,drawQuadrants,3251,NO_COVERAGE,none
XYPlot.java,org.jfree.chart.plot.XYPlot,org.pitest.mutationtest.engine.gregor.mutators.NegateConditionalsMutator,drawQuadrants,3252,NO_COVERAGE,none
XYPlot.java,org.jfree.chart.plot.XYPlot,org.pitest.mutationtest.engine.gregor.mutators.NegateConditionalsMutator,drawQuadrants,3265,SURVIVED,none
XYPlot.java,org.jfree.chart.plot.XYPlot,org.pitest.mutationtest.engine.gregor.mutators.NegateConditionalsMutator,drawQuadrants,3266,NO_COVERAGE,none
XYPlot.java,org.jfree.chart.plot.XYPlot,org.pitest.mutationtest.engine.gregor.mutators.NegateConditionalsMutator,drawQuadrants,3266,NO_COVERAGE,none
XYPlot.java,org.jfree.chart.plot.XYPlot,org.pitest.mutationtest.engine.gregor.mutators.NegateConditionalsMutator,drawQuadrants,3267,NO_COVERAGE,none
XYPlot.java,org.jfree.chart.plot.XYPlot,org.pitest.mutationtest.engine.gregor.mutators.NegateConditionalsMutator,drawQuadrants,3280,SURVIVED,none
XYPlot.java,org.jfree.chart.plot.XYPlot,org.pitest.mutationtest.engine.gregor.mutators.NegateConditionalsMutator,drawQuadrants,3284,NO_COVERAGE,none
XYPlot.java,org.jfree.chart.plot.XYPlot,org.pitest.mutationtest.engine.gregor.mutators.NegateConditionalsMutator,drawQuadrants,3285,NO_COVERAGE,none
XYPlot.java,org.jfree.chart.plot.XYPlot,org.pitest.mutationtest.engine.gregor.mutators.NegateConditionalsMutator,drawQuadrants,3285,NO_COVERAGE,none
XYPlot.java,org.jfree.chart.plot.XYPlot,org.pitest.mutationtest.engine.gregor.mutators.VoidMethodCallMutator,drawQuadrants,3282,NO_COVERAGE,none
XYPlot.java,org.jfree.chart.plot.XYPlot,org.pitest.mutationtest.engine.gregor.mutators.VoidMethodCallMutator,drawQuadrants,3286,NO_COVERAGE,none
XYPlot.java,org.jfree.chart.plot.XYPlot,org.pitest.mutationtest.engine.gregor.mutators.VoidMethodCallMutator,drawQuadrants,3287,NO_COVERAGE,none
XYPlot.java,org.jfree.chart.plot.XYPlot,org.pitest.mutationtest.engine.gregor.mutators.VoidMethodCallMutator,drawQuadrants,3290,NO_COVERAGE,none
XYPlot.java,org.jfree.chart.plot.XYPlot,org.pitest.mutationtest.engine.gregor.mutators.NegateConditionalsMutator,drawRangeCrosshair,3986,NO_COVERAGE,none
XYPlot.java,org.jfree.chart.plot.XYPlot,org.pitest.mutationtest.engine.gregor.mutators.NegateConditionalsMutator,drawRangeCrosshair,3993,NO_COVERAGE,none
XYPlot.java,org.jfree.chart.plot.XYPlot,org.pitest.mutationtest.engine.gregor.mutators.VoidMethodCallMutator,drawRangeCrosshair,3990,NO_COVERAGE,none
XYPlot.java,org.jfree.chart.plot.XYPlot,org.pitest.mutationtest.engine.gregor.mutators.VoidMethodCallMutator,drawRangeCrosshair,4003,NO_COVERAGE,none
XYPlot.java,org.jfree.chart.plot.XYPlot,org.pitest.mutationtest.engine.gregor.mutators.VoidMethodCallMutator,drawRangeCrosshair,4004,NO_COVERAGE,none
XYPlot.java,org.jfree.chart.plot.XYPlot,org.pitest.mutationtest.engine.gregor.mutators.VoidMethodCallMutator,drawRangeCrosshair,4005,NO_COVERAGE,none
XYPlot.java,org.jfree.chart.plot.XYPlot,org.pitest.mutationtest.engine.gregor.mutators.VoidMethodCallMutator,drawRangeCrosshair,4006,NO_COVERAGE,none
XYPlot.java,org.jfree.chart.plot.XYPlot,org.pitest.mutationtest.engine.gregor.mutators.NegateConditionalsMutator,drawRangeGridlines,3656,KILLED,org.jfree.chart.plot.XYPlotTest.[engine:junit-jupiter]/[class:org.jfree.chart.plot.XYPlotTest]/[method:testDrawRangeGridlines()]
XYPlot.java,org.jfree.chart.plot.XYPlot,org.pitest.mutationtest.engine.gregor.mutators.NegateConditionalsMutator,drawRangeGridlines,3661,SURVIVED,none
XYPlot.java,org.jfree.chart.plot.XYPlot,org.pitest.mutationtest.engine.gregor.mutators.NegateConditionalsMutator,drawRangeGridlines,3661,NO_COVERAGE,none
XYPlot.java,org.jfree.chart.plot.XYPlot,org.pitest.mutationtest.engine.gregor.mutators.NegateConditionalsMutator,drawRangeGridlines,3665,SURVIVED,none
XYPlot.java,org.jfree.chart.plot.XYPlot,org.pitest.mutationtest.engine.gregor.mutators.NegateConditionalsMutator,drawRangeGridlines,3668,SURVIVED,none
XYPlot.java,org.jfree.chart.plot.XYPlot,org.pitest.mutationtest.engine.gregor.mutators.NegateConditionalsMutator,drawRangeGridlines,3669,SURVIVED,none
XYPlot.java,org.jfree.chart.plot.XYPlot,org.pitest.mutationtest.engine.gregor.mutators.NegateConditionalsMutator,drawRangeGridlines,3673,SURVIVED,none
XYPlot.java,org.jfree.chart.plot.XYPlot,org.pitest.mutationtest.engine.gregor.mutators.NegateConditionalsMutator,drawRangeGridlines,3674,SURVIVED,none
XYPlot.java,org.jfree.chart.plot.XYPlot,org.pitest.mutationtest.engine.gregor.mutators.NegateConditionalsMutator,drawRangeGridlines,3679,SURVIVED,none
XYPlot.java,org.jfree.chart.plot.XYPlot,org.pitest.mutationtest.engine.gregor.mutators.NegateConditionalsMutator,drawRangeGridlines,3680,SURVIVED,none
XYPlot.java,org.jfree.chart.plot.XYPlot,org.pitest.mutationtest.engine.gregor.mutators.NegateConditionalsMutator,drawRangeGridlines,3680,SURVIVED,none
XYPlot.java,org.jfree.chart.plot.XYPlot,org.pitest.mutationtest.engine.gregor.mutators.VoidMethodCallMutator,drawRangeGridlines,3681,SURVIVED,none
XYPlot.java,org.jfree.chart.plot.XYPlot,org.pitest.mutationtest.engine.gregor.mutators.NegateConditionalsMutator,drawRangeMarkers,3782,SURVIVED,none
XYPlot.java,org.jfree.chart.plot.XYPlot,org.pitest.mutationtest.engine.gregor.mutators.NegateConditionalsMutator,drawRangeMarkers,3787,SURVIVED,none
XYPlot.java,org.jfree.chart.plot.XYPlot,org.pitest.mutationtest.engine.gregor.mutators.NegateConditionalsMutator,drawRangeMarkers,3792,KILLED,org.jfree.chart.plot.XYPlotTest.[engine:junit-jupiter]/[class:org.jfree.chart.plot.XYPlotTest]/[method:testDomainGridlineRecordTickValues()]
XYPlot.java,org.jfree.chart.plot.XYPlot,org.pitest.mutationtest.engine.gregor.mutators.NegateConditionalsMutator,drawRangeMarkers,3792,SURVIVED,none
XYPlot.java,org.jfree.chart.plot.XYPlot,org.pitest.mutationtest.engine.gregor.mutators.VoidMethodCallMutator,drawRangeMarkers,3794,SURVIVED,none
XYPlot.java,org.jfree.chart.plot.XYPlot,org.pitest.mutationtest.engine.gregor.mutators.NegateConditionalsMutator,drawRangeTickBands,3339,KILLED,org.jfree.chart.plot.XYPlotTest.[engine:junit-jupiter]/[class:org.jfree.chart.plot.XYPlotTest]/[method:testDrawRangeGridlines()]
XYPlot.java,org.jfree.chart.plot.XYPlot,org.pitest.mutationtest.engine.gregor.mutators.NegateConditionalsMutator,drawRangeTickBands,3345,NO_COVERAGE,none
XYPlot.java,org.jfree.chart.plot.XYPlot,org.pitest.mutationtest.engine.gregor.mutators.NegateConditionalsMutator,drawRangeTickBands,3350,NO_COVERAGE,none
XYPlot.java,org.jfree.chart.plot.XYPlot,org.pitest.mutationtest.engine.gregor.mutators.NegateConditionalsMutator,drawRangeTickBands,3353,NO_COVERAGE,none
XYPlot.java,org.jfree.chart.plot.XYPlot,org.pitest.mutationtest.engine.gregor.mutators.VoidMethodCallMutator,drawRangeTickBands,3346,NO_COVERAGE,none
XYPlot.java,org.jfree.chart.plot.XYPlot,org.pitest.mutationtest.engine.gregor.mutators.VoidMethodCallMutator,drawRangeTickBands,3354,NO_COVERAGE,none
XYPlot.java,org.jfree.chart.plot.XYPlot,org.pitest.mutationtest.engine.gregor.mutators.NegateConditionalsMutator,drawVerticalLine,3956,NO_COVERAGE,none
XYPlot.java,org.jfree.chart.plot.XYPlot,org.pitest.mutationtest.engine.gregor.mutators.NegateConditionalsMutator,drawVerticalLine,3959,NO_COVERAGE,none
XYPlot.java,org.jfree.chart.plot.XYPlot,org.pitest.mutationtest.engine.gregor.mutators.VoidMethodCallMutator,drawVerticalLine,3964,NO_COVERAGE,none
XYPlot.java,org.jfree.chart.plot.XYPlot,org.pitest.mutationtest.engine.gregor.mutators.VoidMethodCallMutator,drawVerticalLine,3965,NO_COVERAGE,none
XYPlot.java,org.jfree.chart.plot.XYPlot,org.pitest.mutationtest.engine.gregor.mutators.VoidMethodCallMutator,drawVerticalLine,3966,NO_COVERAGE,none
XYPlot.java,org.jfree.chart.plot.XYPlot,org.pitest.mutationtest.engine.gregor.mutators.NegateConditionalsMutator,drawZeroDomainBaseline,3698,SURVIVED,none
XYPlot.java,org.jfree.chart.plot.XYPlot,org.pitest.mutationtest.engine.gregor.mutators.NegateConditionalsMutator,drawZeroDomainBaseline,3698,NO_COVERAGE,none
XYPlot.java,org.jfree.chart.plot.XYPlot,org.pitest.mutationtest.engine.gregor.mutators.VoidMethodCallMutator,drawZeroDomainBaseline,3699,NO_COVERAGE,none
XYPlot.java,org.jfree.chart.plot.XYPlot,org.pitest.mutationtest.engine.gregor.mutators.NegateConditionalsMutator,drawZeroRangeBaseline,3714,KILLED,org.jfree.chart.plot.XYPlotTest.[engine:junit-jupiter]/[class:org.jfree.chart.plot.XYPlotTest]/[method:testDrawRangeGridlines()]
XYPlot.java,org.jfree.chart.plot.XYPlot,org.pitest.mutationtest.engine.gregor.mutators.VoidMethodCallMutator,drawZeroRangeBaseline,3715,NO_COVERAGE,none
XYPlot.java,org.jfree.chart.plot.XYPlot,org.pitest.mutationtest.engine.gregor.mutators.ConditionalsBoundaryMutator,equals,5231,KILLED,org.jfree.chart.plot.XYPlotTest.[engine:junit-jupiter]/[class:org.jfree.chart.plot.XYPlotTest]/[method:testEquals_ObjectList2()]
XYPlot.java,org.jfree.chart.plot.XYPlot,org.pitest.mutationtest.engine.gregor.mutators.NegateConditionalsMutator,equals,5038,KILLED,org.jfree.chart.plot.XYPlotTest.[engine:junit-jupiter]/[class:org.jfree.chart.plot.XYPlotTest]/[method:testEquals_ObjectList2()]
XYPlot.java,org.jfree.chart.plot.XYPlot,org.pitest.mutationtest.engine.gregor.mutators.NegateConditionalsMutator,equals,5041,KILLED,org.jfree.chart.plot.XYPlotTest.[engine:junit-jupiter]/[class:org.jfree.chart.plot.XYPlotTest]/[method:testEquals_ObjectList2()]
XYPlot.java,org.jfree.chart.plot.XYPlot,org.pitest.mutationtest.engine.gregor.mutators.NegateConditionalsMutator,equals,5045,KILLED,org.jfree.chart.plot.XYPlotTest.[engine:junit-jupiter]/[class:org.jfree.chart.plot.XYPlotTest]/[method:testEquals_ObjectList2()]
XYPlot.java,org.jfree.chart.plot.XYPlot,org.pitest.mutationtest.engine.gregor.mutators.NegateConditionalsMutator,equals,5048,KILLED,org.jfree.chart.plot.XYPlotTest.[engine:junit-jupiter]/[class:org.jfree.chart.plot.XYPlotTest]/[method:testEquals_ObjectList2()]
XYPlot.java,org.jfree.chart.plot.XYPlot,org.pitest.mutationtest.engine.gregor.mutators.NegateConditionalsMutator,equals,5051,KILLED,org.jfree.chart.plot.XYPlotTest.[engine:junit-jupiter]/[class:org.jfree.chart.plot.XYPlotTest]/[method:testEquals_ObjectList2()]
XYPlot.java,org.jfree.chart.plot.XYPlot,org.pitest.mutationtest.engine.gregor.mutators.NegateConditionalsMutator,equals,5054,KILLED,org.jfree.chart.plot.XYPlotTest.[engine:junit-jupiter]/[class:org.jfree.chart.plot.XYPlotTest]/[method:testEquals_ObjectList2()]
XYPlot.java,org.jfree.chart.plot.XYPlot,org.pitest.mutationtest.engine.gregor.mutators.NegateConditionalsMutator,equals,5057,KILLED,org.jfree.chart.plot.XYPlotTest.[engine:junit-jupiter]/[class:org.jfree.chart.plot.XYPlotTest]/[method:testEquals_ObjectList2()]
XYPlot.java,org.jfree.chart.plot.XYPlot,org.pitest.mutationtest.engine.gregor.mutators.NegateConditionalsMutator,equals,5061,KILLED,org.jfree.chart.plot.XYPlotTest.[engine:junit-jupiter]/[class:org.jfree.chart.plot.XYPlotTest]/[method:testEquals_ObjectList2()]
XYPlot.java,org.jfree.chart.plot.XYPlot,org.pitest.mutationtest.engine.gregor.mutators.NegateConditionalsMutator,equals,5064,KILLED,org.jfree.chart.plot.XYPlotTest.[engine:junit-jupiter]/[class:org.jfree.chart.plot.XYPlotTest]/[method:testEquals_ObjectList2()]
XYPlot.java,org.jfree.chart.plot.XYPlot,org.pitest.mutationtest.engine.gregor.mutators.NegateConditionalsMutator,equals,5067,KILLED,org.jfree.chart.plot.XYPlotTest.[engine:junit-jupiter]/[class:org.jfree.chart.plot.XYPlotTest]/[method:testEquals_ObjectList2()]
XYPlot.java,org.jfree.chart.plot.XYPlot,org.pitest.mutationtest.engine.gregor.mutators.NegateConditionalsMutator,equals,5071,KILLED,org.jfree.chart.plot.XYPlotTest.[engine:junit-jupiter]/[class:org.jfree.chart.plot.XYPlotTest]/[method:testEquals_ObjectList2()]
XYPlot.java,org.jfree.chart.plot.XYPlot,org.pitest.mutationtest.engine.gregor.mutators.NegateConditionalsMutator,equals,5075,KILLED,org.jfree.chart.plot.XYPlotTest.[engine:junit-jupiter]/[class:org.jfree.chart.plot.XYPlotTest]/[method:testEquals_ObjectList2()]
XYPlot.java,org.jfree.chart.plot.XYPlot,org.pitest.mutationtest.engine.gregor.mutators.NegateConditionalsMutator,equals,5078,KILLED,org.jfree.chart.plot.XYPlotTest.[engine:junit-jupiter]/[class:org.jfree.chart.plot.XYPlotTest]/[method:testEquals_ObjectList2()]
XYPlot.java,org.jfree.chart.plot.XYPlot,org.pitest.mutationtest.engine.gregor.mutators.NegateConditionalsMutator,equals,5081,KILLED,org.jfree.chart.plot.XYPlotTest.[engine:junit-jupiter]/[class:org.jfree.chart.plot.XYPlotTest]/[method:testEquals_ObjectList2()]
XYPlot.java,org.jfree.chart.plot.XYPlot,org.pitest.mutationtest.engine.gregor.mutators.NegateConditionalsMutator,equals,5084,KILLED,org.jfree.chart.plot.XYPlotTest.[engine:junit-jupiter]/[class:org.jfree.chart.plot.XYPlotTest]/[method:testEquals_ObjectList2()]
XYPlot.java,org.jfree.chart.plot.XYPlot,org.pitest.mutationtest.engine.gregor.mutators.NegateConditionalsMutator,equals,5087,KILLED,org.jfree.chart.plot.XYPlotTest.[engine:junit-jupiter]/[class:org.jfree.chart.plot.XYPlotTest]/[method:testEquals_ObjectList2()]
XYPlot.java,org.jfree.chart.plot.XYPlot,org.pitest.mutationtest.engine.gregor.mutators.NegateConditionalsMutator,equals,5091,KILLED,org.jfree.chart.plot.XYPlotTest.[engine:junit-jupiter]/[class:org.jfree.chart.plot.XYPlotTest]/[method:testEquals_ObjectList2()]
XYPlot.java,org.jfree.chart.plot.XYPlot,org.pitest.mutationtest.engine.gregor.mutators.NegateConditionalsMutator,equals,5094,KILLED,org.jfree.chart.plot.XYPlotTest.[engine:junit-jupiter]/[class:org.jfree.chart.plot.XYPlotTest]/[method:testEquals_ObjectList2()]
XYPlot.java,org.jfree.chart.plot.XYPlot,org.pitest.mutationtest.engine.gregor.mutators.NegateConditionalsMutator,equals,5097,KILLED,org.jfree.chart.plot.XYPlotTest.[engine:junit-jupiter]/[class:org.jfree.chart.plot.XYPlotTest]/[method:testEquals_ObjectList2()]
XYPlot.java,org.jfree.chart.plot.XYPlot,org.pitest.mutationtest.engine.gregor.mutators.NegateConditionalsMutator,equals,5100,KILLED,org.jfree.chart.plot.XYPlotTest.[engine:junit-jupiter]/[class:org.jfree.chart.plot.XYPlotTest]/[method:testEquals_ObjectList2()]
XYPlot.java,org.jfree.chart.plot.XYPlot,org.pitest.mutationtest.engine.gregor.mutators.NegateConditionalsMutator,equals,5103,KILLED,org.jfree.chart.plot.XYPlotTest.[engine:junit-jupiter]/[class:org.jfree.chart.plot.XYPlotTest]/[method:testEquals_ObjectList2()]
XYPlot.java,org.jfree.chart.plot.XYPlot,org.pitest.mutationtest.engine.gregor.mutators.NegateConditionalsMutator,equals,5106,KILLED,org.jfree.chart.plot.XYPlotTest.[engine:junit-jupiter]/[class:org.jfree.chart.plot.XYPlotTest]/[method:testEquals_ObjectList2()]
XYPlot.java,org.jfree.chart.plot.XYPlot,org.pitest.mutationtest.engine.gregor.mutators.NegateConditionalsMutator,equals,5109,KILLED,org.jfree.chart.plot.XYPlotTest.[engine:junit-jupiter]/[class:org.jfree.chart.plot.XYPlotTest]/[method:testEquals_ObjectList2()]
XYPlot.java,org.jfree.chart.plot.XYPlot,org.pitest.mutationtest.engine.gregor.mutators.NegateConditionalsMutator,equals,5113,KILLED,org.jfree.chart.plot.XYPlotTest.[engine:junit-jupiter]/[class:org.jfree.chart.plot.XYPlotTest]/[method:testEquals_ObjectList2()]
XYPlot.java,org.jfree.chart.plot.XYPlot,org.pitest.mutationtest.engine.gregor.mutators.NegateConditionalsMutator,equals,5117,KILLED,org.jfree.chart.plot.XYPlotTest.[engine:junit-jupiter]/[class:org.jfree.chart.plot.XYPlotTest]/[method:testEquals_ObjectList2()]
XYPlot.java,org.jfree.chart.plot.XYPlot,org.pitest.mutationtest.engine.gregor.mutators.NegateConditionalsMutator,equals,5121,KILLED,org.jfree.chart.plot.XYPlotTest.[engine:junit-jupiter]/[class:org.jfree.chart.plot.XYPlotTest]/[method:testEquals_ObjectList2()]
XYPlot.java,org.jfree.chart.plot.XYPlot,org.pitest.mutationtest.engine.gregor.mutators.NegateConditionalsMutator,equals,5125,KILLED,org.jfree.chart.plot.XYPlotTest.[engine:junit-jupiter]/[class:org.jfree.chart.plot.XYPlotTest]/[method:testEquals_ObjectList2()]
XYPlot.java,org.jfree.chart.plot.XYPlot,org.pitest.mutationtest.engine.gregor.mutators.NegateConditionalsMutator,equals,5129,KILLED,org.jfree.chart.plot.XYPlotTest.[engine:junit-jupiter]/[class:org.jfree.chart.plot.XYPlotTest]/[method:testEquals_ObjectList2()]
XYPlot.java,org.jfree.chart.plot.XYPlot,org.pitest.mutationtest.engine.gregor.mutators.NegateConditionalsMutator,equals,5133,KILLED,org.jfree.chart.plot.XYPlotTest.[engine:junit-jupiter]/[class:org.jfree.chart.plot.XYPlotTest]/[method:testEquals_ObjectList2()]
XYPlot.java,org.jfree.chart.plot.XYPlot,org.pitest.mutationtest.engine.gregor.mutators.NegateConditionalsMutator,equals,5137,KILLED,org.jfree.chart.plot.XYPlotTest.[engine:junit-jupiter]/[class:org.jfree.chart.plot.XYPlotTest]/[method:testEquals_ObjectList2()]
XYPlot.java,org.jfree.chart.plot.XYPlot,org.pitest.mutationtest.engine.gregor.mutators.NegateConditionalsMutator,equals,5141,KILLED,org.jfree.chart.plot.XYPlotTest.[engine:junit-jupiter]/[class:org.jfree.chart.plot.XYPlotTest]/[method:testEquals_ObjectList2()]
XYPlot.java,org.jfree.chart.plot.XYPlot,org.pitest.mutationtest.engine.gregor.mutators.NegateConditionalsMutator,equals,5145,KILLED,org.jfree.chart.plot.XYPlotTest.[engine:junit-jupiter]/[class:org.jfree.chart.plot.XYPlotTest]/[method:testEquals_ObjectList2()]
XYPlot.java,org.jfree.chart.plot.XYPlot,org.pitest.mutationtest.engine.gregor.mutators.NegateConditionalsMutator,equals,5149,KILLED,org.jfree.chart.plot.XYPlotTest.[engine:junit-jupiter]/[class:org.jfree.chart.plot.XYPlotTest]/[method:testEquals_ObjectList2()]
XYPlot.java,org.jfree.chart.plot.XYPlot,org.pitest.mutationtest.engine.gregor.mutators.NegateConditionalsMutator,equals,5153,KILLED,org.jfree.chart.plot.XYPlotTest.[engine:junit-jupiter]/[class:org.jfree.chart.plot.XYPlotTest]/[method:testEquals_ObjectList2()]
XYPlot.java,org.jfree.chart.plot.XYPlot,org.pitest.mutationtest.engine.gregor.mutators.NegateConditionalsMutator,equals,5157,KILLED,org.jfree.chart.plot.XYPlotTest.[engine:junit-jupiter]/[class:org.jfree.chart.plot.XYPlotTest]/[method:testEquals_ObjectList2()]
XYPlot.java,org.jfree.chart.plot.XYPlot,org.pitest.mutationtest.engine.gregor.mutators.NegateConditionalsMutator,equals,5161,KILLED,org.jfree.chart.plot.XYPlotTest.[engine:junit-jupiter]/[class:org.jfree.chart.plot.XYPlotTest]/[method:testEquals_ObjectList2()]
XYPlot.java,org.jfree.chart.plot.XYPlot,org.pitest.mutationtest.engine.gregor.mutators.NegateConditionalsMutator,equals,5165,KILLED,org.jfree.chart.plot.XYPlotTest.[engine:junit-jupiter]/[class:org.jfree.chart.plot.XYPlotTest]/[method:testEquals_ObjectList2()]
XYPlot.java,org.jfree.chart.plot.XYPlot,org.pitest.mutationtest.engine.gregor.mutators.NegateConditionalsMutator,equals,5169,KILLED,org.jfree.chart.plot.XYPlotTest.[engine:junit-jupiter]/[class:org.jfree.chart.plot.XYPlotTest]/[method:testEquals_ObjectList2()]
XYPlot.java,org.jfree.chart.plot.XYPlot,org.pitest.mutationtest.engine.gregor.mutators.NegateConditionalsMutator,equals,5173,KILLED,org.jfree.chart.plot.XYPlotTest.[engine:junit-jupiter]/[class:org.jfree.chart.plot.XYPlotTest]/[method:testEquals_ObjectList2()]
XYPlot.java,org.jfree.chart.plot.XYPlot,org.pitest.mutationtest.engine.gregor.mutators.NegateConditionalsMutator,equals,5177,KILLED,org.jfree.chart.plot.XYPlotTest.[engine:junit-jupiter]/[class:org.jfree.chart.plot.XYPlotTest]/[method:testEquals_ObjectList2()]
XYPlot.java,org.jfree.chart.plot.XYPlot,org.pitest.mutationtest.engine.gregor.mutators.NegateConditionalsMutator,equals,5181,KILLED,org.jfree.chart.plot.XYPlotTest.[engine:junit-jupiter]/[class:org.jfree.chart.plot.XYPlotTest]/[method:testEquals_ObjectList2()]
XYPlot.java,org.jfree.chart.plot.XYPlot,org.pitest.mutationtest.engine.gregor.mutators.NegateConditionalsMutator,equals,5185,KILLED,org.jfree.chart.plot.XYPlotTest.[engine:junit-jupiter]/[class:org.jfree.chart.plot.XYPlotTest]/[method:testEquals_ObjectList2()]
XYPlot.java,org.jfree.chart.plot.XYPlot,org.pitest.mutationtest.engine.gregor.mutators.NegateConditionalsMutator,equals,5189,KILLED,org.jfree.chart.plot.XYPlotTest.[engine:junit-jupiter]/[class:org.jfree.chart.plot.XYPlotTest]/[method:testEquals_ObjectList2()]
XYPlot.java,org.jfree.chart.plot.XYPlot,org.pitest.mutationtest.engine.gregor.mutators.NegateConditionalsMutator,equals,5193,KILLED,org.jfree.chart.plot.XYPlotTest.[engine:junit-jupiter]/[class:org.jfree.chart.plot.XYPlotTest]/[method:testEquals_ObjectList2()]
XYPlot.java,org.jfree.chart.plot.XYPlot,org.pitest.mutationtest.engine.gregor.mutators.NegateConditionalsMutator,equals,5197,KILLED,org.jfree.chart.plot.XYPlotTest.[engine:junit-jupiter]/[class:org.jfree.chart.plot.XYPlotTest]/[method:testEquals_ObjectList2()]
XYPlot.java,org.jfree.chart.plot.XYPlot,org.pitest.mutationtest.engine.gregor.mutators.NegateConditionalsMutator,equals,5201,KILLED,org.jfree.chart.plot.XYPlotTest.[engine:junit-jupiter]/[class:org.jfree.chart.plot.XYPlotTest]/[method:testEquals_ObjectList2()]
XYPlot.java,org.jfree.chart.plot.XYPlot,org.pitest.mutationtest.engine.gregor.mutators.NegateConditionalsMutator,equals,5205,KILLED,org.jfree.chart.plot.XYPlotTest.[engine:junit-jupiter]/[class:org.jfree.chart.plot.XYPlotTest]/[method:testEquals_ObjectList2()]
XYPlot.java,org.jfree.chart.plot.XYPlot,org.pitest.mutationtest.engine.gregor.mutators.NegateConditionalsMutator,equals,5209,KILLED,org.jfree.chart.plot.XYPlotTest.[engine:junit-jupiter]/[class:org.jfree.chart.plot.XYPlotTest]/[method:testEquals_ObjectList2()]
XYPlot.java,org.jfree.chart.plot.XYPlot,org.pitest.mutationtest.engine.gregor.mutators.NegateConditionalsMutator,equals,5213,KILLED,org.jfree.chart.plot.XYPlotTest.[engine:junit-jupiter]/[class:org.jfree.chart.plot.XYPlotTest]/[method:testEquals_ObjectList2()]
XYPlot.java,org.jfree.chart.plot.XYPlot,org.pitest.mutationtest.engine.gregor.mutators.NegateConditionalsMutator,equals,5216,KILLED,org.jfree.chart.plot.XYPlotTest.[engine:junit-jupiter]/[class:org.jfree.chart.plot.XYPlotTest]/[method:testEquals_ObjectList2()]
XYPlot.java,org.jfree.chart.plot.XYPlot,org.pitest.mutationtest.engine.gregor.mutators.NegateConditionalsMutator,equals,5220,KILLED,org.jfree.chart.plot.XYPlotTest.[engine:junit-jupiter]/[class:org.jfree.chart.plot.XYPlotTest]/[method:testEquals_ObjectList2()]
XYPlot.java,org.jfree.chart.plot.XYPlot,org.pitest.mutationtest.engine.gregor.mutators.NegateConditionalsMutator,equals,5224,KILLED,org.jfree.chart.plot.XYPlotTest.[engine:junit-jupiter]/[class:org.jfree.chart.plot.XYPlotTest]/[method:testEquals_ObjectList2()]
XYPlot.java,org.jfree.chart.plot.XYPlot,org.pitest.mutationtest.engine.gregor.mutators.NegateConditionalsMutator,equals,5228,KILLED,org.jfree.chart.plot.XYPlotTest.[engine:junit-jupiter]/[class:org.jfree.chart.plot.XYPlotTest]/[method:testEquals_ObjectList2()]
XYPlot.java,org.jfree.chart.plot.XYPlot,org.pitest.mutationtest.engine.gregor.mutators.NegateConditionalsMutator,equals,5231,KILLED,org.jfree.chart.plot.XYPlotTest.[engine:junit-jupiter]/[class:org.jfree.chart.plot.XYPlotTest]/[method:testCloning_QuadrantPaint()]
XYPlot.java,org.jfree.chart.plot.XYPlot,org.pitest.mutationtest.engine.gregor.mutators.NegateConditionalsMutator,equals,5232,KILLED,org.jfree.chart.plot.XYPlotTest.[engine:junit-jupiter]/[class:org.jfree.chart.plot.XYPlotTest]/[method:testEquals_ObjectList2()]
XYPlot.java,org.jfree.chart.plot.XYPlot,org.pitest.mutationtest.engine.gregor.mutators.NegateConditionalsMutator,equals,5237,KILLED,org.jfree.chart.plot.XYPlotTest.[engine:junit-jupiter]/[class:org.jfree.chart.plot.XYPlotTest]/[method:testEquals_ObjectList2()]
XYPlot.java,org.jfree.chart.plot.XYPlot,org.pitest.mutationtest.engine.gregor.mutators.returns.BooleanFalseReturnValsMutator,equals,5039,KILLED,org.jfree.chart.plot.XYPlotTest.[engine:junit-jupiter]/[class:org.jfree.chart.plot.XYPlotTest]/[method:testAddRangeMarker()]
XYPlot.java,org.jfree.chart.plot.XYPlot,org.pitest.mutationtest.engine.gregor.mutators.returns.BooleanFalseReturnValsMutator,equals,5241,KILLED,org.jfree.chart.plot.XYPlotTest.[engine:junit-jupiter]/[class:org.jfree.chart.plot.XYPlotTest]/[method:testEquals_ObjectList2()]
XYPlot.java,org.jfree.chart.plot.XYPlot,org.pitest.mutationtest.engine.gregor.mutators.returns.BooleanTrueReturnValsMutator,equals,5042,SURVIVED,none
XYPlot.java,org.jfree.chart.plot.XYPlot,org.pitest.mutationtest.engine.gregor.mutators.returns.BooleanTrueReturnValsMutator,equals,5046,KILLED,org.jfree.chart.plot.XYPlotTest.[engine:junit-jupiter]/[class:org.jfree.chart.plot.XYPlotTest]/[method:testEquals()]
XYPlot.java,org.jfree.chart.plot.XYPlot,org.pitest.mutationtest.engine.gregor.mutators.returns.BooleanTrueReturnValsMutator,equals,5049,KILLED,org.jfree.chart.plot.XYPlotTest.[engine:junit-jupiter]/[class:org.jfree.chart.plot.XYPlotTest]/[method:testEquals()]
XYPlot.java,org.jfree.chart.plot.XYPlot,org.pitest.mutationtest.engine.gregor.mutators.returns.BooleanTrueReturnValsMutator,equals,5052,KILLED,org.jfree.chart.plot.XYPlotTest.[engine:junit-jupiter]/[class:org.jfree.chart.plot.XYPlotTest]/[method:testEquals_ObjectList()]
XYPlot.java,org.jfree.chart.plot.XYPlot,org.pitest.mutationtest.engine.gregor.mutators.returns.BooleanTrueReturnValsMutator,equals,5055,KILLED,org.jfree.chart.plot.XYPlotTest.[engine:junit-jupiter]/[class:org.jfree.chart.plot.XYPlotTest]/[method:testEquals_ObjectList2()]
XYPlot.java,org.jfree.chart.plot.XYPlot,org.pitest.mutationtest.engine.gregor.mutators.returns.BooleanTrueReturnValsMutator,equals,5059,KILLED,org.jfree.chart.plot.XYPlotTest.[engine:junit-jupiter]/[class:org.jfree.chart.plot.XYPlotTest]/[method:testEquals()]
XYPlot.java,org.jfree.chart.plot.XYPlot,org.pitest.mutationtest.engine.gregor.mutators.returns.BooleanTrueReturnValsMutator,equals,5062,KILLED,org.jfree.chart.plot.XYPlotTest.[engine:junit-jupiter]/[class:org.jfree.chart.plot.XYPlotTest]/[method:testEquals()]
XYPlot.java,org.jfree.chart.plot.XYPlot,org.pitest.mutationtest.engine.gregor.mutators.returns.BooleanTrueReturnValsMutator,equals,5065,KILLED,org.jfree.chart.plot.XYPlotTest.[engine:junit-jupiter]/[class:org.jfree.chart.plot.XYPlotTest]/[method:testEquals()]
XYPlot.java,org.jfree.chart.plot.XYPlot,org.pitest.mutationtest.engine.gregor.mutators.returns.BooleanTrueReturnValsMutator,equals,5069,KILLED,org.jfree.chart.plot.XYPlotTest.[engine:junit-jupiter]/[class:org.jfree.chart.plot.XYPlotTest]/[method:testEquals()]
XYPlot.java,org.jfree.chart.plot.XYPlot,org.pitest.mutationtest.engine.gregor.mutators.returns.BooleanTrueReturnValsMutator,equals,5073,KILLED,org.jfree.chart.plot.XYPlotTest.[engine:junit-jupiter]/[class:org.jfree.chart.plot.XYPlotTest]/[method:testEquals()]
XYPlot.java,org.jfree.chart.plot.XYPlot,org.pitest.mutationtest.engine.gregor.mutators.returns.BooleanTrueReturnValsMutator,equals,5076,NO_COVERAGE,none
XYPlot.java,org.jfree.chart.plot.XYPlot,org.pitest.mutationtest.engine.gregor.mutators.returns.BooleanTrueReturnValsMutator,equals,5079,KILLED,org.jfree.chart.plot.XYPlotTest.[engine:junit-jupiter]/[class:org.jfree.chart.plot.XYPlotTest]/[method:testEquals()]
XYPlot.java,org.jfree.chart.plot.XYPlot,org.pitest.mutationtest.engine.gregor.mutators.returns.BooleanTrueReturnValsMutator,equals,5082,NO_COVERAGE,none
XYPlot.java,org.jfree.chart.plot.XYPlot,org.pitest.mutationtest.engine.gregor.mutators.returns.BooleanTrueReturnValsMutator,equals,5085,NO_COVERAGE,none
XYPlot.java,org.jfree.chart.plot.XYPlot,org.pitest.mutationtest.engine.gregor.mutators.returns.BooleanTrueReturnValsMutator,equals,5089,NO_COVERAGE,none
XYPlot.java,org.jfree.chart.plot.XYPlot,org.pitest.mutationtest.engine.gregor.mutators.returns.BooleanTrueReturnValsMutator,equals,5092,KILLED,org.jfree.chart.plot.XYPlotTest.[engine:junit-jupiter]/[class:org.jfree.chart.plot.XYPlotTest]/[method:testEquals()]
XYPlot.java,org.jfree.chart.plot.XYPlot,org.pitest.mutationtest.engine.gregor.mutators.returns.BooleanTrueReturnValsMutator,equals,5095,KILLED,org.jfree.chart.plot.XYPlotTest.[engine:junit-jupiter]/[class:org.jfree.chart.plot.XYPlotTest]/[method:testEquals()]
XYPlot.java,org.jfree.chart.plot.XYPlot,org.pitest.mutationtest.engine.gregor.mutators.returns.BooleanTrueReturnValsMutator,equals,5098,KILLED,org.jfree.chart.plot.XYPlotTest.[engine:junit-jupiter]/[class:org.jfree.chart.plot.XYPlotTest]/[method:testEquals()]
XYPlot.java,org.jfree.chart.plot.XYPlot,org.pitest.mutationtest.engine.gregor.mutators.returns.BooleanTrueReturnValsMutator,equals,5101,KILLED,org.jfree.chart.plot.XYPlotTest.[engine:junit-jupiter]/[class:org.jfree.chart.plot.XYPlotTest]/[method:testEquals_ObjectList5()]
XYPlot.java,org.jfree.chart.plot.XYPlot,org.pitest.mutationtest.engine.gregor.mutators.returns.BooleanTrueReturnValsMutator,equals,5104,KILLED,org.jfree.chart.plot.XYPlotTest.[engine:junit-jupiter]/[class:org.jfree.chart.plot.XYPlotTest]/[method:testEquals_ObjectList3()]
XYPlot.java,org.jfree.chart.plot.XYPlot,org.pitest.mutationtest.engine.gregor.mutators.returns.BooleanTrueReturnValsMutator,equals,5107,KILLED,org.jfree.chart.plot.XYPlotTest.[engine:junit-jupiter]/[class:org.jfree.chart.plot.XYPlotTest]/[method:testEquals_ObjectList4()]
XYPlot.java,org.jfree.chart.plot.XYPlot,org.pitest.mutationtest.engine.gregor.mutators.returns.BooleanTrueReturnValsMutator,equals,5111,KILLED,org.jfree.chart.plot.XYPlotTest.[engine:junit-jupiter]/[class:org.jfree.chart.plot.XYPlotTest]/[method:testCloneIndependence()]
XYPlot.java,org.jfree.chart.plot.XYPlot,org.pitest.mutationtest.engine.gregor.mutators.returns.BooleanTrueReturnValsMutator,equals,5115,KILLED,org.jfree.chart.plot.XYPlotTest.[engine:junit-jupiter]/[class:org.jfree.chart.plot.XYPlotTest]/[method:testCloneIndependence()]
XYPlot.java,org.jfree.chart.plot.XYPlot,org.pitest.mutationtest.engine.gregor.mutators.returns.BooleanTrueReturnValsMutator,equals,5119,KILLED,org.jfree.chart.plot.XYPlotTest.[engine:junit-jupiter]/[class:org.jfree.chart.plot.XYPlotTest]/[method:testEquals()]
XYPlot.java,org.jfree.chart.plot.XYPlot,org.pitest.mutationtest.engine.gregor.mutators.returns.BooleanTrueReturnValsMutator,equals,5123,KILLED,org.jfree.chart.plot.XYPlotTest.[engine:junit-jupiter]/[class:org.jfree.chart.plot.XYPlotTest]/[method:testEquals()]
XYPlot.java,org.jfree.chart.plot.XYPlot,org.pitest.mutationtest.engine.gregor.mutators.returns.BooleanTrueReturnValsMutator,equals,5127,KILLED,org.jfree.chart.plot.XYPlotTest.[engine:junit-jupiter]/[class:org.jfree.chart.plot.XYPlotTest]/[method:testEquals()]
XYPlot.java,org.jfree.chart.plot.XYPlot,org.pitest.mutationtest.engine.gregor.mutators.returns.BooleanTrueReturnValsMutator,equals,5131,KILLED,org.jfree.chart.plot.XYPlotTest.[engine:junit-jupiter]/[class:org.jfree.chart.plot.XYPlotTest]/[method:testEquals()]
XYPlot.java,org.jfree.chart.plot.XYPlot,org.pitest.mutationtest.engine.gregor.mutators.returns.BooleanTrueReturnValsMutator,equals,5135,NO_COVERAGE,none
XYPlot.java,org.jfree.chart.plot.XYPlot,org.pitest.mutationtest.engine.gregor.mutators.returns.BooleanTrueReturnValsMutator,equals,5139,KILLED,org.jfree.chart.plot.XYPlotTest.[engine:junit-jupiter]/[class:org.jfree.chart.plot.XYPlotTest]/[method:testEquals()]
XYPlot.java,org.jfree.chart.plot.XYPlot,org.pitest.mutationtest.engine.gregor.mutators.returns.BooleanTrueReturnValsMutator,equals,5143,KILLED,org.jfree.chart.plot.XYPlotTest.[engine:junit-jupiter]/[class:org.jfree.chart.plot.XYPlotTest]/[method:testEquals()]
XYPlot.java,org.jfree.chart.plot.XYPlot,org.pitest.mutationtest.engine.gregor.mutators.returns.BooleanTrueReturnValsMutator,equals,5147,KILLED,org.jfree.chart.plot.XYPlotTest.[engine:junit-jupiter]/[class:org.jfree.chart.plot.XYPlotTest]/[method:testEquals()]
XYPlot.java,org.jfree.chart.plot.XYPlot,org.pitest.mutationtest.engine.gregor.mutators.returns.BooleanTrueReturnValsMutator,equals,5151,NO_COVERAGE,none
XYPlot.java,org.jfree.chart.plot.XYPlot,org.pitest.mutationtest.engine.gregor.mutators.returns.BooleanTrueReturnValsMutator,equals,5155,NO_COVERAGE,none
XYPlot.java,org.jfree.chart.plot.XYPlot,org.pitest.mutationtest.engine.gregor.mutators.returns.BooleanTrueReturnValsMutator,equals,5159,KILLED,org.jfree.chart.plot.XYPlotTest.[engine:junit-jupiter]/[class:org.jfree.chart.plot.XYPlotTest]/[method:testEquals()]
XYPlot.java,org.jfree.chart.plot.XYPlot,org.pitest.mutationtest.engine.gregor.mutators.returns.BooleanTrueReturnValsMutator,equals,5163,KILLED,org.jfree.chart.plot.XYPlotTest.[engine:junit-jupiter]/[class:org.jfree.chart.plot.XYPlotTest]/[method:testEquals()]
XYPlot.java,org.jfree.chart.plot.XYPlot,org.pitest.mutationtest.engine.gregor.mutators.returns.BooleanTrueReturnValsMutator,equals,5167,NO_COVERAGE,none
XYPlot.java,org.jfree.chart.plot.XYPlot,org.pitest.mutationtest.engine.gregor.mutators.returns.BooleanTrueReturnValsMutator,equals,5171,NO_COVERAGE,none
XYPlot.java,org.jfree.chart.plot.XYPlot,org.pitest.mutationtest.engine.gregor.mutators.returns.BooleanTrueReturnValsMutator,equals,5175,KILLED,org.jfree.chart.plot.XYPlotTest.[engine:junit-jupiter]/[class:org.jfree.chart.plot.XYPlotTest]/[method:testEquals()]
XYPlot.java,org.jfree.chart.plot.XYPlot,org.pitest.mutationtest.engine.gregor.mutators.returns.BooleanTrueReturnValsMutator,equals,5179,KILLED,org.jfree.chart.plot.XYPlotTest.[engine:junit-jupiter]/[class:org.jfree.chart.plot.XYPlotTest]/[method:testEquals()]
XYPlot.java,org.jfree.chart.plot.XYPlot,org.pitest.mutationtest.engine.gregor.mutators.returns.BooleanTrueReturnValsMutator,equals,5183,NO_COVERAGE,none
XYPlot.java,org.jfree.chart.plot.XYPlot,org.pitest.mutationtest.engine.gregor.mutators.returns.BooleanTrueReturnValsMutator,equals,5187,NO_COVERAGE,none
XYPlot.java,org.jfree.chart.plot.XYPlot,org.pitest.mutationtest.engine.gregor.mutators.returns.BooleanTrueReturnValsMutator,equals,5191,KILLED,org.jfree.chart.plot.XYPlotTest.[engine:junit-jupiter]/[class:org.jfree.chart.plot.XYPlotTest]/[method:testEquals()]
XYPlot.java,org.jfree.chart.plot.XYPlot,org.pitest.mutationtest.engine.gregor.mutators.returns.BooleanTrueReturnValsMutator,equals,5195,KILLED,org.jfree.chart.plot.XYPlotTest.[engine:junit-jupiter]/[class:org.jfree.chart.plot.XYPlotTest]/[method:testEquals()]
XYPlot.java,org.jfree.chart.plot.XYPlot,org.pitest.mutationtest.engine.gregor.mutators.returns.BooleanTrueReturnValsMutator,equals,5199,NO_COVERAGE,none
XYPlot.java,org.jfree.chart.plot.XYPlot,org.pitest.mutationtest.engine.gregor.mutators.returns.BooleanTrueReturnValsMutator,equals,5203,NO_COVERAGE,none
XYPlot.java,org.jfree.chart.plot.XYPlot,org.pitest.mutationtest.engine.gregor.mutators.returns.BooleanTrueReturnValsMutator,equals,5207,NO_COVERAGE,none
XYPlot.java,org.jfree.chart.plot.XYPlot,org.pitest.mutationtest.engine.gregor.mutators.returns.BooleanTrueReturnValsMutator,equals,5211,NO_COVERAGE,none
XYPlot.java,org.jfree.chart.plot.XYPlot,org.pitest.mutationtest.engine.gregor.mutators.returns.BooleanTrueReturnValsMutator,equals,5214,NO_COVERAGE,none
XYPlot.java,org.jfree.chart.plot.XYPlot,org.pitest.mutationtest.engine.gregor.mutators.returns.BooleanTrueReturnValsMutator,equals,5218,KILLED,org.jfree.chart.plot.XYPlotTest.[engine:junit-jupiter]/[class:org.jfree.chart.plot.XYPlotTest]/[method:testCloning3()]
XYPlot.java,org.jfree.chart.plot.XYPlot,org.pitest.mutationtest.engine.gregor.mutators.returns.BooleanTrueReturnValsMutator,equals,5222,KILLED,org.jfree.chart.plot.XYPlotTest.[engine:junit-jupiter]/[class:org.jfree.chart.plot.XYPlotTest]/[method:testEquals()]
XYPlot.java,org.jfree.chart.plot.XYPlot,org.pitest.mutationtest.engine.gregor.mutators.returns.BooleanTrueReturnValsMutator,equals,5226,KILLED,org.jfree.chart.plot.XYPlotTest.[engine:junit-jupiter]/[class:org.jfree.chart.plot.XYPlotTest]/[method:testEquals()]
XYPlot.java,org.jfree.chart.plot.XYPlot,org.pitest.mutationtest.engine.gregor.mutators.returns.BooleanTrueReturnValsMutator,equals,5229,KILLED,org.jfree.chart.plot.XYPlotTest.[engine:junit-jupiter]/[class:org.jfree.chart.plot.XYPlotTest]/[method:testEquals()]
XYPlot.java,org.jfree.chart.plot.XYPlot,org.pitest.mutationtest.engine.gregor.mutators.returns.BooleanTrueReturnValsMutator,equals,5234,KILLED,org.jfree.chart.plot.XYPlotTest.[engine:junit-jupiter]/[class:org.jfree.chart.plot.XYPlotTest]/[method:testCloning_QuadrantPaint()]
XYPlot.java,org.jfree.chart.plot.XYPlot,org.pitest.mutationtest.engine.gregor.mutators.returns.BooleanTrueReturnValsMutator,equals,5239,KILLED,org.jfree.chart.plot.XYPlotTest.[engine:junit-jupiter]/[class:org.jfree.chart.plot.XYPlotTest]/[method:testEquals()]
XYPlot.java,org.jfree.chart.plot.XYPlot,org.pitest.mutationtest.engine.gregor.mutators.returns.BooleanTrueReturnValsMutator,equals,5241,SURVIVED,none
XYPlot.java,org.jfree.chart.plot.XYPlot,org.pitest.mutationtest.engine.gregor.mutators.NegateConditionalsMutator,findDomainAxisIndex,4117,KILLED,org.jfree.chart.plot.XYPlotTest.[engine:junit-jupiter]/[class:org.jfree.chart.plot.XYPlotTest]/[method:testGetDataRange()]
XYPlot.java,org.jfree.chart.plot.XYPlot,org.pitest.mutationtest.engine.gregor.mutators.returns.PrimitiveReturnsMutator,findDomainAxisIndex,4118,SURVIVED,none
XYPlot.java,org.jfree.chart.plot.XYPlot,org.pitest.mutationtest.engine.gregor.mutators.returns.PrimitiveReturnsMutator,findDomainAxisIndex,4121,SURVIVED,none
XYPlot.java,org.jfree.chart.plot.XYPlot,org.pitest.mutationtest.engine.gregor.mutators.NegateConditionalsMutator,findRangeAxisIndex,4148,KILLED,org.jfree.chart.plot.XYPlotTest.[engine:junit-jupiter]/[class:org.jfree.chart.plot.XYPlotTest]/[method:testGetDataRange()]
XYPlot.java,org.jfree.chart.plot.XYPlot,org.pitest.mutationtest.engine.gregor.mutators.returns.PrimitiveReturnsMutator,findRangeAxisIndex,4149,SURVIVED,none
XYPlot.java,org.jfree.chart.plot.XYPlot,org.pitest.mutationtest.engine.gregor.mutators.returns.PrimitiveReturnsMutator,findRangeAxisIndex,4152,KILLED,org.jfree.chart.plot.XYPlotTest.[engine:junit-jupiter]/[class:org.jfree.chart.plot.XYPlotTest]/[method:testGetDataRange()]
XYPlot.java,org.jfree.chart.plot.XYPlot,org.pitest.mutationtest.engine.gregor.mutators.returns.EmptyObjectReturnValsMutator,getAnnotations,2670,KILLED,org.jfree.chart.plot.XYPlotTest.[engine:junit-jupiter]/[class:org.jfree.chart.plot.XYPlotTest]/[method:testRemoveAnnotation()]
XYPlot.java,org.jfree.chart.plot.XYPlot,org.pitest.mutationtest.engine.gregor.mutators.returns.NullReturnValsMutator,getAxisOffset,572,NO_COVERAGE,none
XYPlot.java,org.jfree.chart.plot.XYPlot,org.pitest.mutationtest.engine.gregor.mutators.ConditionalsBoundaryMutator,getDataRange,4171,KILLED,org.jfree.chart.plot.XYPlotTest.[engine:junit-jupiter]/[class:org.jfree.chart.plot.XYPlotTest]/[method:testGetDataRange()]
XYPlot.java,org.jfree.chart.plot.XYPlot,org.pitest.mutationtest.engine.gregor.mutators.ConditionalsBoundaryMutator,getDataRange,4186,KILLED,org.jfree.chart.plot.XYPlotTest.[engine:junit-jupiter]/[class:org.jfree.chart.plot.XYPlotTest]/[method:testGetDataRange()]
XYPlot.java,org.jfree.chart.plot.XYPlot,org.pitest.mutationtest.engine.gregor.mutators.NegateConditionalsMutator,getDataRange,4171,KILLED,org.jfree.chart.plot.XYPlotTest.[engine:junit-jupiter]/[class:org.jfree.chart.plot.XYPlotTest]/[method:testGetDataRange()]
XYPlot.java,org.jfree.chart.plot.XYPlot,org.pitest.mutationtest.engine.gregor.mutators.NegateConditionalsMutator,getDataRange,4174,SURVIVED,none
XYPlot.java,org.jfree.chart.plot.XYPlot,org.pitest.mutationtest.engine.gregor.mutators.NegateConditionalsMutator,getDataRange,4177,KILLED,org.jfree.chart.plot.CombinedDomainXYPlotTest.[engine:junit-jupiter]/[class:org.jfree.chart.plot.CombinedDomainXYPlotTest]/[method:testNotification()]
XYPlot.java,org.jfree.chart.plot.XYPlot,org.pitest.mutationtest.engine.gregor.mutators.NegateConditionalsMutator,getDataRange,4186,KILLED,org.jfree.chart.plot.XYPlotTest.[engine:junit-jupiter]/[class:org.jfree.chart.plot.XYPlotTest]/[method:testGetDataRange()]
XYPlot.java,org.jfree.chart.plot.XYPlot,org.pitest.mutationtest.engine.gregor.mutators.NegateConditionalsMutator,getDataRange,4189,SURVIVED,none
XYPlot.java,org.jfree.chart.plot.XYPlot,org.pitest.mutationtest.engine.gregor.mutators.NegateConditionalsMutator,getDataRange,4193,KILLED,org.jfree.chart.plot.CombinedDomainXYPlotTest.[engine:junit-jupiter]/[class:org.jfree.chart.plot.CombinedDomainXYPlotTest]/[method:testNotification()]
XYPlot.java,org.jfree.chart.plot.XYPlot,org.pitest.mutationtest.engine.gregor.mutators.NegateConditionalsMutator,getDataRange,4203,KILLED,org.jfree.chart.plot.XYPlotTest.[engine:junit-jupiter]/[class:org.jfree.chart.plot.XYPlotTest]/[method:testSetNullRenderer()]
XYPlot.java,org.jfree.chart.plot.XYPlot,org.pitest.mutationtest.engine.gregor.mutators.NegateConditionalsMutator,getDataRange,4205,KILLED,org.jfree.chart.plot.XYPlotTest.[engine:junit-jupiter]/[class:org.jfree.chart.plot.XYPlotTest]/[method:testGetDataRange()]
XYPlot.java,org.jfree.chart.plot.XYPlot,org.pitest.mutationtest.engine.gregor.mutators.NegateConditionalsMutator,getDataRange,4206,KILLED,org.jfree.chart.plot.XYPlotTest.[engine:junit-jupiter]/[class:org.jfree.chart.plot.XYPlotTest]/[method:testGetDataRange()]
XYPlot.java,org.jfree.chart.plot.XYPlot,org.pitest.mutationtest.engine.gregor.mutators.NegateConditionalsMutator,getDataRange,4215,KILLED,org.jfree.chart.plot.XYPlotTest.[engine:junit-jupiter]/[class:org.jfree.chart.plot.XYPlotTest]/[method:testGetDataRangeWithMultipleDatasets()]
XYPlot.java,org.jfree.chart.plot.XYPlot,org.pitest.mutationtest.engine.gregor.mutators.NegateConditionalsMutator,getDataRange,4225,KILLED,org.jfree.chart.plot.XYPlotTest.[engine:junit-jupiter]/[class:org.jfree.chart.plot.XYPlotTest]/[method:testDrawRangeGridlines()]
XYPlot.java,org.jfree.chart.plot.XYPlot,org.pitest.mutationtest.engine.gregor.mutators.NegateConditionalsMutator,getDataRange,4231,NO_COVERAGE,none
XYPlot.java,org.jfree.chart.plot.XYPlot,org.pitest.mutationtest.engine.gregor.mutators.NegateConditionalsMutator,getDataRange,4242,NO_COVERAGE,none
XYPlot.java,org.jfree.chart.plot.XYPlot,org.pitest.mutationtest.engine.gregor.mutators.NegateConditionalsMutator,getDataRange,4243,NO_COVERAGE,none
XYPlot.java,org.jfree.chart.plot.XYPlot,org.pitest.mutationtest.engine.gregor.mutators.returns.NullReturnValsMutator,getDataRange,4251,KILLED,org.jfree.chart.plot.XYPlotTest.[engine:junit-jupiter]/[class:org.jfree.chart.plot.XYPlotTest]/[method:testGetDataRange()]
XYPlot.java,org.jfree.chart.plot.XYPlot,org.pitest.mutationtest.engine.gregor.mutators.returns.NullReturnValsMutator,getDataset,1172,NO_COVERAGE,none
XYPlot.java,org.jfree.chart.plot.XYPlot,org.pitest.mutationtest.engine.gregor.mutators.returns.NullReturnValsMutator,getDataset,1186,KILLED,org.jfree.chart.plot.XYPlotTest.[engine:junit-jupiter]/[class:org.jfree.chart.plot.XYPlotTest]/[method:testGetLegendItems()]
XYPlot.java,org.jfree.chart.plot.XYPlot,org.pitest.mutationtest.engine.gregor.mutators.returns.PrimitiveReturnsMutator,getDatasetCount,1245,KILLED,org.jfree.chart.plot.XYPlotTest.[engine:junit-jupiter]/[class:org.jfree.chart.plot.XYPlotTest]/[method:testDatasetIndices()]
XYPlot.java,org.jfree.chart.plot.XYPlot,org.pitest.mutationtest.engine.gregor.mutators.NegateConditionalsMutator,getDatasetIndices,3140,SURVIVED,none
XYPlot.java,org.jfree.chart.plot.XYPlot,org.pitest.mutationtest.engine.gregor.mutators.NegateConditionalsMutator,getDatasetIndices,3145,SURVIVED,none
XYPlot.java,org.jfree.chart.plot.XYPlot,org.pitest.mutationtest.engine.gregor.mutators.VoidMethodCallMutator,getDatasetIndices,3144,SURVIVED,none
XYPlot.java,org.jfree.chart.plot.XYPlot,org.pitest.mutationtest.engine.gregor.mutators.VoidMethodCallMutator,getDatasetIndices,3146,SURVIVED,none
XYPlot.java,org.jfree.chart.plot.XYPlot,org.pitest.mutationtest.engine.gregor.mutators.returns.EmptyObjectReturnValsMutator,getDatasetIndices,3148,SURVIVED,none
XYPlot.java,org.jfree.chart.plot.XYPlot,org.pitest.mutationtest.engine.gregor.mutators.returns.NullReturnValsMutator,getDatasetRenderingOrder,1479,SURVIVED,none
XYPlot.java,org.jfree.chart.plot.XYPlot,org.pitest.mutationtest.engine.gregor.mutators.returns.EmptyObjectReturnValsMutator,getDatasets,1199,NO_COVERAGE,none
XYPlot.java,org.jfree.chart.plot.XYPlot,org.pitest.mutationtest.engine.gregor.mutators.NegateConditionalsMutator,getDatasetsMappedToDomainAxis,4053,KILLED,org.jfree.chart.plot.XYPlotTest.[engine:junit-jupiter]/[class:org.jfree.chart.plot.XYPlotTest]/[method:testDatasetIndices()]
XYPlot.java,org.jfree.chart.plot.XYPlot,org.pitest.mutationtest.engine.gregor.mutators.NegateConditionalsMutator,getDatasetsMappedToDomainAxis,4054,SURVIVED,none
XYPlot.java,org.jfree.chart.plot.XYPlot,org.pitest.mutationtest.engine.gregor.mutators.NegateConditionalsMutator,getDatasetsMappedToDomainAxis,4058,KILLED,org.jfree.chart.plot.XYPlotTest.[engine:junit-jupiter]/[class:org.jfree.chart.plot.XYPlotTest]/[method:testGetDataRange()]
XYPlot.java,org.jfree.chart.plot.XYPlot,org.pitest.mutationtest.engine.gregor.mutators.VoidMethodCallMutator,getDatasetsMappedToDomainAxis,4048,SURVIVED,none
XYPlot.java,org.jfree.chart.plot.XYPlot,org.pitest.mutationtest.engine.gregor.mutators.returns.EmptyObjectReturnValsMutator,getDatasetsMappedToDomainAxis,4063,KILLED,org.jfree.chart.plot.XYPlotTest.[engine:junit-jupiter]/[class:org.jfree.chart.plot.XYPlotTest]/[method:testGetDataRange()]
XYPlot.java,org.jfree.chart.plot.XYPlot,org.pitest.mutationtest.engine.gregor.mutators.NegateConditionalsMutator,getDatasetsMappedToRangeAxis,4080,KILLED,org.jfree.chart.plot.XYPlotTest.[engine:junit-jupiter]/[class:org.jfree.chart.plot.XYPlotTest]/[method:testDatasetIndices()]
XYPlot.java,org.jfree.chart.plot.XYPlot,org.pitest.mutationtest.engine.gregor.mutators.NegateConditionalsMutator,getDatasetsMappedToRangeAxis,4081,SURVIVED,none
XYPlot.java,org.jfree.chart.plot.XYPlot,org.pitest.mutationtest.engine.gregor.mutators.NegateConditionalsMutator,getDatasetsMappedToRangeAxis,4085,KILLED,org.jfree.chart.plot.XYPlotTest.[engine:junit-jupiter]/[class:org.jfree.chart.plot.XYPlotTest]/[method:testGetDataRange()]
XYPlot.java,org.jfree.chart.plot.XYPlot,org.pitest.mutationtest.engine.gregor.mutators.VoidMethodCallMutator,getDatasetsMappedToRangeAxis,4075,SURVIVED,none
XYPlot.java,org.jfree.chart.plot.XYPlot,org.pitest.mutationtest.engine.gregor.mutators.returns.EmptyObjectReturnValsMutator,getDatasetsMappedToRangeAxis,4090,KILLED,org.jfree.chart.plot.XYPlotTest.[engine:junit-jupiter]/[class:org.jfree.chart.plot.XYPlotTest]/[method:testGetDataRange()]
XYPlot.java,org.jfree.chart.plot.XYPlot,org.pitest.mutationtest.engine.gregor.mutators.returns.EmptyObjectReturnValsMutator,getDomainAxes,635,SURVIVED,none
XYPlot.java,org.jfree.chart.plot.XYPlot,org.pitest.mutationtest.engine.gregor.mutators.returns.NullReturnValsMutator,getDomainAxis,600,KILLED,org.jfree.chart.plot.XYPlotTest.[engine:junit-jupiter]/[class:org.jfree.chart.plot.XYPlotTest]/[method:testCloneIndependence()]
XYPlot.java,org.jfree.chart.plot.XYPlot,org.pitest.mutationtest.engine.gregor.mutators.NegateConditionalsMutator,getDomainAxis,615,KILLED,org.jfree.chart.plot.CombinedRangeXYPlotTest.[engine:junit-jupiter]/[class:org.jfree.chart.plot.CombinedRangeXYPlotTest]/[method:testNotification()]
XYPlot.java,org.jfree.chart.plot.XYPlot,org.pitest.mutationtest.engine.gregor.mutators.NegateConditionalsMutator,getDomainAxis,617,KILLED,org.jfree.chart.plot.XYPlotTest.[engine:junit-jupiter]/[class:org.jfree.chart.plot.XYPlotTest]/[method:testGetDomainAxisForDataset()]
XYPlot.java,org.jfree.chart.plot.XYPlot,org.pitest.mutationtest.engine.gregor.mutators.returns.NullReturnValsMutator,getDomainAxis,622,KILLED,org.jfree.chart.plot.XYPlotTest.[engine:junit-jupiter]/[class:org.jfree.chart.plot.XYPlotTest]/[method:testGetDomainAxisForDataset()]
XYPlot.java,org.jfree.chart.plot.XYPlot,org.pitest.mutationtest.engine.gregor.mutators.returns.PrimitiveReturnsMutator,getDomainAxisCount,768,NO_COVERAGE,none
XYPlot.java,org.jfree.chart.plot.XYPlot,org.pitest.mutationtest.engine.gregor.mutators.returns.NullReturnValsMutator,getDomainAxisEdge,756,KILLED,org.jfree.chart.plot.CombinedDomainXYPlotTest.[engine:junit-jupiter]/[class:org.jfree.chart.plot.CombinedDomainXYPlotTest]/[method:testNotification()]
XYPlot.java,org.jfree.chart.plot.XYPlot,org.pitest.mutationtest.engine.gregor.mutators.returns.NullReturnValsMutator,getDomainAxisEdge,867,KILLED,org.jfree.chart.plot.XYPlotTest.[engine:junit-jupiter]/[class:org.jfree.chart.plot.XYPlotTest]/[method:testDrawSeriesWithZeroItems()]
XYPlot.java,org.jfree.chart.plot.XYPlot,org.pitest.mutationtest.engine.gregor.mutators.NegateConditionalsMutator,getDomainAxisForDataset,3556,KILLED,org.jfree.chart.plot.XYPlotTest.[engine:junit-jupiter]/[class:org.jfree.chart.plot.XYPlotTest]/[method:testGetDomainAxisForDataset()]
XYPlot.java,org.jfree.chart.plot.XYPlot,org.pitest.mutationtest.engine.gregor.mutators.VoidMethodCallMutator,getDomainAxisForDataset,3553,KILLED,org.jfree.chart.plot.XYPlotTest.[engine:junit-jupiter]/[class:org.jfree.chart.plot.XYPlotTest]/[method:testGetDomainAxisForDataset()]
XYPlot.java,org.jfree.chart.plot.XYPlot,org.pitest.mutationtest.engine.gregor.mutators.returns.NullReturnValsMutator,getDomainAxisForDataset,3564,KILLED,org.jfree.chart.plot.XYPlotTest.[engine:junit-jupiter]/[class:org.jfree.chart.plot.XYPlotTest]/[method:testGetDomainAxisForDataset()]
XYPlot.java,org.jfree.chart.plot.XYPlot,org.pitest.mutationtest.engine.gregor.mutators.ConditionalsBoundaryMutator,getDomainAxisIndex,4104,SURVIVED,none
XYPlot.java,org.jfree.chart.plot.XYPlot,org.pitest.mutationtest.engine.gregor.mutators.NegateConditionalsMutator,getDomainAxisIndex,4104,SURVIVED,none
XYPlot.java,org.jfree.chart.plot.XYPlot,org.pitest.mutationtest.engine.gregor.mutators.NegateConditionalsMutator,getDomainAxisIndex,4107,KILLED,org.jfree.chart.plot.XYPlotTest.[engine:junit-jupiter]/[class:org.jfree.chart.plot.XYPlotTest]/[method:testSetNullRenderer()]
XYPlot.java,org.jfree.chart.plot.XYPlot,org.pitest.mutationtest.engine.gregor.mutators.returns.PrimitiveReturnsMutator,getDomainAxisIndex,4112,SURVIVED,none
XYPlot.java,org.jfree.chart.plot.XYPlot,org.pitest.mutationtest.engine.gregor.mutators.returns.NullReturnValsMutator,getDomainAxisLocation,716,KILLED,org.jfree.chart.plot.XYPlotTest.[engine:junit-jupiter]/[class:org.jfree.chart.plot.XYPlotTest]/[method:testDrawRangeGridlines()]
XYPlot.java,org.jfree.chart.plot.XYPlot,org.pitest.mutationtest.engine.gregor.mutators.NegateConditionalsMutator,getDomainAxisLocation,811,KILLED,org.jfree.chart.plot.XYPlotTest.[engine:junit-jupiter]/[class:org.jfree.chart.plot.XYPlotTest]/[method:testAxisLocationIndices()]
XYPlot.java,org.jfree.chart.plot.XYPlot,org.pitest.mutationtest.engine.gregor.mutators.returns.NullReturnValsMutator,getDomainAxisLocation,814,KILLED,org.jfree.chart.plot.XYPlotTest.[engine:junit-jupiter]/[class:org.jfree.chart.plot.XYPlotTest]/[method:testAxisLocationIndices()]
XYPlot.java,org.jfree.chart.plot.XYPlot,org.pitest.mutationtest.engine.gregor.mutators.returns.NullReturnValsMutator,getDomainCrosshairPaint,4441,NO_COVERAGE,none
XYPlot.java,org.jfree.chart.plot.XYPlot,org.pitest.mutationtest.engine.gregor.mutators.returns.NullReturnValsMutator,getDomainCrosshairStroke,4413,NO_COVERAGE,none
XYPlot.java,org.jfree.chart.plot.XYPlot,org.pitest.mutationtest.engine.gregor.mutators.returns.PrimitiveReturnsMutator,getDomainCrosshairValue,4371,SURVIVED,none
XYPlot.java,org.jfree.chart.plot.XYPlot,org.pitest.mutationtest.engine.gregor.mutators.returns.NullReturnValsMutator,getDomainGridlinePaint,1712,KILLED,org.jfree.chart.plot.XYPlotTest.[engine:junit-jupiter]/[class:org.jfree.chart.plot.XYPlotTest]/[method:testDomainGridlineRecording()]
XYPlot.java,org.jfree.chart.plot.XYPlot,org.pitest.mutationtest.engine.gregor.mutators.returns.EmptyObjectReturnValsMutator,getDomainGridlineRecords,2714,KILLED,org.jfree.chart.plot.XYPlotTest.[engine:junit-jupiter]/[class:org.jfree.chart.plot.XYPlotTest]/[method:testClearDomainGridlineRecords()]
XYPlot.java,org.jfree.chart.plot.XYPlot,org.pitest.mutationtest.engine.gregor.mutators.returns.NullReturnValsMutator,getDomainGridlineStroke,1659,KILLED,org.jfree.chart.plot.XYPlotTest.[engine:junit-jupiter]/[class:org.jfree.chart.plot.XYPlotTest]/[method:testDomainGridlineRecordTickValues()]
XYPlot.java,org.jfree.chart.plot.XYPlot,org.pitest.mutationtest.engine.gregor.mutators.NegateConditionalsMutator,getDomainMarkers,3838,KILLED,org.jfree.chart.plot.XYPlotTest.[engine:junit-jupiter]/[class:org.jfree.chart.plot.XYPlotTest]/[method:testDomainMarkerIndices()]
XYPlot.java,org.jfree.chart.plot.XYPlot,org.pitest.mutationtest.engine.gregor.mutators.NegateConditionalsMutator,getDomainMarkers,3841,SURVIVED,none
XYPlot.java,org.jfree.chart.plot.XYPlot,org.pitest.mutationtest.engine.gregor.mutators.NegateConditionalsMutator,getDomainMarkers,3844,KILLED,org.jfree.chart.plot.XYPlotTest.[engine:junit-jupiter]/[class:org.jfree.chart.plot.XYPlotTest]/[method:testDomainGridlineRecordTickValues()]
XYPlot.java,org.jfree.chart.plot.XYPlot,org.pitest.mutationtest.engine.gregor.mutators.returns.EmptyObjectReturnValsMutator,getDomainMarkers,3847,KILLED,org.jfree.chart.plot.XYPlotTest.[engine:junit-jupiter]/[class:org.jfree.chart.plot.XYPlotTest]/[method:testDomainMarkerIndices()]
XYPlot.java,org.jfree.chart.plot.XYPlot,org.pitest.mutationtest.engine.gregor.mutators.returns.EmptyObjectReturnValsMutator,getDomainMarkers,3809,NO_COVERAGE,none
XYPlot.java,org.jfree.chart.plot.XYPlot,org.pitest.mutationtest.engine.gregor.mutators.returns.NullReturnValsMutator,getDomainMinorGridlinePaint,1738,KILLED,org.jfree.chart.plot.XYPlotTest.[engine:junit-jupiter]/[class:org.jfree.chart.plot.XYPlotTest]/[method:testDomainMinorGridlineRecording()]
XYPlot.java,org.jfree.chart.plot.XYPlot,org.pitest.mutationtest.engine.gregor.mutators.returns.NullReturnValsMutator,getDomainMinorGridlineStroke,1686,KILLED,org.jfree.chart.plot.XYPlotTest.[engine:junit-jupiter]/[class:org.jfree.chart.plot.XYPlotTest]/[method:testDomainMinorGridlineRecording()]
XYPlot.java,org.jfree.chart.plot.XYPlot,org.pitest.mutationtest.engine.gregor.mutators.returns.NullReturnValsMutator,getDomainTickBandPaint,2085,SURVIVED,none
XYPlot.java,org.jfree.chart.plot.XYPlot,org.pitest.mutationtest.engine.gregor.mutators.returns.NullReturnValsMutator,getDomainZeroBaselinePaint,1982,NO_COVERAGE,none
XYPlot.java,org.jfree.chart.plot.XYPlot,org.pitest.mutationtest.engine.gregor.mutators.returns.NullReturnValsMutator,getDomainZeroBaselineStroke,1956,NO_COVERAGE,none
XYPlot.java,org.jfree.chart.plot.XYPlot,org.pitest.mutationtest.engine.gregor.mutators.returns.NullReturnValsMutator,getFixedDomainAxisSpace,4619,SURVIVED,none
XYPlot.java,org.jfree.chart.plot.XYPlot,org.pitest.mutationtest.engine.gregor.mutators.returns.NullReturnValsMutator,getFixedLegendItems,4973,SURVIVED,none
XYPlot.java,org.jfree.chart.plot.XYPlot,org.pitest.mutationtest.engine.gregor.mutators.returns.NullReturnValsMutator,getFixedRangeAxisSpace,4658,SURVIVED,none
XYPlot.java,org.jfree.chart.plot.XYPlot,org.pitest.mutationtest.engine.gregor.mutators.NegateConditionalsMutator,getIndexOf,1536,KILLED,org.jfree.chart.plot.XYPlotTest.[engine:junit-jupiter]/[class:org.jfree.chart.plot.XYPlotTest]/[method:testRendererIndices()]
XYPlot.java,org.jfree.chart.plot.XYPlot,org.pitest.mutationtest.engine.gregor.mutators.returns.PrimitiveReturnsMutator,getIndexOf,1537,KILLED,org.jfree.chart.plot.XYPlotTest.[engine:junit-jupiter]/[class:org.jfree.chart.plot.XYPlotTest]/[method:testRendererIndices()]
XYPlot.java,org.jfree.chart.plot.XYPlot,org.pitest.mutationtest.engine.gregor.mutators.returns.PrimitiveReturnsMutator,getIndexOf,1540,NO_COVERAGE,none
XYPlot.java,org.jfree.chart.plot.XYPlot,org.pitest.mutationtest.engine.gregor.mutators.returns.NullReturnValsMutator,getLastDrawingOperations,2703,KILLED,org.jfree.chart.plot.XYPlotTest.[engine:junit-jupiter]/[class:org.jfree.chart.plot.XYPlotTest]/[method:testDrawRecordsBackgroundDrawn()]
XYPlot.java,org.jfree.chart.plot.XYPlot,org.pitest.mutationtest.engine.gregor.mutators.ConditionalsBoundaryMutator,getLegendItems,5014,KILLED,org.jfree.chart.plot.XYPlotTest.[engine:junit-jupiter]/[class:org.jfree.chart.plot.XYPlotTest]/[method:testGetLegendItems()]
XYPlot.java,org.jfree.chart.plot.XYPlot,org.pitest.mutationtest.engine.gregor.mutators.NegateConditionalsMutator,getLegendItems,4999,KILLED,org.jfree.chart.plot.XYPlotTest.[engine:junit-jupiter]/[class:org.jfree.chart.plot.XYPlotTest]/[method:testGetLegendItems()]
XYPlot.java,org.jfree.chart.plot.XYPlot,org.pitest.mutationtest.engine.gregor.mutators.NegateConditionalsMutator,getLegendItems,5004,KILLED,org.jfree.chart.plot.XYPlotTest.[engine:junit-jupiter]/[class:org.jfree.chart.plot.XYPlotTest]/[method:testGetLegendItems()]
XYPlot.java,org.jfree.chart.plot.XYPlot,org.pitest.mutationtest.engine.gregor.mutators.NegateConditionalsMutator,getLegendItems,5009,KILLED,org.jfree.chart.plot.XYPlotTest.[engine:junit-jupiter]/[class:org.jfree.chart.plot.XYPlotTest]/[method:testGetLegendItems()]
XYPlot.java,org.jfree.chart.plot.XYPlot,org.pitest.mutationtest.engine.gregor.mutators.NegateConditionalsMutator,getLegendItems,5012,KILLED,org.jfree.chart.plot.XYPlotTest.[engine:junit-jupiter]/[class:org.jfree.chart.plot.XYPlotTest]/[method:testGetLegendItems()]
XYPlot.java,org.jfree.chart.plot.XYPlot,org.pitest.mutationtest.engine.gregor.mutators.NegateConditionalsMutator,getLegendItems,5014,KILLED,org.jfree.chart.plot.XYPlotTest.[engine:junit-jupiter]/[class:org.jfree.chart.plot.XYPlotTest]/[method:testGetLegendItems()]
XYPlot.java,org.jfree.chart.plot.XYPlot,org.pitest.mutationtest.engine.gregor.mutators.NegateConditionalsMutator,getLegendItems,5015,KILLED,org.jfree.chart.plot.XYPlotTest.[engine:junit-jupiter]/[class:org.jfree.chart.plot.XYPlotTest]/[method:testGetLegendItems()]
XYPlot.java,org.jfree.chart.plot.XYPlot,org.pitest.mutationtest.engine.gregor.mutators.NegateConditionalsMutator,getLegendItems,5016,KILLED,org.jfree.chart.plot.XYPlotTest.[engine:junit-jupiter]/[class:org.jfree.chart.plot.XYPlotTest]/[method:testGetLegendItems()]
XYPlot.java,org.jfree.chart.plot.XYPlot,org.pitest.mutationtest.engine.gregor.mutators.NegateConditionalsMutator,getLegendItems,5019,KILLED,org.jfree.chart.plot.XYPlotTest.[engine:junit-jupiter]/[class:org.jfree.chart.plot.XYPlotTest]/[method:testGetLegendItems()]
XYPlot.java,org.jfree.chart.plot.XYPlot,org.pitest.mutationtest.engine.gregor.mutators.VoidMethodCallMutator,getLegendItems,5020,KILLED,org.jfree.chart.plot.XYPlotTest.[engine:junit-jupiter]/[class:org.jfree.chart.plot.XYPlotTest]/[method:testGetLegendItems()]
XYPlot.java,org.jfree.chart.plot.XYPlot,org.pitest.mutationtest.engine.gregor.mutators.returns.NullReturnValsMutator,getLegendItems,5000,NO_COVERAGE,none
XYPlot.java,org.jfree.chart.plot.XYPlot,org.pitest.mutationtest.engine.gregor.mutators.returns.NullReturnValsMutator,getLegendItems,5026,KILLED,org.jfree.chart.plot.XYPlotTest.[engine:junit-jupiter]/[class:org.jfree.chart.plot.XYPlotTest]/[method:testGetLegendItems()]
XYPlot.java,org.jfree.chart.plot.XYPlot,org.pitest.mutationtest.engine.gregor.mutators.returns.NullReturnValsMutator,getOrientation,545,KILLED,org.jfree.chart.plot.XYPlotTest.[engine:junit-jupiter]/[class:org.jfree.chart.plot.XYPlotTest]/[method:testDomainGridlineRecordTickValues()]
XYPlot.java,org.jfree.chart.plot.XYPlot,org.pitest.mutationtest.engine.gregor.mutators.returns.EmptyObjectReturnValsMutator,getPlotType,533,NO_COVERAGE,none
XYPlot.java,org.jfree.chart.plot.XYPlot,org.pitest.mutationtest.engine.gregor.mutators.returns.NullReturnValsMutator,getQuadrantOrigin,2133,SURVIVED,none
XYPlot.java,org.jfree.chart.plot.XYPlot,org.pitest.mutationtest.engine.gregor.mutators.ConditionalsBoundaryMutator,getQuadrantPaint,2160,NO_COVERAGE,none
XYPlot.java,org.jfree.chart.plot.XYPlot,org.pitest.mutationtest.engine.gregor.mutators.ConditionalsBoundaryMutator,getQuadrantPaint,2160,NO_COVERAGE,none
XYPlot.java,org.jfree.chart.plot.XYPlot,org.pitest.mutationtest.engine.gregor.mutators.NegateConditionalsMutator,getQuadrantPaint,2160,NO_COVERAGE,none
XYPlot.java,org.jfree.chart.plot.XYPlot,org.pitest.mutationtest.engine.gregor.mutators.NegateConditionalsMutator,getQuadrantPaint,2160,NO_COVERAGE,none
XYPlot.java,org.jfree.chart.plot.XYPlot,org.pitest.mutationtest.engine.gregor.mutators.returns.NullReturnValsMutator,getQuadrantPaint,2164,NO_COVERAGE,none
XYPlot.java,org.jfree.chart.plot.XYPlot,org.pitest.mutationtest.engine.gregor.mutators.returns.EmptyObjectReturnValsMutator,getRangeAxes,993,SURVIVED,none
XYPlot.java,org.jfree.chart.plot.XYPlot,org.pitest.mutationtest.engine.gregor.mutators.returns.NullReturnValsMutator,getRangeAxis,881,KILLED,org.jfree.chart.plot.XYPlotTest.[engine:junit-jupiter]/[class:org.jfree.chart.plot.XYPlotTest]/[method:testCloneIndependence()]
XYPlot.java,org.jfree.chart.plot.XYPlot,org.pitest.mutationtest.engine.gregor.mutators.NegateConditionalsMutator,getRangeAxis,973,KILLED,org.jfree.chart.plot.CombinedDomainXYPlotTest.[engine:junit-jupiter]/[class:org.jfree.chart.plot.CombinedDomainXYPlotTest]/[method:testNotification()]
XYPlot.java,org.jfree.chart.plot.XYPlot,org.pitest.mutationtest.engine.gregor.mutators.NegateConditionalsMutator,getRangeAxis,975,KILLED,org.jfree.chart.plot.XYPlotTest.[engine:junit-jupiter]/[class:org.jfree.chart.plot.XYPlotTest]/[method:testGetRangeAxisForDataset()]
XYPlot.java,org.jfree.chart.plot.XYPlot,org.pitest.mutationtest.engine.gregor.mutators.returns.NullReturnValsMutator,getRangeAxis,980,KILLED,org.jfree.chart.plot.XYPlotTest.[engine:junit-jupiter]/[class:org.jfree.chart.plot.XYPlotTest]/[method:testGetRangeAxisForDataset()]
XYPlot.java,org.jfree.chart.plot.XYPlot,org.pitest.mutationtest.engine.gregor.mutators.returns.PrimitiveReturnsMutator,getRangeAxisCount,1060,NO_COVERAGE,none
XYPlot.java,org.jfree.chart.plot.XYPlot,org.pitest.mutationtest.engine.gregor.mutators.returns.NullReturnValsMutator,getRangeAxisEdge,957,KILLED,org.jfree.chart.plot.CombinedRangeXYPlotTest.[engine:junit-jupiter]/[class:org.jfree.chart.plot.CombinedRangeXYPlotTest]/[method:testNotification()]
XYPlot.java,org.jfree.chart.plot.XYPlot,org.pitest.mutationtest.engine.gregor.mutators.returns.NullReturnValsMutator,getRangeAxisEdge,1160,KILLED,org.jfree.chart.plot.XYPlotTest.[engine:junit-jupiter]/[class:org.jfree.chart.plot.XYPlotTest]/[method:testDrawRangeGridlines()]
XYPlot.java,org.jfree.chart.plot.XYPlot,org.pitest.mutationtest.engine.gregor.mutators.NegateConditionalsMutator,getRangeAxisForDataset,3578,KILLED,org.jfree.chart.plot.XYPlotTest.[engine:junit-jupiter]/[class:org.jfree.chart.plot.XYPlotTest]/[method:testGetRangeAxisForDataset()]
XYPlot.java,org.jfree.chart.plot.XYPlot,org.pitest.mutationtest.engine.gregor.mutators.VoidMethodCallMutator,getRangeAxisForDataset,3575,KILLED,org.jfree.chart.plot.XYPlotTest.[engine:junit-jupiter]/[class:org.jfree.chart.plot.XYPlotTest]/[method:testGetRangeAxisForDataset()]
XYPlot.java,org.jfree.chart.plot.XYPlot,org.pitest.mutationtest.engine.gregor.mutators.returns.NullReturnValsMutator,getRangeAxisForDataset,3586,KILLED,org.jfree.chart.plot.XYPlotTest.[engine:junit-jupiter]/[class:org.jfree.chart.plot.XYPlotTest]/[method:testGetRangeAxisForDataset()]
XYPlot.java,org.jfree.chart.plot.XYPlot,org.pitest.mutationtest.engine.gregor.mutators.ConditionalsBoundaryMutator,getRangeAxisIndex,4135,SURVIVED,none
XYPlot.java,org.jfree.chart.plot.XYPlot,org.pitest.mutationtest.engine.gregor.mutators.NegateConditionalsMutator,getRangeAxisIndex,4135,SURVIVED,none
XYPlot.java,org.jfree.chart.plot.XYPlot,org.pitest.mutationtest.engine.gregor.mutators.NegateConditionalsMutator,getRangeAxisIndex,4138,KILLED,org.jfree.chart.plot.XYPlotTest.[engine:junit-jupiter]/[class:org.jfree.chart.plot.XYPlotTest]/[method:testSetNullRenderer()]
XYPlot.java,org.jfree.chart.plot.XYPlot,org.pitest.mutationtest.engine.gregor.mutators.returns.PrimitiveReturnsMutator,getRangeAxisIndex,4143,KILLED,org.jfree.chart.plot.XYPlotTest.[engine:junit-jupiter]/[class:org.jfree.chart.plot.XYPlotTest]/[method:testGetDataRange()]
XYPlot.java,org.jfree.chart.plot.XYPlot,org.pitest.mutationtest.engine.gregor.mutators.returns.NullReturnValsMutator,getRangeAxisLocation,918,KILLED,org.jfree.chart.plot.XYPlotTest.[engine:junit-jupiter]/[class:org.jfree.chart.plot.XYPlotTest]/[method:testDrawRangeGridlines()]
XYPlot.java,org.jfree.chart.plot.XYPlot,org.pitest.mutationtest.engine.gregor.mutators.NegateConditionalsMutator,getRangeAxisLocation,1105,KILLED,org.jfree.chart.plot.XYPlotTest.[engine:junit-jupiter]/[class:org.jfree.chart.plot.XYPlotTest]/[method:testAxisLocationIndices()]
XYPlot.java,org.jfree.chart.plot.XYPlot,org.pitest.mutationtest.engine.gregor.mutators.returns.NullReturnValsMutator,getRangeAxisLocation,1108,KILLED,org.jfree.chart.plot.XYPlotTest.[engine:junit-jupiter]/[class:org.jfree.chart.plot.XYPlotTest]/[method:testAxisLocationIndices()]
XYPlot.java,org.jfree.chart.plot.XYPlot,org.pitest.mutationtest.engine.gregor.mutators.returns.NullReturnValsMutator,getRangeCrosshairPaint,4594,NO_COVERAGE,none
XYPlot.java,org.jfree.chart.plot.XYPlot,org.pitest.mutationtest.engine.gregor.mutators.returns.NullReturnValsMutator,getRangeCrosshairStroke,4566,NO_COVERAGE,none
XYPlot.java,org.jfree.chart.plot.XYPlot,org.pitest.mutationtest.engine.gregor.mutators.returns.PrimitiveReturnsMutator,getRangeCrosshairValue,4522,SURVIVED,none
XYPlot.java,org.jfree.chart.plot.XYPlot,org.pitest.mutationtest.engine.gregor.mutators.returns.NullReturnValsMutator,getRangeGridlinePaint,1823,SURVIVED,none
XYPlot.java,org.jfree.chart.plot.XYPlot,org.pitest.mutationtest.engine.gregor.mutators.returns.NullReturnValsMutator,getRangeGridlineStroke,1797,KILLED,org.jfree.chart.plot.XYPlotTest.[engine:junit-jupiter]/[class:org.jfree.chart.plot.XYPlotTest]/[method:testDomainGridlineRecordTickValues()]
XYPlot.java,org.jfree.chart.plot.XYPlot,org.pitest.mutationtest.engine.gregor.mutators.NegateConditionalsMutator,getRangeMarkers,3863,KILLED,org.jfree.chart.plot.XYPlotTest.[engine:junit-jupiter]/[class:org.jfree.chart.plot.XYPlotTest]/[method:testRangeMarkerIndices()]
XYPlot.java,org.jfree.chart.plot.XYPlot,org.pitest.mutationtest.engine.gregor.mutators.NegateConditionalsMutator,getRangeMarkers,3866,SURVIVED,none
XYPlot.java,org.jfree.chart.plot.XYPlot,org.pitest.mutationtest.engine.gregor.mutators.NegateConditionalsMutator,getRangeMarkers,3869,KILLED,org.jfree.chart.plot.XYPlotTest.[engine:junit-jupiter]/[class:org.jfree.chart.plot.XYPlotTest]/[method:testDomainGridlineRecordTickValues()]
XYPlot.java,org.jfree.chart.plot.XYPlot,org.pitest.mutationtest.engine.gregor.mutators.returns.EmptyObjectReturnValsMutator,getRangeMarkers,3872,KILLED,org.jfree.chart.plot.XYPlotTest.[engine:junit-jupiter]/[class:org.jfree.chart.plot.XYPlotTest]/[method:testRangeMarkerIndices()]
XYPlot.java,org.jfree.chart.plot.XYPlot,org.pitest.mutationtest.engine.gregor.mutators.returns.EmptyObjectReturnValsMutator,getRangeMarkers,3822,NO_COVERAGE,none
XYPlot.java,org.jfree.chart.plot.XYPlot,org.pitest.mutationtest.engine.gregor.mutators.returns.NullReturnValsMutator,getRangeMinorGridlinePaint,1905,NO_COVERAGE,none
XYPlot.java,org.jfree.chart.plot.XYPlot,org.pitest.mutationtest.engine.gregor.mutators.returns.NullReturnValsMutator,getRangeMinorGridlineStroke,1879,NO_COVERAGE,none
XYPlot.java,org.jfree.chart.plot.XYPlot,org.pitest.mutationtest.engine.gregor.mutators.returns.NullReturnValsMutator,getRangeTickBandPaint,2109,SURVIVED,none
XYPlot.java,org.jfree.chart.plot.XYPlot,org.pitest.mutationtest.engine.gregor.mutators.returns.NullReturnValsMutator,getRangeZeroBaselinePaint,2059,NO_COVERAGE,none
XYPlot.java,org.jfree.chart.plot.XYPlot,org.pitest.mutationtest.engine.gregor.mutators.returns.NullReturnValsMutator,getRangeZeroBaselineStroke,2033,NO_COVERAGE,none
XYPlot.java,org.jfree.chart.plot.XYPlot,org.pitest.mutationtest.engine.gregor.mutators.returns.NullReturnValsMutator,getRenderer,1371,KILLED,org.jfree.chart.plot.XYPlotTest.[engine:junit-jupiter]/[class:org.jfree.chart.plot.XYPlotTest]/[method:testGetRendererForDataset()]
XYPlot.java,org.jfree.chart.plot.XYPlot,org.pitest.mutationtest.engine.gregor.mutators.returns.NullReturnValsMutator,getRenderer,1384,KILLED,org.jfree.chart.plot.XYPlotTest.[engine:junit-jupiter]/[class:org.jfree.chart.plot.XYPlotTest]/[method:testGetRendererForDataset()]
XYPlot.java,org.jfree.chart.plot.XYPlot,org.pitest.mutationtest.engine.gregor.mutators.returns.PrimitiveReturnsMutator,getRendererCount,1360,KILLED,org.jfree.chart.plot.XYPlotTest.[engine:junit-jupiter]/[class:org.jfree.chart.plot.XYPlotTest]/[method:testRendererIndices()]
XYPlot.java,org.jfree.chart.plot.XYPlot,org.pitest.mutationtest.engine.gregor.mutators.ConditionalsBoundaryMutator,getRendererForDataset,1555,KILLED,org.jfree.chart.plot.XYPlotTest.[engine:junit-jupiter]/[class:org.jfree.chart.plot.XYPlotTest]/[method:testGetRendererForDataset()]
XYPlot.java,org.jfree.chart.plot.XYPlot,org.pitest.mutationtest.engine.gregor.mutators.NegateConditionalsMutator,getRendererForDataset,1555,KILLED,org.jfree.chart.plot.XYPlotTest.[engine:junit-jupiter]/[class:org.jfree.chart.plot.XYPlotTest]/[method:testGetRendererForDataset()]
XYPlot.java,org.jfree.chart.plot.XYPlot,org.pitest.mutationtest.engine.gregor.mutators.NegateConditionalsMutator,getRendererForDataset,1559,KILLED,org.jfree.chart.plot.XYPlotTest.[engine:junit-jupiter]/[class:org.jfree.chart.plot.XYPlotTest]/[method:testGetRendererForDataset()]
XYPlot.java,org.jfree.chart.plot.XYPlot,org.pitest.mutationtest.engine.gregor.mutators.returns.NullReturnValsMutator,getRendererForDataset,1562,KILLED,org.jfree.chart.plot.XYPlotTest.[engine:junit-jupiter]/[class:org.jfree.chart.plot.XYPlotTest]/[method:testGetRendererForDataset()]
XYPlot.java,org.jfree.chart.plot.XYPlot,org.pitest.mutationtest.engine.gregor.mutators.NegateConditionalsMutator,getRendererIndices,3154,KILLED,org.jfree.chart.plot.XYPlotTest.[engine:junit-jupiter]/[class:org.jfree.chart.plot.XYPlotTest]/[method:testDrawRecordsMarkersDrawn()]
XYPlot.java,org.jfree.chart.plot.XYPlot,org.pitest.mutationtest.engine.gregor.mutators.NegateConditionalsMutator,getRendererIndices,3159,SURVIVED,none
XYPlot.java,org.jfree.chart.plot.XYPlot,org.pitest.mutationtest.engine.gregor.mutators.VoidMethodCallMutator,getRendererIndices,3158,SURVIVED,none
XYPlot.java,org.jfree.chart.plot.XYPlot,org.pitest.mutationtest.engine.gregor.mutators.VoidMethodCallMutator,getRendererIndices,3160,SURVIVED,none
XYPlot.java,org.jfree.chart.plot.XYPlot,org.pitest.mutationtest.engine.gregor.mutators.returns.EmptyObjectReturnValsMutator,getRendererIndices,3162,KILLED,org.jfree.chart.plot.XYPlotTest.[engine:junit-jupiter]/[class:org.jfree.chart.plot.XYPlotTest]/[method:testDrawRecordsMarkersDrawn()]
XYPlot.java,org.jfree.chart.plot.XYPlot,org.pitest.mutationtest.engine.gregor.mutators.returns.EmptyObjectReturnValsMutator,getRenderers,1397,SURVIVED,none
XYPlot.java,org.jfree.chart.plot.XYPlot,org.pitest.mutationtest.engine.gregor.mutators.NegateConditionalsMutator,getSeriesCount,4959,NO_COVERAGE,none
XYPlot.java,org.jfree.chart.plot.XYPlot,org.pitest.mutationtest.engine.gregor.mutators.returns.PrimitiveReturnsMutator,getSeriesCount,4962,NO_COVERAGE,none
XYPlot.java,org.jfree.chart.plot.XYPlot,org.pitest.mutationtest.engine.gregor.mutators.returns.NullReturnValsMutator,getSeriesRenderingOrder,1506,SURVIVED,none
XYPlot.java,org.jfree.chart.plot.XYPlot,org.pitest.mutationtest.engine.gregor.mutators.returns.NullReturnValsMutator,getShadowGenerator,2693,NO_COVERAGE,none
XYPlot.java,org.jfree.chart.plot.XYPlot,org.pitest.mutationtest.engine.gregor.mutators.returns.PrimitiveReturnsMutator,getWeight,1574,SURVIVED,none
XYPlot.java,org.jfree.chart.plot.XYPlot,org.pitest.mutationtest.engine.gregor.mutators.NegateConditionalsMutator,handleClick,4020,NO_COVERAGE,none
XYPlot.java,org.jfree.chart.plot.XYPlot,org.pitest.mutationtest.engine.gregor.mutators.NegateConditionalsMutator,handleClick,4023,NO_COVERAGE,none
XYPlot.java,org.jfree.chart.plot.XYPlot,org.pitest.mutationtest.engine.gregor.mutators.NegateConditionalsMutator,handleClick,4031,NO_COVERAGE,none
XYPlot.java,org.jfree.chart.plot.XYPlot,org.pitest.mutationtest.engine.gregor.mutators.VoidMethodCallMutator,handleClick,4026,NO_COVERAGE,none
XYPlot.java,org.jfree.chart.plot.XYPlot,org.pitest.mutationtest.engine.gregor.mutators.VoidMethodCallMutator,handleClick,4034,NO_COVERAGE,none
XYPlot.java,org.jfree.chart.plot.XYPlot,org.pitest.mutationtest.engine.gregor.mutators.NegateConditionalsMutator,indexOf,1258,KILLED,org.jfree.chart.plot.XYPlotTest.[engine:junit-jupiter]/[class:org.jfree.chart.plot.XYPlotTest]/[method:testGetRendererForDataset()]
XYPlot.java,org.jfree.chart.plot.XYPlot,org.pitest.mutationtest.engine.gregor.mutators.returns.PrimitiveReturnsMutator,indexOf,1259,KILLED,org.jfree.chart.plot.XYPlotTest.[engine:junit-jupiter]/[class:org.jfree.chart.plot.XYPlotTest]/[method:testDatasetIndices()]
XYPlot.java,org.jfree.chart.plot.XYPlot,org.pitest.mutationtest.engine.gregor.mutators.returns.PrimitiveReturnsMutator,indexOf,1262,KILLED,org.jfree.chart.plot.XYPlotTest.[engine:junit-jupiter]/[class:org.jfree.chart.plot.XYPlotTest]/[method:testGetRendererForDataset()]
XYPlot.java,org.jfree.chart.plot.XYPlot,org.pitest.mutationtest.engine.gregor.mutators.MathMutator,integerise,2856,SURVIVED,none
XYPlot.java,org.jfree.chart.plot.XYPlot,org.pitest.mutationtest.engine.gregor.mutators.MathMutator,integerise,2856,SURVIVED,none
XYPlot.java,org.jfree.chart.plot.XYPlot,org.pitest.mutationtest.engine.gregor.mutators.returns.NullReturnValsMutator,integerise,2856,KILLED,org.jfree.chart.plot.XYPlotTest.[engine:junit-jupiter]/[class:org.jfree.chart.plot.XYPlotTest]/[method:testDrawSeriesWithZeroItems()]
XYPlot.java,org.jfree.chart.plot.XYPlot,org.pitest.mutationtest.engine.gregor.mutators.returns.BooleanFalseReturnValsMutator,isDomainCrosshairLockedOnData,4344,SURVIVED,none
XYPlot.java,org.jfree.chart.plot.XYPlot,org.pitest.mutationtest.engine.gregor.mutators.returns.BooleanTrueReturnValsMutator,isDomainCrosshairLockedOnData,4344,SURVIVED,none
XYPlot.java,org.jfree.chart.plot.XYPlot,org.pitest.mutationtest.engine.gregor.mutators.returns.BooleanFalseReturnValsMutator,isDomainCrosshairVisible,4316,SURVIVED,none
XYPlot.java,org.jfree.chart.plot.XYPlot,org.pitest.mutationtest.engine.gregor.mutators.returns.BooleanTrueReturnValsMutator,isDomainCrosshairVisible,4316,SURVIVED,none
XYPlot.java,org.jfree.chart.plot.XYPlot,org.pitest.mutationtest.engine.gregor.mutators.returns.BooleanFalseReturnValsMutator,isDomainGridlinesVisible,1599,KILLED,org.jfree.chart.plot.XYPlotTest.[engine:junit-jupiter]/[class:org.jfree.chart.plot.XYPlotTest]/[method:testClearDomainGridlineRecords()]
XYPlot.java,org.jfree.chart.plot.XYPlot,org.pitest.mutationtest.engine.gregor.mutators.returns.BooleanTrueReturnValsMutator,isDomainGridlinesVisible,1599,KILLED,org.jfree.chart.plot.XYPlotTest.[engine:junit-jupiter]/[class:org.jfree.chart.plot.XYPlotTest]/[method:testDomainGridlineRecordingWhenDisabled()]
XYPlot.java,org.jfree.chart.plot.XYPlot,org.pitest.mutationtest.engine.gregor.mutators.returns.BooleanFalseReturnValsMutator,isDomainMinorGridlinesVisible,1629,KILLED,org.jfree.chart.plot.XYPlotTest.[engine:junit-jupiter]/[class:org.jfree.chart.plot.XYPlotTest]/[method:testDomainMinorGridlineRecording()]
XYPlot.java,org.jfree.chart.plot.XYPlot,org.pitest.mutationtest.engine.gregor.mutators.returns.BooleanTrueReturnValsMutator,isDomainMinorGridlinesVisible,1629,KILLED,org.jfree.chart.plot.XYPlotTest.[engine:junit-jupiter]/[class:org.jfree.chart.plot.XYPlotTest]/[method:testDomainGridlineParametersMatchDrawDomainLineCall()]
XYPlot.java,org.jfree.chart.plot.XYPlot,org.pitest.mutationtest.engine.gregor.mutators.returns.BooleanFalseReturnValsMutator,isDomainPannable,4697,NO_COVERAGE,none
XYPlot.java,org.jfree.chart.plot.XYPlot,org.pitest.mutationtest.engine.gregor.mutators.returns.BooleanTrueReturnValsMutator,isDomainPannable,4697,NO_COVERAGE,none
XYPlot.java,org.jfree.chart.plot.XYPlot,org.pitest.mutationtest.engine.gregor.mutators.returns.BooleanFalseReturnValsMutator,isDomainZeroBaselineVisible,1931,SURVIVED,none
XYPlot.java,org.jfree.chart.plot.XYPlot,org.pitest.mutationtest.engine.gregor.mutators.returns.BooleanTrueReturnValsMutator,isDomainZeroBaselineVisible,1931,SURVIVED,none
XYPlot.java,org.jfree.chart.plot.XYPlot,org.pitest.mutationtest.engine.gregor.mutators.returns.BooleanFalseReturnValsMutator,isDomainZoomable,4934,SURVIVED,none
XYPlot.java,org.jfree.chart.plot.XYPlot,org.pitest.mutationtest.engine.gregor.mutators.returns.BooleanFalseReturnValsMutator,isRangeCrosshairLockedOnData,4495,SURVIVED,none
XYPlot.java,org.jfree.chart.plot.XYPlot,org.pitest.mutationtest.engine.gregor.mutators.returns.BooleanTrueReturnValsMutator,isRangeCrosshairLockedOnData,4495,SURVIVED,none
XYPlot.java,org.jfree.chart.plot.XYPlot,org.pitest.mutationtest.engine.gregor.mutators.returns.BooleanFalseReturnValsMutator,isRangeCrosshairVisible,4467,SURVIVED,none
XYPlot.java,org.jfree.chart.plot.XYPlot,org.pitest.mutationtest.engine.gregor.mutators.returns.BooleanTrueReturnValsMutator,isRangeCrosshairVisible,4467,SURVIVED,none
XYPlot.java,org.jfree.chart.plot.XYPlot,org.pitest.mutationtest.engine.gregor.mutators.returns.BooleanFalseReturnValsMutator,isRangeGridlinesVisible,1767,SURVIVED,none
XYPlot.java,org.jfree.chart.plot.XYPlot,org.pitest.mutationtest.engine.gregor.mutators.returns.BooleanTrueReturnValsMutator,isRangeGridlinesVisible,1767,SURVIVED,none
XYPlot.java,org.jfree.chart.plot.XYPlot,org.pitest.mutationtest.engine.gregor.mutators.returns.BooleanFalseReturnValsMutator,isRangeMinorGridlinesVisible,1849,SURVIVED,none
XYPlot.java,org.jfree.chart.plot.XYPlot,org.pitest.mutationtest.engine.gregor.mutators.returns.BooleanTrueReturnValsMutator,isRangeMinorGridlinesVisible,1849,SURVIVED,none
XYPlot.java,org.jfree.chart.plot.XYPlot,org.pitest.mutationtest.engine.gregor.mutators.returns.BooleanFalseReturnValsMutator,isRangePannable,4718,NO_COVERAGE,none
XYPlot.java,org.jfree.chart.plot.XYPlot,org.pitest.mutationtest.engine.gregor.mutators.returns.BooleanTrueReturnValsMutator,isRangePannable,4718,NO_COVERAGE,none
XYPlot.java,org.jfree.chart.plot.XYPlot,org.pitest.mutationtest.engine.gregor.mutators.returns.BooleanFalseReturnValsMutator,isRangeZeroBaselineVisible,2008,SURVIVED,none
XYPlot.java,org.jfree.chart.plot.XYPlot,org.pitest.mutationtest.engine.gregor.mutators.returns.BooleanTrueReturnValsMutator,isRangeZeroBaselineVisible,2008,KILLED,org.jfree.chart.plot.XYPlotTest.[engine:junit-jupiter]/[class:org.jfree.chart.plot.XYPlotTest]/[method:testDrawRangeGridlines()]
XYPlot.java,org.jfree.chart.plot.XYPlot,org.pitest.mutationtest.engine.gregor.mutators.returns.BooleanFalseReturnValsMutator,isRangeZoomable,4947,SURVIVED,none
XYPlot.java,org.jfree.chart.plot.XYPlot,org.pitest.mutationtest.engine.gregor.mutators.returns.EmptyObjectReturnValsMutator,lambda$addDomainMarker$0,2310,KILLED,org.jfree.chart.plot.XYPlotTest.[engine:junit-jupiter]/[class:org.jfree.chart.plot.XYPlotTest]/[method:testAddDomainMarker()]
XYPlot.java,org.jfree.chart.plot.XYPlot,org.pitest.mutationtest.engine.gregor.mutators.returns.EmptyObjectReturnValsMutator,lambda$addDomainMarker$1,2314,KILLED,org.jfree.chart.plot.XYPlotTest.[engine:junit-jupiter]/[class:org.jfree.chart.plot.XYPlotTest]/[method:testDrawRecordsMarkersDrawn()]
XYPlot.java,org.jfree.chart.plot.XYPlot,org.pitest.mutationtest.engine.gregor.mutators.returns.EmptyObjectReturnValsMutator,lambda$addRangeMarker$0,2484,KILLED,org.jfree.chart.plot.XYPlotTest.[engine:junit-jupiter]/[class:org.jfree.chart.plot.XYPlotTest]/[method:testAddRangeMarker()]
XYPlot.java,org.jfree.chart.plot.XYPlot,org.pitest.mutationtest.engine.gregor.mutators.returns.EmptyObjectReturnValsMutator,lambda$addRangeMarker$1,2488,KILLED,org.jfree.chart.plot.XYPlotTest.[engine:junit-jupiter]/[class:org.jfree.chart.plot.XYPlotTest]/[method:testEquals()]
XYPlot.java,org.jfree.chart.plot.XYPlot,org.pitest.mutationtest.engine.gregor.mutators.VoidMethodCallMutator,mapDatasetToDomainAxes,1289,SURVIVED,none
XYPlot.java,org.jfree.chart.plot.XYPlot,org.pitest.mutationtest.engine.gregor.mutators.VoidMethodCallMutator,mapDatasetToDomainAxes,1290,SURVIVED,none
XYPlot.java,org.jfree.chart.plot.XYPlot,org.pitest.mutationtest.engine.gregor.mutators.VoidMethodCallMutator,mapDatasetToDomainAxes,1293,SURVIVED,none
XYPlot.java,org.jfree.chart.plot.XYPlot,org.pitest.mutationtest.engine.gregor.mutators.VoidMethodCallMutator,mapDatasetToDomainAxis,1277,KILLED,org.jfree.chart.plot.XYPlotTest.[engine:junit-jupiter]/[class:org.jfree.chart.plot.XYPlotTest]/[method:testGetDomainAxisForDataset()]
XYPlot.java,org.jfree.chart.plot.XYPlot,org.pitest.mutationtest.engine.gregor.mutators.VoidMethodCallMutator,mapDatasetToRangeAxes,1320,SURVIVED,none
XYPlot.java,org.jfree.chart.plot.XYPlot,org.pitest.mutationtest.engine.gregor.mutators.VoidMethodCallMutator,mapDatasetToRangeAxes,1321,SURVIVED,none
XYPlot.java,org.jfree.chart.plot.XYPlot,org.pitest.mutationtest.engine.gregor.mutators.VoidMethodCallMutator,mapDatasetToRangeAxes,1324,SURVIVED,none
XYPlot.java,org.jfree.chart.plot.XYPlot,org.pitest.mutationtest.engine.gregor.mutators.VoidMethodCallMutator,mapDatasetToRangeAxis,1308,KILLED,org.jfree.chart.plot.XYPlotTest.[engine:junit-jupiter]/[class:org.jfree.chart.plot.XYPlotTest]/[method:testGetRangeAxisForDataset()]
XYPlot.java,org.jfree.chart.plot.XYPlot,org.pitest.mutationtest.engine.gregor.mutators.ConditionalsBoundaryMutator,panDomainAxes,4745,NO_COVERAGE,none
XYPlot.java,org.jfree.chart.plot.XYPlot,org.pitest.mutationtest.engine.gregor.mutators.InvertNegsMutator,panDomainAxes,4751,NO_COVERAGE,none
XYPlot.java,org.jfree.chart.plot.XYPlot,org.pitest.mutationtest.engine.gregor.mutators.NegateConditionalsMutator,panDomainAxes,4741,NO_COVERAGE,none
XYPlot.java,org.jfree.chart.plot.XYPlot,org.pitest.mutationtest.engine.gregor.mutators.NegateConditionalsMutator,panDomainAxes,4745,NO_COVERAGE,none
XYPlot.java,org.jfree.chart.plot.XYPlot,org.pitest.mutationtest.engine.gregor.mutators.NegateConditionalsMutator,panDomainAxes,4747,NO_COVERAGE,none
XYPlot.java,org.jfree.chart.plot.XYPlot,org.pitest.mutationtest.engine.gregor.mutators.NegateConditionalsMutator,panDomainAxes,4751,NO_COVERAGE,none
XYPlot.java,org.jfree.chart.plot.XYPlot,org.pitest.mutationtest.engine.gregor.mutators.VoidMethodCallMutator,panDomainAxes,4751,NO_COVERAGE,none
XYPlot.java,org.jfree.chart.plot.XYPlot,org.pitest.mutationtest.engine.gregor.mutators.ConditionalsBoundaryMutator,panRangeAxes,4769,NO_COVERAGE,none
XYPlot.java,org.jfree.chart.plot.XYPlot,org.pitest.mutationtest.engine.gregor.mutators.InvertNegsMutator,panRangeAxes,4775,NO_COVERAGE,none
XYPlot.java,org.jfree.chart.plot.XYPlot,org.pitest.mutationtest.engine.gregor.mutators.NegateConditionalsMutator,panRangeAxes,4765,NO_COVERAGE,none
XYPlot.java,org.jfree.chart.plot.XYPlot,org.pitest.mutationtest.engine.gregor.mutators.NegateConditionalsMutator,panRangeAxes,4769,NO_COVERAGE,none
XYPlot.java,org.jfree.chart.plot.XYPlot,org.pitest.mutationtest.engine.gregor.mutators.NegateConditionalsMutator,panRangeAxes,4771,NO_COVERAGE,none
XYPlot.java,org.jfree.chart.plot.XYPlot,org.pitest.mutationtest.engine.gregor.mutators.NegateConditionalsMutator,panRangeAxes,4775,NO_COVERAGE,none
XYPlot.java,org.jfree.chart.plot.XYPlot,org.pitest.mutationtest.engine.gregor.mutators.VoidMethodCallMutator,panRangeAxes,4775,NO_COVERAGE,none
XYPlot.java,org.jfree.chart.plot.XYPlot,org.pitest.mutationtest.engine.gregor.mutators.ConditionalsBoundaryMutator,readObject,5383,KILLED,org.jfree.chart.plot.XYPlotTest.[engine:junit-jupiter]/[class:org.jfree.chart.plot.XYPlotTest]/[method:testSerialization1()]
XYPlot.java,org.jfree.chart.plot.XYPlot,org.pitest.mutationtest.engine.gregor.mutators.NegateConditionalsMutator,readObject,5383,KILLED,org.jfree.chart.plot.XYPlotTest.[engine:junit-jupiter]/[class:org.jfree.chart.plot.XYPlotTest]/[method:testSerialization1()]
XYPlot.java,org.jfree.chart.plot.XYPlot,org.pitest.mutationtest.engine.gregor.mutators.NegateConditionalsMutator,readObject,5393,KILLED,org.jfree.chart.plot.XYPlotTest.[engine:junit-jupiter]/[class:org.jfree.chart.plot.XYPlotTest]/[method:testSerialization5()]
XYPlot.java,org.jfree.chart.plot.XYPlot,org.pitest.mutationtest.engine.gregor.mutators.NegateConditionalsMutator,readObject,5399,KILLED,org.jfree.chart.plot.XYPlotTest.[engine:junit-jupiter]/[class:org.jfree.chart.plot.XYPlotTest]/[method:testSerialization5()]
XYPlot.java,org.jfree.chart.plot.XYPlot,org.pitest.mutationtest.engine.gregor.mutators.NegateConditionalsMutator,readObject,5405,KILLED,org.jfree.chart.plot.XYPlotTest.[engine:junit-jupiter]/[class:org.jfree.chart.plot.XYPlotTest]/[method:testSerialization5()]
XYPlot.java,org.jfree.chart.plot.XYPlot,org.pitest.mutationtest.engine.gregor.mutators.NegateConditionalsMutator,readObject,5410,KILLED,org.jfree.chart.plot.XYPlotTest.[engine:junit-jupiter]/[class:org.jfree.chart.plot.XYPlotTest]/[method:testSerialization5()]
XYPlot.java,org.jfree.chart.plot.XYPlot,org.pitest.mutationtest.engine.gregor.mutators.VoidMethodCallMutator,readObject,5364,KILLED,org.jfree.chart.plot.XYPlotTest.[engine:junit-jupiter]/[class:org.jfree.chart.plot.XYPlotTest]/[method:testSerialization1()]
XYPlot.java,org.jfree.chart.plot.XYPlot,org.pitest.mutationtest.engine.gregor.mutators.VoidMethodCallMutator,readObject,5394,SURVIVED,none
XYPlot.java,org.jfree.chart.plot.XYPlot,org.pitest.mutationtest.engine.gregor.mutators.VoidMethodCallMutator,readObject,5395,KILLED,org.jfree.chart.plot.XYPlotTest.[engine:junit-jupiter]/[class:org.jfree.chart.plot.XYPlotTest]/[method:testSerialization5()]
XYPlot.java,org.jfree.chart.plot.XYPlot,org.pitest.mutationtest.engine.gregor.mutators.VoidMethodCallMutator,readObject,5400,SURVIVED,none
XYPlot.java,org.jfree.chart.plot.XYPlot,org.pitest.mutationtest.engine.gregor.mutators.VoidMethodCallMutator,readObject,5401,KILLED,org.jfree.chart.plot.XYPlotTest.[engine:junit-jupiter]/[class:org.jfree.chart.plot.XYPlotTest]/[method:testSerialization5()]
XYPlot.java,org.jfree.chart.plot.XYPlot,org.pitest.mutationtest.engine.gregor.mutators.VoidMethodCallMutator,readObject,5406,KILLED,org.jfree.chart.plot.XYPlotTest.[engine:junit-jupiter]/[class:org.jfree.chart.plot.XYPlotTest]/[method:testSerialization5()]
XYPlot.java,org.jfree.chart.plot.XYPlot,org.pitest.mutationtest.engine.gregor.mutators.VoidMethodCallMutator,readObject,5411,KILLED,org.jfree.chart.plot.XYPlotTest.[engine:junit-jupiter]/[class:org.jfree.chart.plot.XYPlotTest]/[method:testSerialization5()]
XYPlot.java,org.jfree.chart.plot.XYPlot,org.pitest.mutationtest.engine.gregor.mutators.returns.BooleanFalseReturnValsMutator,removeAnnotation,2640,SURVIVED,none
XYPlot.java,org.jfree.chart.plot.XYPlot,org.pitest.mutationtest.engine.gregor.mutators.returns.BooleanTrueReturnValsMutator,removeAnnotation,2640,SURVIVED,none
XYPlot.java,org.jfree.chart.plot.XYPlot,org.pitest.mutationtest.engine.gregor.mutators.NegateConditionalsMutator,removeAnnotation,2656,SURVIVED,none
XYPlot.java,org.jfree.chart.plot.XYPlot,org.pitest.mutationtest.engine.gregor.mutators.NegateConditionalsMutator,removeAnnotation,2656,SURVIVED,none
XYPlot.java,org.jfree.chart.plot.XYPlot,org.pitest.mutationtest.engine.gregor.mutators.VoidMethodCallMutator,removeAnnotation,2653,SURVIVED,none
XYPlot.java,org.jfree.chart.plot.XYPlot,org.pitest.mutationtest.engine.gregor.mutators.VoidMethodCallMutator,removeAnnotation,2655,SURVIVED,none
XYPlot.java,org.jfree.chart.plot.XYPlot,org.pitest.mutationtest.engine.gregor.mutators.VoidMethodCallMutator,removeAnnotation,2657,SURVIVED,none
XYPlot.java,org.jfree.chart.plot.XYPlot,org.pitest.mutationtest.engine.gregor.mutators.returns.BooleanFalseReturnValsMutator,removeAnnotation,2659,SURVIVED,none
XYPlot.java,org.jfree.chart.plot.XYPlot,org.pitest.mutationtest.engine.gregor.mutators.returns.BooleanTrueReturnValsMutator,removeAnnotation,2659,SURVIVED,none
XYPlot.java,org.jfree.chart.plot.XYPlot,org.pitest.mutationtest.engine.gregor.mutators.returns.BooleanFalseReturnValsMutator,removeDomainMarker,2362,SURVIVED,none
XYPlot.java,org.jfree.chart.plot.XYPlot,org.pitest.mutationtest.engine.gregor.mutators.returns.BooleanTrueReturnValsMutator,removeDomainMarker,2362,KILLED,org.jfree.chart.plot.XYPlotTest.[engine:junit-jupiter]/[class:org.jfree.chart.plot.XYPlotTest]/[method:testRemoveDomainMarker()]
XYPlot.java,org.jfree.chart.plot.XYPlot,org.pitest.mutationtest.engine.gregor.mutators.NegateConditionalsMutator,removeDomainMarker,2380,SURVIVED,none
XYPlot.java,org.jfree.chart.plot.XYPlot,org.pitest.mutationtest.engine.gregor.mutators.NegateConditionalsMutator,removeDomainMarker,2385,KILLED,org.jfree.chart.plot.XYPlotTest.[engine:junit-jupiter]/[class:org.jfree.chart.plot.XYPlotTest]/[method:testRemoveDomainMarker()]
XYPlot.java,org.jfree.chart.plot.XYPlot,org.pitest.mutationtest.engine.gregor.mutators.NegateConditionalsMutator,removeDomainMarker,2389,NO_COVERAGE,none
XYPlot.java,org.jfree.chart.plot.XYPlot,org.pitest.mutationtest.engine.gregor.mutators.NegateConditionalsMutator,removeDomainMarker,2389,NO_COVERAGE,none
XYPlot.java,org.jfree.chart.plot.XYPlot,org.pitest.mutationtest.engine.gregor.mutators.VoidMethodCallMutator,removeDomainMarker,2390,NO_COVERAGE,none
XYPlot.java,org.jfree.chart.plot.XYPlot,org.pitest.mutationtest.engine.gregor.mutators.returns.BooleanFalseReturnValsMutator,removeDomainMarker,2392,NO_COVERAGE,none
XYPlot.java,org.jfree.chart.plot.XYPlot,org.pitest.mutationtest.engine.gregor.mutators.returns.BooleanTrueReturnValsMutator,removeDomainMarker,2386,KILLED,org.jfree.chart.plot.XYPlotTest.[engine:junit-jupiter]/[class:org.jfree.chart.plot.XYPlotTest]/[method:testRemoveDomainMarker()]
XYPlot.java,org.jfree.chart.plot.XYPlot,org.pitest.mutationtest.engine.gregor.mutators.returns.BooleanTrueReturnValsMutator,removeDomainMarker,2392,NO_COVERAGE,none
XYPlot.java,org.jfree.chart.plot.XYPlot,org.pitest.mutationtest.engine.gregor.mutators.returns.BooleanFalseReturnValsMutator,removeDomainMarker,2333,SURVIVED,none
XYPlot.java,org.jfree.chart.plot.XYPlot,org.pitest.mutationtest.engine.gregor.mutators.returns.BooleanTrueReturnValsMutator,removeDomainMarker,2333,KILLED,org.jfree.chart.plot.XYPlotTest.[engine:junit-jupiter]/[class:org.jfree.chart.plot.XYPlotTest]/[method:testRemoveDomainMarker()]
XYPlot.java,org.jfree.chart.plot.XYPlot,org.pitest.mutationtest.engine.gregor.mutators.returns.BooleanFalseReturnValsMutator,removeDomainMarker,2347,SURVIVED,none
XYPlot.java,org.jfree.chart.plot.XYPlot,org.pitest.mutationtest.engine.gregor.mutators.returns.BooleanTrueReturnValsMutator,removeDomainMarker,2347,KILLED,org.jfree.chart.plot.XYPlotTest.[engine:junit-jupiter]/[class:org.jfree.chart.plot.XYPlotTest]/[method:testRemoveDomainMarker()]
XYPlot.java,org.jfree.chart.plot.XYPlot,org.pitest.mutationtest.engine.gregor.mutators.returns.BooleanFalseReturnValsMutator,removeRangeMarker,2564,SURVIVED,none
XYPlot.java,org.jfree.chart.plot.XYPlot,org.pitest.mutationtest.engine.gregor.mutators.returns.BooleanTrueReturnValsMutator,removeRangeMarker,2564,KILLED,org.jfree.chart.plot.XYPlotTest.[engine:junit-jupiter]/[class:org.jfree.chart.plot.XYPlotTest]/[method:testRemoveRangeMarker()]
XYPlot.java,org.jfree.chart.plot.XYPlot,org.pitest.mutationtest.engine.gregor.mutators.NegateConditionalsMutator,removeRangeMarker,2584,SURVIVED,none
XYPlot.java,org.jfree.chart.plot.XYPlot,org.pitest.mutationtest.engine.gregor.mutators.NegateConditionalsMutator,removeRangeMarker,2589,KILLED,org.jfree.chart.plot.XYPlotTest.[engine:junit-jupiter]/[class:org.jfree.chart.plot.XYPlotTest]/[method:testRemoveRangeMarker()]
XYPlot.java,org.jfree.chart.plot.XYPlot,org.pitest.mutationtest.engine.gregor.mutators.NegateConditionalsMutator,removeRangeMarker,2593,NO_COVERAGE,none
XYPlot.java,org.jfree.chart.plot.XYPlot,org.pitest.mutationtest.engine.gregor.mutators.NegateConditionalsMutator,removeRangeMarker,2593,NO_COVERAGE,none
XYPlot.java,org.jfree.chart.plot.XYPlot,org.pitest.mutationtest.engine.gregor.mutators.VoidMethodCallMutator,removeRangeMarker,2581,SURVIVED,none
XYPlot.java,org.jfree.chart.plot.XYPlot,org.pitest.mutationtest.engine.gregor.mutators.VoidMethodCallMutator,removeRangeMarker,2582,SURVIVED,none
XYPlot.java,org.jfree.chart.plot.XYPlot,org.pitest.mutationtest.engine.gregor.mutators.VoidMethodCallMutator,removeRangeMarker,2594,NO_COVERAGE,none
XYPlot.java,org.jfree.chart.plot.XYPlot,org.pitest.mutationtest.engine.gregor.mutators.returns.BooleanFalseReturnValsMutator,removeRangeMarker,2596,NO_COVERAGE,none
XYPlot.java,org.jfree.chart.plot.XYPlot,org.pitest.mutationtest.engine.gregor.mutators.returns.BooleanTrueReturnValsMutator,removeRangeMarker,2590,KILLED,org.jfree.chart.plot.XYPlotTest.[engine:junit-jupiter]/[class:org.jfree.chart.plot.XYPlotTest]/[method:testRemoveRangeMarker()]
XYPlot.java,org.jfree.chart.plot.XYPlot,org.pitest.mutationtest.engine.gregor.mutators.returns.BooleanTrueReturnValsMutator,removeRangeMarker,2596,NO_COVERAGE,none
XYPlot.java,org.jfree.chart.plot.XYPlot,org.pitest.mutationtest.engine.gregor.mutators.returns.BooleanFalseReturnValsMutator,removeRangeMarker,2535,SURVIVED,none
XYPlot.java,org.jfree.chart.plot.XYPlot,org.pitest.mutationtest.engine.gregor.mutators.returns.BooleanTrueReturnValsMutator,removeRangeMarker,2535,KILLED,org.jfree.chart.plot.XYPlotTest.[engine:junit-jupiter]/[class:org.jfree.chart.plot.XYPlotTest]/[method:testRemoveRangeMarker()]
XYPlot.java,org.jfree.chart.plot.XYPlot,org.pitest.mutationtest.engine.gregor.mutators.returns.BooleanFalseReturnValsMutator,removeRangeMarker,2549,SURVIVED,none
XYPlot.java,org.jfree.chart.plot.XYPlot,org.pitest.mutationtest.engine.gregor.mutators.returns.BooleanTrueReturnValsMutator,removeRangeMarker,2549,KILLED,org.jfree.chart.plot.XYPlotTest.[engine:junit-jupiter]/[class:org.jfree.chart.plot.XYPlotTest]/[method:testRemoveRangeMarker()]
XYPlot.java,org.jfree.chart.plot.XYPlot,org.pitest.mutationtest.engine.gregor.mutators.ConditionalsBoundaryMutator,render,3488,SURVIVED,none
XYPlot.java,org.jfree.chart.plot.XYPlot,org.pitest.mutationtest.engine.gregor.mutators.ConditionalsBoundaryMutator,render,3490,SURVIVED,none
XYPlot.java,org.jfree.chart.plot.XYPlot,org.pitest.mutationtest.engine.gregor.mutators.ConditionalsBoundaryMutator,render,3505,SURVIVED,none
XYPlot.java,org.jfree.chart.plot.XYPlot,org.pitest.mutationtest.engine.gregor.mutators.ConditionalsBoundaryMutator,render,3517,NO_COVERAGE,none
XYPlot.java,org.jfree.chart.plot.XYPlot,org.pitest.mutationtest.engine.gregor.mutators.ConditionalsBoundaryMutator,render,3519,NO_COVERAGE,none
XYPlot.java,org.jfree.chart.plot.XYPlot,org.pitest.mutationtest.engine.gregor.mutators.ConditionalsBoundaryMutator,render,3531,NO_COVERAGE,none
XYPlot.java,org.jfree.chart.plot.XYPlot,org.pitest.mutationtest.engine.gregor.mutators.MathMutator,render,3490,KILLED,org.jfree.chart.plot.XYPlotTest.[engine:junit-jupiter]/[class:org.jfree.chart.plot.XYPlotTest]/[method:testDomainGridlineRecordTickValues()]
XYPlot.java,org.jfree.chart.plot.XYPlot,org.pitest.mutationtest.engine.gregor.mutators.MathMutator,render,3492,KILLED,org.jfree.chart.plot.XYPlotTest.[engine:junit-jupiter]/[class:org.jfree.chart.plot.XYPlotTest]/[method:testDomainGridlineRecordTickValues()]
XYPlot.java,org.jfree.chart.plot.XYPlot,org.pitest.mutationtest.engine.gregor.mutators.MathMutator,render,3500,SURVIVED,none
XYPlot.java,org.jfree.chart.plot.XYPlot,org.pitest.mutationtest.engine.gregor.mutators.MathMutator,render,3501,SURVIVED,none
XYPlot.java,org.jfree.chart.plot.XYPlot,org.pitest.mutationtest.engine.gregor.mutators.MathMutator,render,3521,NO_COVERAGE,none
XYPlot.java,org.jfree.chart.plot.XYPlot,org.pitest.mutationtest.engine.gregor.mutators.MathMutator,render,3526,NO_COVERAGE,none
XYPlot.java,org.jfree.chart.plot.XYPlot,org.pitest.mutationtest.engine.gregor.mutators.MathMutator,render,3527,NO_COVERAGE,none
XYPlot.java,org.jfree.chart.plot.XYPlot,org.pitest.mutationtest.engine.gregor.mutators.NegateConditionalsMutator,render,3466,SURVIVED,none
XYPlot.java,org.jfree.chart.plot.XYPlot,org.pitest.mutationtest.engine.gregor.mutators.NegateConditionalsMutator,render,3470,SURVIVED,none
XYPlot.java,org.jfree.chart.plot.XYPlot,org.pitest.mutationtest.engine.gregor.mutators.NegateConditionalsMutator,render,3470,SURVIVED,none
XYPlot.java,org.jfree.chart.plot.XYPlot,org.pitest.mutationtest.engine.gregor.mutators.NegateConditionalsMutator,render,3474,SURVIVED,none
XYPlot.java,org.jfree.chart.plot.XYPlot,org.pitest.mutationtest.engine.gregor.mutators.NegateConditionalsMutator,render,3476,NO_COVERAGE,none
XYPlot.java,org.jfree.chart.plot.XYPlot,org.pitest.mutationtest.engine.gregor.mutators.NegateConditionalsMutator,render,3486,SURVIVED,none
XYPlot.java,org.jfree.chart.plot.XYPlot,org.pitest.mutationtest.engine.gregor.mutators.NegateConditionalsMutator,render,3488,SURVIVED,none
XYPlot.java,org.jfree.chart.plot.XYPlot,org.pitest.mutationtest.engine.gregor.mutators.NegateConditionalsMutator,render,3490,SURVIVED,none
XYPlot.java,org.jfree.chart.plot.XYPlot,org.pitest.mutationtest.engine.gregor.mutators.NegateConditionalsMutator,render,3493,SURVIVED,none
XYPlot.java,org.jfree.chart.plot.XYPlot,org.pitest.mutationtest.engine.gregor.mutators.NegateConditionalsMutator,render,3496,SURVIVED,none
XYPlot.java,org.jfree.chart.plot.XYPlot,org.pitest.mutationtest.engine.gregor.mutators.NegateConditionalsMutator,render,3505,SURVIVED,none
XYPlot.java,org.jfree.chart.plot.XYPlot,org.pitest.mutationtest.engine.gregor.mutators.NegateConditionalsMutator,render,3517,NO_COVERAGE,none
XYPlot.java,org.jfree.chart.plot.XYPlot,org.pitest.mutationtest.engine.gregor.mutators.NegateConditionalsMutator,render,3519,NO_COVERAGE,none
XYPlot.java,org.jfree.chart.plot.XYPlot,org.pitest.mutationtest.engine.gregor.mutators.NegateConditionalsMutator,render,3522,NO_COVERAGE,none
XYPlot.java,org.jfree.chart.plot.XYPlot,org.pitest.mutationtest.engine.gregor.mutators.NegateConditionalsMutator,render,3531,NO_COVERAGE,none
XYPlot.java,org.jfree.chart.plot.XYPlot,org.pitest.mutationtest.engine.gregor.mutators.VoidMethodCallMutator,render,3503,SURVIVED,none
XYPlot.java,org.jfree.chart.plot.XYPlot,org.pitest.mutationtest.engine.gregor.mutators.VoidMethodCallMutator,render,3506,SURVIVED,none
XYPlot.java,org.jfree.chart.plot.XYPlot,org.pitest.mutationtest.engine.gregor.mutators.VoidMethodCallMutator,render,3510,SURVIVED,none
XYPlot.java,org.jfree.chart.plot.XYPlot,org.pitest.mutationtest.engine.gregor.mutators.VoidMethodCallMutator,render,3529,NO_COVERAGE,none
XYPlot.java,org.jfree.chart.plot.XYPlot,org.pitest.mutationtest.engine.gregor.mutators.VoidMethodCallMutator,render,3532,NO_COVERAGE,none
XYPlot.java,org.jfree.chart.plot.XYPlot,org.pitest.mutationtest.engine.gregor.mutators.VoidMethodCallMutator,render,3536,NO_COVERAGE,none
XYPlot.java,org.jfree.chart.plot.XYPlot,org.pitest.mutationtest.engine.gregor.mutators.returns.BooleanFalseReturnValsMutator,render,3471,NO_COVERAGE,none
XYPlot.java,org.jfree.chart.plot.XYPlot,org.pitest.mutationtest.engine.gregor.mutators.returns.BooleanFalseReturnValsMutator,render,3477,NO_COVERAGE,none
XYPlot.java,org.jfree.chart.plot.XYPlot,org.pitest.mutationtest.engine.gregor.mutators.returns.BooleanFalseReturnValsMutator,render,3542,SURVIVED,none
XYPlot.java,org.jfree.chart.plot.XYPlot,org.pitest.mutationtest.engine.gregor.mutators.returns.BooleanTrueReturnValsMutator,render,3471,NO_COVERAGE,none
XYPlot.java,org.jfree.chart.plot.XYPlot,org.pitest.mutationtest.engine.gregor.mutators.returns.BooleanTrueReturnValsMutator,render,3477,NO_COVERAGE,none
XYPlot.java,org.jfree.chart.plot.XYPlot,org.pitest.mutationtest.engine.gregor.mutators.returns.BooleanTrueReturnValsMutator,render,3542,SURVIVED,none
XYPlot.java,org.jfree.chart.plot.XYPlot,org.pitest.mutationtest.engine.gregor.mutators.NegateConditionalsMutator,rendererChanged,4301,SURVIVED,none
XYPlot.java,org.jfree.chart.plot.XYPlot,org.pitest.mutationtest.engine.gregor.mutators.VoidMethodCallMutator,rendererChanged,4302,NO_COVERAGE,none
XYPlot.java,org.jfree.chart.plot.XYPlot,org.pitest.mutationtest.engine.gregor.mutators.VoidMethodCallMutator,rendererChanged,4303,NO_COVERAGE,none
XYPlot.java,org.jfree.chart.plot.XYPlot,org.pitest.mutationtest.engine.gregor.mutators.VoidMethodCallMutator,rendererChanged,4305,KILLED,org.jfree.chart.plot.XYPlotTest.[engine:junit-jupiter]/[class:org.jfree.chart.plot.XYPlotTest]/[method:testSetRenderer()]
XYPlot.java,org.jfree.chart.plot.XYPlot,org.pitest.mutationtest.engine.gregor.mutators.VoidMethodCallMutator,setAxisOffset,584,SURVIVED,none
XYPlot.java,org.jfree.chart.plot.XYPlot,org.pitest.mutationtest.engine.gregor.mutators.VoidMethodCallMutator,setAxisOffset,586,SURVIVED,none
XYPlot.java,org.jfree.chart.plot.XYPlot,org.pitest.mutationtest.engine.gregor.mutators.NegateConditionalsMutator,setDataset,1226,KILLED,org.jfree.chart.plot.XYPlotTest.[engine:junit-jupiter]/[class:org.jfree.chart.plot.XYPlotTest]/[method:testGetRendererForDataset()]
XYPlot.java,org.jfree.chart.plot.XYPlot,org.pitest.mutationtest.engine.gregor.mutators.NegateConditionalsMutator,setDataset,1230,KILLED,org.jfree.chart.plot.XYPlotTest.[engine:junit-jupiter]/[class:org.jfree.chart.plot.XYPlotTest]/[method:testGetDataRangeWithMultipleDatasets()]
XYPlot.java,org.jfree.chart.plot.XYPlot,org.pitest.mutationtest.engine.gregor.mutators.VoidMethodCallMutator,setDataset,1227,SURVIVED,none
XYPlot.java,org.jfree.chart.plot.XYPlot,org.pitest.mutationtest.engine.gregor.mutators.VoidMethodCallMutator,setDataset,1231,KILLED,org.jfree.chart.plot.XYPlotTest.[engine:junit-jupiter]/[class:org.jfree.chart.plot.XYPlotTest]/[method:testGetDataRangeWithMultipleDatasets()]
XYPlot.java,org.jfree.chart.plot.XYPlot,org.pitest.mutationtest.engine.gregor.mutators.VoidMethodCallMutator,setDataset,1236,KILLED,org.jfree.chart.XYLineChartTest.[engine:junit-jupiter]/[class:org.jfree.chart.XYLineChartTest]/[method:testReplaceDataset()]
XYPlot.java,org.jfree.chart.plot.XYPlot,org.pitest.mutationtest.engine.gregor.mutators.VoidMethodCallMutator,setDataset,1212,KILLED,org.jfree.chart.XYLineChartTest.[engine:junit-jupiter]/[class:org.jfree.chart.XYLineChartTest]/[method:testReplaceDataset()]
XYPlot.java,org.jfree.chart.plot.XYPlot,org.pitest.mutationtest.engine.gregor.mutators.VoidMethodCallMutator,setDatasetRenderingOrder,1493,NO_COVERAGE,none
XYPlot.java,org.jfree.chart.plot.XYPlot,org.pitest.mutationtest.engine.gregor.mutators.VoidMethodCallMutator,setDatasetRenderingOrder,1495,NO_COVERAGE,none
XYPlot.java,org.jfree.chart.plot.XYPlot,org.pitest.mutationtest.engine.gregor.mutators.ConditionalsBoundaryMutator,setDomainAxes,702,NO_COVERAGE,none
XYPlot.java,org.jfree.chart.plot.XYPlot,org.pitest.mutationtest.engine.gregor.mutators.NegateConditionalsMutator,setDomainAxes,702,NO_COVERAGE,none
XYPlot.java,org.jfree.chart.plot.XYPlot,org.pitest.mutationtest.engine.gregor.mutators.VoidMethodCallMutator,setDomainAxes,703,NO_COVERAGE,none
XYPlot.java,org.jfree.chart.plot.XYPlot,org.pitest.mutationtest.engine.gregor.mutators.VoidMethodCallMutator,setDomainAxes,705,NO_COVERAGE,none
XYPlot.java,org.jfree.chart.plot.XYPlot,org.pitest.mutationtest.engine.gregor.mutators.VoidMethodCallMutator,setDomainAxis,662,KILLED,org.jfree.chart.plot.XYPlotTest.[engine:junit-jupiter]/[class:org.jfree.chart.plot.XYPlotTest]/[method:testGetDomainAxisForDataset()]
XYPlot.java,org.jfree.chart.plot.XYPlot,org.pitest.mutationtest.engine.gregor.mutators.NegateConditionalsMutator,setDomainAxis,677,KILLED,org.jfree.chart.plot.XYPlotTest.[engine:junit-jupiter]/[class:org.jfree.chart.plot.XYPlotTest]/[method:testGetDomainAxisForDataset()]
XYPlot.java,org.jfree.chart.plot.XYPlot,org.pitest.mutationtest.engine.gregor.mutators.NegateConditionalsMutator,setDomainAxis,680,KILLED,org.jfree.chart.plot.CombinedDomainXYPlotTest.[engine:junit-jupiter]/[class:org.jfree.chart.plot.CombinedDomainXYPlotTest]/[method:testRemoveSubplot()]
XYPlot.java,org.jfree.chart.plot.XYPlot,org.pitest.mutationtest.engine.gregor.mutators.NegateConditionalsMutator,setDomainAxis,684,KILLED,org.jfree.chart.plot.CombinedDomainXYPlotTest.[engine:junit-jupiter]/[class:org.jfree.chart.plot.CombinedDomainXYPlotTest]/[method:testRemoveSubplot()]
XYPlot.java,org.jfree.chart.plot.XYPlot,org.pitest.mutationtest.engine.gregor.mutators.NegateConditionalsMutator,setDomainAxis,688,SURVIVED,none
XYPlot.java,org.jfree.chart.plot.XYPlot,org.pitest.mutationtest.engine.gregor.mutators.VoidMethodCallMutator,setDomainAxis,678,SURVIVED,none
XYPlot.java,org.jfree.chart.plot.XYPlot,org.pitest.mutationtest.engine.gregor.mutators.VoidMethodCallMutator,setDomainAxis,681,SURVIVED,none
XYPlot.java,org.jfree.chart.plot.XYPlot,org.pitest.mutationtest.engine.gregor.mutators.VoidMethodCallMutator,setDomainAxis,685,SURVIVED,none
XYPlot.java,org.jfree.chart.plot.XYPlot,org.pitest.mutationtest.engine.gregor.mutators.VoidMethodCallMutator,setDomainAxis,686,SURVIVED,none
XYPlot.java,org.jfree.chart.plot.XYPlot,org.pitest.mutationtest.engine.gregor.mutators.VoidMethodCallMutator,setDomainAxis,689,SURVIVED,none
XYPlot.java,org.jfree.chart.plot.XYPlot,org.pitest.mutationtest.engine.gregor.mutators.VoidMethodCallMutator,setDomainAxis,648,KILLED,org.jfree.chart.plot.XYPlotTest.[engine:junit-jupiter]/[class:org.jfree.chart.plot.XYPlotTest]/[method:testEquals()]
XYPlot.java,org.jfree.chart.plot.XYPlot,org.pitest.mutationtest.engine.gregor.mutators.VoidMethodCallMutator,setDomainAxisLocation,829,KILLED,org.jfree.chart.plot.XYPlotTest.[engine:junit-jupiter]/[class:org.jfree.chart.plot.XYPlotTest]/[method:testEquals_ObjectList2()]
XYPlot.java,org.jfree.chart.plot.XYPlot,org.pitest.mutationtest.engine.gregor.mutators.NegateConditionalsMutator,setDomainAxisLocation,846,SURVIVED,none
XYPlot.java,org.jfree.chart.plot.XYPlot,org.pitest.mutationtest.engine.gregor.mutators.NegateConditionalsMutator,setDomainAxisLocation,846,KILLED,org.jfree.chart.plot.XYPlotTest.[engine:junit-jupiter]/[class:org.jfree.chart.plot.XYPlotTest]/[method:testEquals_ObjectList2()]
XYPlot.java,org.jfree.chart.plot.XYPlot,org.pitest.mutationtest.engine.gregor.mutators.NegateConditionalsMutator,setDomainAxisLocation,851,SURVIVED,none
XYPlot.java,org.jfree.chart.plot.XYPlot,org.pitest.mutationtest.engine.gregor.mutators.VoidMethodCallMutator,setDomainAxisLocation,852,SURVIVED,none
XYPlot.java,org.jfree.chart.plot.XYPlot,org.pitest.mutationtest.engine.gregor.mutators.VoidMethodCallMutator,setDomainAxisLocation,729,KILLED,org.jfree.chart.plot.XYPlotTest.[engine:junit-jupiter]/[class:org.jfree.chart.plot.XYPlotTest]/[method:testEquals()]
XYPlot.java,org.jfree.chart.plot.XYPlot,org.pitest.mutationtest.engine.gregor.mutators.VoidMethodCallMutator,setDomainAxisLocation,743,NO_COVERAGE,none
XYPlot.java,org.jfree.chart.plot.XYPlot,org.pitest.mutationtest.engine.gregor.mutators.NegateConditionalsMutator,setDomainCrosshairLockedOnData,4357,NO_COVERAGE,none
XYPlot.java,org.jfree.chart.plot.XYPlot,org.pitest.mutationtest.engine.gregor.mutators.VoidMethodCallMutator,setDomainCrosshairLockedOnData,4359,NO_COVERAGE,none
XYPlot.java,org.jfree.chart.plot.XYPlot,org.pitest.mutationtest.engine.gregor.mutators.VoidMethodCallMutator,setDomainCrosshairPaint,4453,SURVIVED,none
XYPlot.java,org.jfree.chart.plot.XYPlot,org.pitest.mutationtest.engine.gregor.mutators.VoidMethodCallMutator,setDomainCrosshairPaint,4455,SURVIVED,none
XYPlot.java,org.jfree.chart.plot.XYPlot,org.pitest.mutationtest.engine.gregor.mutators.VoidMethodCallMutator,setDomainCrosshairStroke,4426,NO_COVERAGE,none
XYPlot.java,org.jfree.chart.plot.XYPlot,org.pitest.mutationtest.engine.gregor.mutators.VoidMethodCallMutator,setDomainCrosshairStroke,4428,NO_COVERAGE,none
XYPlot.java,org.jfree.chart.plot.XYPlot,org.pitest.mutationtest.engine.gregor.mutators.VoidMethodCallMutator,setDomainCrosshairValue,4383,NO_COVERAGE,none
XYPlot.java,org.jfree.chart.plot.XYPlot,org.pitest.mutationtest.engine.gregor.mutators.NegateConditionalsMutator,setDomainCrosshairValue,4398,SURVIVED,none
XYPlot.java,org.jfree.chart.plot.XYPlot,org.pitest.mutationtest.engine.gregor.mutators.NegateConditionalsMutator,setDomainCrosshairValue,4398,NO_COVERAGE,none
XYPlot.java,org.jfree.chart.plot.XYPlot,org.pitest.mutationtest.engine.gregor.mutators.VoidMethodCallMutator,setDomainCrosshairValue,4399,NO_COVERAGE,none
XYPlot.java,org.jfree.chart.plot.XYPlot,org.pitest.mutationtest.engine.gregor.mutators.NegateConditionalsMutator,setDomainCrosshairVisible,4329,SURVIVED,none
XYPlot.java,org.jfree.chart.plot.XYPlot,org.pitest.mutationtest.engine.gregor.mutators.VoidMethodCallMutator,setDomainCrosshairVisible,4331,NO_COVERAGE,none
XYPlot.java,org.jfree.chart.plot.XYPlot,org.pitest.mutationtest.engine.gregor.mutators.VoidMethodCallMutator,setDomainGridlinePaint,1724,SURVIVED,none
XYPlot.java,org.jfree.chart.plot.XYPlot,org.pitest.mutationtest.engine.gregor.mutators.VoidMethodCallMutator,setDomainGridlinePaint,1726,SURVIVED,none
XYPlot.java,org.jfree.chart.plot.XYPlot,org.pitest.mutationtest.engine.gregor.mutators.VoidMethodCallMutator,setDomainGridlineStroke,1671,SURVIVED,none
XYPlot.java,org.jfree.chart.plot.XYPlot,org.pitest.mutationtest.engine.gregor.mutators.VoidMethodCallMutator,setDomainGridlineStroke,1673,SURVIVED,none
XYPlot.java,org.jfree.chart.plot.XYPlot,org.pitest.mutationtest.engine.gregor.mutators.NegateConditionalsMutator,setDomainGridlinesVisible,1614,KILLED,org.jfree.chart.plot.XYPlotTest.[engine:junit-jupiter]/[class:org.jfree.chart.plot.XYPlotTest]/[method:testEquals()]
XYPlot.java,org.jfree.chart.plot.XYPlot,org.pitest.mutationtest.engine.gregor.mutators.VoidMethodCallMutator,setDomainGridlinesVisible,1616,SURVIVED,none
XYPlot.java,org.jfree.chart.plot.XYPlot,org.pitest.mutationtest.engine.gregor.mutators.VoidMethodCallMutator,setDomainMinorGridlinePaint,1753,SURVIVED,none
XYPlot.java,org.jfree.chart.plot.XYPlot,org.pitest.mutationtest.engine.gregor.mutators.VoidMethodCallMutator,setDomainMinorGridlinePaint,1755,SURVIVED,none
XYPlot.java,org.jfree.chart.plot.XYPlot,org.pitest.mutationtest.engine.gregor.mutators.VoidMethodCallMutator,setDomainMinorGridlineStroke,1698,SURVIVED,none
XYPlot.java,org.jfree.chart.plot.XYPlot,org.pitest.mutationtest.engine.gregor.mutators.VoidMethodCallMutator,setDomainMinorGridlineStroke,1700,SURVIVED,none
XYPlot.java,org.jfree.chart.plot.XYPlot,org.pitest.mutationtest.engine.gregor.mutators.NegateConditionalsMutator,setDomainMinorGridlinesVisible,1644,KILLED,org.jfree.chart.plot.XYPlotTest.[engine:junit-jupiter]/[class:org.jfree.chart.plot.XYPlotTest]/[method:testEquals()]
XYPlot.java,org.jfree.chart.plot.XYPlot,org.pitest.mutationtest.engine.gregor.mutators.VoidMethodCallMutator,setDomainMinorGridlinesVisible,1646,SURVIVED,none
XYPlot.java,org.jfree.chart.plot.XYPlot,org.pitest.mutationtest.engine.gregor.mutators.VoidMethodCallMutator,setDomainTickBandPaint,2097,SURVIVED,none
XYPlot.java,org.jfree.chart.plot.XYPlot,org.pitest.mutationtest.engine.gregor.mutators.VoidMethodCallMutator,setDomainZeroBaselinePaint,1994,SURVIVED,none
XYPlot.java,org.jfree.chart.plot.XYPlot,org.pitest.mutationtest.engine.gregor.mutators.VoidMethodCallMutator,setDomainZeroBaselinePaint,1996,SURVIVED,none
XYPlot.java,org.jfree.chart.plot.XYPlot,org.pitest.mutationtest.engine.gregor.mutators.VoidMethodCallMutator,setDomainZeroBaselineStroke,1968,NO_COVERAGE,none
XYPlot.java,org.jfree.chart.plot.XYPlot,org.pitest.mutationtest.engine.gregor.mutators.VoidMethodCallMutator,setDomainZeroBaselineStroke,1970,NO_COVERAGE,none
XYPlot.java,org.jfree.chart.plot.XYPlot,org.pitest.mutationtest.engine.gregor.mutators.VoidMethodCallMutator,setDomainZeroBaselineVisible,1945,NO_COVERAGE,none
XYPlot.java,org.jfree.chart.plot.XYPlot,org.pitest.mutationtest.engine.gregor.mutators.VoidMethodCallMutator,setFixedDomainAxisSpace,4631,NO_COVERAGE,none
XYPlot.java,org.jfree.chart.plot.XYPlot,org.pitest.mutationtest.engine.gregor.mutators.NegateConditionalsMutator,setFixedDomainAxisSpace,4645,KILLED,org.jfree.chart.plot.CombinedRangeXYPlotTest.[engine:junit-jupiter]/[class:org.jfree.chart.plot.CombinedRangeXYPlotTest]/[method:testNotification()]
XYPlot.java,org.jfree.chart.plot.XYPlot,org.pitest.mutationtest.engine.gregor.mutators.VoidMethodCallMutator,setFixedDomainAxisSpace,4646,NO_COVERAGE,none
XYPlot.java,org.jfree.chart.plot.XYPlot,org.pitest.mutationtest.engine.gregor.mutators.VoidMethodCallMutator,setFixedLegendItems,4987,SURVIVED,none
XYPlot.java,org.jfree.chart.plot.XYPlot,org.pitest.mutationtest.engine.gregor.mutators.VoidMethodCallMutator,setFixedRangeAxisSpace,4670,NO_COVERAGE,none
XYPlot.java,org.jfree.chart.plot.XYPlot,org.pitest.mutationtest.engine.gregor.mutators.NegateConditionalsMutator,setFixedRangeAxisSpace,4684,KILLED,org.jfree.chart.plot.CombinedDomainXYPlotTest.[engine:junit-jupiter]/[class:org.jfree.chart.plot.CombinedDomainXYPlotTest]/[method:testNotification()]
XYPlot.java,org.jfree.chart.plot.XYPlot,org.pitest.mutationtest.engine.gregor.mutators.VoidMethodCallMutator,setFixedRangeAxisSpace,4685,NO_COVERAGE,none
XYPlot.java,org.jfree.chart.plot.XYPlot,org.pitest.mutationtest.engine.gregor.mutators.NegateConditionalsMutator,setOrientation,558,KILLED,org.jfree.chart.plot.XYPlotTest.[engine:junit-jupiter]/[class:org.jfree.chart.plot.XYPlotTest]/[method:testEquals()]
XYPlot.java,org.jfree.chart.plot.XYPlot,org.pitest.mutationtest.engine.gregor.mutators.VoidMethodCallMutator,setOrientation,557,SURVIVED,none
XYPlot.java,org.jfree.chart.plot.XYPlot,org.pitest.mutationtest.engine.gregor.mutators.VoidMethodCallMutator,setOrientation,560,SURVIVED,none
XYPlot.java,org.jfree.chart.plot.XYPlot,org.pitest.mutationtest.engine.gregor.mutators.VoidMethodCallMutator,setQuadrantOrigin,2145,SURVIVED,none
XYPlot.java,org.jfree.chart.plot.XYPlot,org.pitest.mutationtest.engine.gregor.mutators.VoidMethodCallMutator,setQuadrantOrigin,2147,SURVIVED,none
XYPlot.java,org.jfree.chart.plot.XYPlot,org.pitest.mutationtest.engine.gregor.mutators.ConditionalsBoundaryMutator,setQuadrantPaint,2177,KILLED,org.jfree.chart.plot.XYPlotTest.[engine:junit-jupiter]/[class:org.jfree.chart.plot.XYPlotTest]/[method:testEquals()]
XYPlot.java,org.jfree.chart.plot.XYPlot,org.pitest.mutationtest.engine.gregor.mutators.ConditionalsBoundaryMutator,setQuadrantPaint,2177,KILLED,org.jfree.chart.plot.XYPlotTest.[engine:junit-jupiter]/[class:org.jfree.chart.plot.XYPlotTest]/[method:testCloning_QuadrantPaint()]
XYPlot.java,org.jfree.chart.plot.XYPlot,org.pitest.mutationtest.engine.gregor.mutators.NegateConditionalsMutator,setQuadrantPaint,2177,KILLED,org.jfree.chart.plot.XYPlotTest.[engine:junit-jupiter]/[class:org.jfree.chart.plot.XYPlotTest]/[method:testCloning_QuadrantPaint()]
XYPlot.java,org.jfree.chart.plot.XYPlot,org.pitest.mutationtest.engine.gregor.mutators.NegateConditionalsMutator,setQuadrantPaint,2177,KILLED,org.jfree.chart.plot.XYPlotTest.[engine:junit-jupiter]/[class:org.jfree.chart.plot.XYPlotTest]/[method:testCloning_QuadrantPaint()]
XYPlot.java,org.jfree.chart.plot.XYPlot,org.pitest.mutationtest.engine.gregor.mutators.VoidMethodCallMutator,setQuadrantPaint,2182,SURVIVED,none
XYPlot.java,org.jfree.chart.plot.XYPlot,org.pitest.mutationtest.engine.gregor.mutators.ConditionalsBoundaryMutator,setRangeAxes,1046,NO_COVERAGE,none
XYPlot.java,org.jfree.chart.plot.XYPlot,org.pitest.mutationtest.engine.gregor.mutators.NegateConditionalsMutator,setRangeAxes,1046,NO_COVERAGE,none
XYPlot.java,org.jfree.chart.plot.XYPlot,org.pitest.mutationtest.engine.gregor.mutators.VoidMethodCallMutator,setRangeAxes,1047,NO_COVERAGE,none
XYPlot.java,org.jfree.chart.plot.XYPlot,org.pitest.mutationtest.engine.gregor.mutators.VoidMethodCallMutator,setRangeAxes,1049,NO_COVERAGE,none
XYPlot.java,org.jfree.chart.plot.XYPlot,org.pitest.mutationtest.engine.gregor.mutators.VoidMethodCallMutator,setRangeAxis,1006,KILLED,org.jfree.chart.plot.XYPlotTest.[engine:junit-jupiter]/[class:org.jfree.chart.plot.XYPlotTest]/[method:testGetRangeAxisForDataset()]
XYPlot.java,org.jfree.chart.plot.XYPlot,org.pitest.mutationtest.engine.gregor.mutators.NegateConditionalsMutator,setRangeAxis,1021,KILLED,org.jfree.chart.plot.XYPlotTest.[engine:junit-jupiter]/[class:org.jfree.chart.plot.XYPlotTest]/[method:testGetRangeAxisForDataset()]
XYPlot.java,org.jfree.chart.plot.XYPlot,org.pitest.mutationtest.engine.gregor.mutators.NegateConditionalsMutator,setRangeAxis,1024,SURVIVED,none
XYPlot.java,org.jfree.chart.plot.XYPlot,org.pitest.mutationtest.engine.gregor.mutators.NegateConditionalsMutator,setRangeAxis,1028,SURVIVED,none
XYPlot.java,org.jfree.chart.plot.XYPlot,org.pitest.mutationtest.engine.gregor.mutators.NegateConditionalsMutator,setRangeAxis,1032,SURVIVED,none
XYPlot.java,org.jfree.chart.plot.XYPlot,org.pitest.mutationtest.engine.gregor.mutators.VoidMethodCallMutator,setRangeAxis,1022,NO_COVERAGE,none
XYPlot.java,org.jfree.chart.plot.XYPlot,org.pitest.mutationtest.engine.gregor.mutators.VoidMethodCallMutator,setRangeAxis,1025,SURVIVED,none
XYPlot.java,org.jfree.chart.plot.XYPlot,org.pitest.mutationtest.engine.gregor.mutators.VoidMethodCallMutator,setRangeAxis,1029,SURVIVED,none
XYPlot.java,org.jfree.chart.plot.XYPlot,org.pitest.mutationtest.engine.gregor.mutators.VoidMethodCallMutator,setRangeAxis,1030,SURVIVED,none
XYPlot.java,org.jfree.chart.plot.XYPlot,org.pitest.mutationtest.engine.gregor.mutators.VoidMethodCallMutator,setRangeAxis,1033,SURVIVED,none
XYPlot.java,org.jfree.chart.plot.XYPlot,org.pitest.mutationtest.engine.gregor.mutators.NegateConditionalsMutator,setRangeAxis,894,KILLED,org.jfree.chart.plot.CombinedRangeXYPlotTest.[engine:junit-jupiter]/[class:org.jfree.chart.plot.CombinedRangeXYPlotTest]/[method:testRemoveSubplot()]
XYPlot.java,org.jfree.chart.plot.XYPlot,org.pitest.mutationtest.engine.gregor.mutators.NegateConditionalsMutator,setRangeAxis,899,KILLED,org.jfree.chart.plot.XYPlotTest.[engine:junit-jupiter]/[class:org.jfree.chart.plot.XYPlotTest]/[method:testEquals_ObjectList3()]
XYPlot.java,org.jfree.chart.plot.XYPlot,org.pitest.mutationtest.engine.gregor.mutators.NegateConditionalsMutator,setRangeAxis,903,KILLED,org.jfree.chart.plot.CombinedRangeXYPlotTest.[engine:junit-jupiter]/[class:org.jfree.chart.plot.CombinedRangeXYPlotTest]/[method:testRemoveSubplot()]
XYPlot.java,org.jfree.chart.plot.XYPlot,org.pitest.mutationtest.engine.gregor.mutators.VoidMethodCallMutator,setRangeAxis,895,KILLED,org.jfree.chart.axis.LogAxisTest.[engine:junit-jupiter]/[class:org.jfree.chart.axis.LogAxisTest]/[method:testXYAutoRange1()]
XYPlot.java,org.jfree.chart.plot.XYPlot,org.pitest.mutationtest.engine.gregor.mutators.VoidMethodCallMutator,setRangeAxis,900,SURVIVED,none
XYPlot.java,org.jfree.chart.plot.XYPlot,org.pitest.mutationtest.engine.gregor.mutators.VoidMethodCallMutator,setRangeAxis,904,KILLED,org.jfree.chart.axis.LogAxisTest.[engine:junit-jupiter]/[class:org.jfree.chart.axis.LogAxisTest]/[method:testXYAutoRange1()]
XYPlot.java,org.jfree.chart.plot.XYPlot,org.pitest.mutationtest.engine.gregor.mutators.VoidMethodCallMutator,setRangeAxis,905,SURVIVED,none
XYPlot.java,org.jfree.chart.plot.XYPlot,org.pitest.mutationtest.engine.gregor.mutators.VoidMethodCallMutator,setRangeAxis,907,SURVIVED,none
XYPlot.java,org.jfree.chart.plot.XYPlot,org.pitest.mutationtest.engine.gregor.mutators.VoidMethodCallMutator,setRangeAxisLocation,1122,KILLED,org.jfree.chart.plot.XYPlotTest.[engine:junit-jupiter]/[class:org.jfree.chart.plot.XYPlotTest]/[method:testEquals_ObjectList4()]
XYPlot.java,org.jfree.chart.plot.XYPlot,org.pitest.mutationtest.engine.gregor.mutators.NegateConditionalsMutator,setRangeAxisLocation,1138,SURVIVED,none
XYPlot.java,org.jfree.chart.plot.XYPlot,org.pitest.mutationtest.engine.gregor.mutators.NegateConditionalsMutator,setRangeAxisLocation,1138,KILLED,org.jfree.chart.plot.XYPlotTest.[engine:junit-jupiter]/[class:org.jfree.chart.plot.XYPlotTest]/[method:testEquals_ObjectList4()]
XYPlot.java,org.jfree.chart.plot.XYPlot,org.pitest.mutationtest.engine.gregor.mutators.NegateConditionalsMutator,setRangeAxisLocation,1143,SURVIVED,none
XYPlot.java,org.jfree.chart.plot.XYPlot,org.pitest.mutationtest.engine.gregor.mutators.VoidMethodCallMutator,setRangeAxisLocation,1144,SURVIVED,none
XYPlot.java,org.jfree.chart.plot.XYPlot,org.pitest.mutationtest.engine.gregor.mutators.VoidMethodCallMutator,setRangeAxisLocation,931,KILLED,org.jfree.chart.plot.XYPlotTest.[engine:junit-jupiter]/[class:org.jfree.chart.plot.XYPlotTest]/[method:testEquals()]
XYPlot.java,org.jfree.chart.plot.XYPlot,org.pitest.mutationtest.engine.gregor.mutators.VoidMethodCallMutator,setRangeAxisLocation,945,NO_COVERAGE,none
XYPlot.java,org.jfree.chart.plot.XYPlot,org.pitest.mutationtest.engine.gregor.mutators.NegateConditionalsMutator,setRangeCrosshairLockedOnData,4508,KILLED,org.jfree.chart.plot.XYPlotTest.[engine:junit-jupiter]/[class:org.jfree.chart.plot.XYPlotTest]/[method:testEquals()]
XYPlot.java,org.jfree.chart.plot.XYPlot,org.pitest.mutationtest.engine.gregor.mutators.VoidMethodCallMutator,setRangeCrosshairLockedOnData,4510,SURVIVED,none
XYPlot.java,org.jfree.chart.plot.XYPlot,org.pitest.mutationtest.engine.gregor.mutators.VoidMethodCallMutator,setRangeCrosshairPaint,4606,SURVIVED,none
XYPlot.java,org.jfree.chart.plot.XYPlot,org.pitest.mutationtest.engine.gregor.mutators.VoidMethodCallMutator,setRangeCrosshairPaint,4608,SURVIVED,none
XYPlot.java,org.jfree.chart.plot.XYPlot,org.pitest.mutationtest.engine.gregor.mutators.VoidMethodCallMutator,setRangeCrosshairStroke,4579,SURVIVED,none
XYPlot.java,org.jfree.chart.plot.XYPlot,org.pitest.mutationtest.engine.gregor.mutators.VoidMethodCallMutator,setRangeCrosshairStroke,4581,SURVIVED,none
XYPlot.java,org.jfree.chart.plot.XYPlot,org.pitest.mutationtest.engine.gregor.mutators.VoidMethodCallMutator,setRangeCrosshairValue,4536,KILLED,org.jfree.chart.plot.XYPlotTest.[engine:junit-jupiter]/[class:org.jfree.chart.plot.XYPlotTest]/[method:testEquals()]
XYPlot.java,org.jfree.chart.plot.XYPlot,org.pitest.mutationtest.engine.gregor.mutators.NegateConditionalsMutator,setRangeCrosshairValue,4551,SURVIVED,none
XYPlot.java,org.jfree.chart.plot.XYPlot,org.pitest.mutationtest.engine.gregor.mutators.NegateConditionalsMutator,setRangeCrosshairValue,4551,SURVIVED,none
XYPlot.java,org.jfree.chart.plot.XYPlot,org.pitest.mutationtest.engine.gregor.mutators.VoidMethodCallMutator,setRangeCrosshairValue,4552,SURVIVED,none
XYPlot.java,org.jfree.chart.plot.XYPlot,org.pitest.mutationtest.engine.gregor.mutators.NegateConditionalsMutator,setRangeCrosshairVisible,4480,KILLED,org.jfree.chart.plot.XYPlotTest.[engine:junit-jupiter]/[class:org.jfree.chart.plot.XYPlotTest]/[method:testEquals()]
XYPlot.java,org.jfree.chart.plot.XYPlot,org.pitest.mutationtest.engine.gregor.mutators.VoidMethodCallMutator,setRangeCrosshairVisible,4482,SURVIVED,none
XYPlot.java,org.jfree.chart.plot.XYPlot,org.pitest.mutationtest.engine.gregor.mutators.VoidMethodCallMutator,setRangeGridlinePaint,1835,SURVIVED,none
XYPlot.java,org.jfree.chart.plot.XYPlot,org.pitest.mutationtest.engine.gregor.mutators.VoidMethodCallMutator,setRangeGridlinePaint,1837,SURVIVED,none
XYPlot.java,org.jfree.chart.plot.XYPlot,org.pitest.mutationtest.engine.gregor.mutators.VoidMethodCallMutator,setRangeGridlineStroke,1809,SURVIVED,none
XYPlot.java,org.jfree.chart.plot.XYPlot,org.pitest.mutationtest.engine.gregor.mutators.VoidMethodCallMutator,setRangeGridlineStroke,1811,SURVIVED,none
XYPlot.java,org.jfree.chart.plot.XYPlot,org.pitest.mutationtest.engine.gregor.mutators.NegateConditionalsMutator,setRangeGridlinesVisible,1782,KILLED,org.jfree.chart.plot.XYPlotTest.[engine:junit-jupiter]/[class:org.jfree.chart.plot.XYPlotTest]/[method:testEquals()]
XYPlot.java,org.jfree.chart.plot.XYPlot,org.pitest.mutationtest.engine.gregor.mutators.VoidMethodCallMutator,setRangeGridlinesVisible,1784,SURVIVED,none
XYPlot.java,org.jfree.chart.plot.XYPlot,org.pitest.mutationtest.engine.gregor.mutators.VoidMethodCallMutator,setRangeMinorGridlinePaint,1917,SURVIVED,none
XYPlot.java,org.jfree.chart.plot.XYPlot,org.pitest.mutationtest.engine.gregor.mutators.VoidMethodCallMutator,setRangeMinorGridlinePaint,1919,SURVIVED,none
XYPlot.java,org.jfree.chart.plot.XYPlot,org.pitest.mutationtest.engine.gregor.mutators.VoidMethodCallMutator,setRangeMinorGridlineStroke,1891,SURVIVED,none
XYPlot.java,org.jfree.chart.plot.XYPlot,org.pitest.mutationtest.engine.gregor.mutators.VoidMethodCallMutator,setRangeMinorGridlineStroke,1893,SURVIVED,none
XYPlot.java,org.jfree.chart.plot.XYPlot,org.pitest.mutationtest.engine.gregor.mutators.NegateConditionalsMutator,setRangeMinorGridlinesVisible,1864,KILLED,org.jfree.chart.plot.XYPlotTest.[engine:junit-jupiter]/[class:org.jfree.chart.plot.XYPlotTest]/[method:testEquals()]
XYPlot.java,org.jfree.chart.plot.XYPlot,org.pitest.mutationtest.engine.gregor.mutators.VoidMethodCallMutator,setRangeMinorGridlinesVisible,1866,SURVIVED,none
XYPlot.java,org.jfree.chart.plot.XYPlot,org.pitest.mutationtest.engine.gregor.mutators.VoidMethodCallMutator,setRangeTickBandPaint,2121,SURVIVED,none
XYPlot.java,org.jfree.chart.plot.XYPlot,org.pitest.mutationtest.engine.gregor.mutators.VoidMethodCallMutator,setRangeZeroBaselinePaint,2071,SURVIVED,none
XYPlot.java,org.jfree.chart.plot.XYPlot,org.pitest.mutationtest.engine.gregor.mutators.VoidMethodCallMutator,setRangeZeroBaselinePaint,2073,SURVIVED,none
XYPlot.java,org.jfree.chart.plot.XYPlot,org.pitest.mutationtest.engine.gregor.mutators.VoidMethodCallMutator,setRangeZeroBaselineStroke,2045,SURVIVED,none
XYPlot.java,org.jfree.chart.plot.XYPlot,org.pitest.mutationtest.engine.gregor.mutators.VoidMethodCallMutator,setRangeZeroBaselineStroke,2047,SURVIVED,none
XYPlot.java,org.jfree.chart.plot.XYPlot,org.pitest.mutationtest.engine.gregor.mutators.VoidMethodCallMutator,setRangeZeroBaselineVisible,2022,SURVIVED,none
XYPlot.java,org.jfree.chart.plot.XYPlot,org.pitest.mutationtest.engine.gregor.mutators.VoidMethodCallMutator,setRenderer,1425,KILLED,org.jfree.chart.plot.XYPlotTest.[engine:junit-jupiter]/[class:org.jfree.chart.plot.XYPlotTest]/[method:testSetRenderer()]
XYPlot.java,org.jfree.chart.plot.XYPlot,org.pitest.mutationtest.engine.gregor.mutators.NegateConditionalsMutator,setRenderer,1443,KILLED,org.jfree.chart.plot.XYPlotTest.[engine:junit-jupiter]/[class:org.jfree.chart.plot.XYPlotTest]/[method:testSetRenderer()]
XYPlot.java,org.jfree.chart.plot.XYPlot,org.pitest.mutationtest.engine.gregor.mutators.NegateConditionalsMutator,setRenderer,1447,KILLED,org.jfree.chart.plot.XYPlotTest.[engine:junit-jupiter]/[class:org.jfree.chart.plot.XYPlotTest]/[method:testSetRenderer()]
XYPlot.java,org.jfree.chart.plot.XYPlot,org.pitest.mutationtest.engine.gregor.mutators.NegateConditionalsMutator,setRenderer,1453,SURVIVED,none
XYPlot.java,org.jfree.chart.plot.XYPlot,org.pitest.mutationtest.engine.gregor.mutators.VoidMethodCallMutator,setRenderer,1444,SURVIVED,none
XYPlot.java,org.jfree.chart.plot.XYPlot,org.pitest.mutationtest.engine.gregor.mutators.VoidMethodCallMutator,setRenderer,1448,KILLED,org.jfree.chart.plot.XYPlotTest.[engine:junit-jupiter]/[class:org.jfree.chart.plot.XYPlotTest]/[method:testGetLegendItems()]
XYPlot.java,org.jfree.chart.plot.XYPlot,org.pitest.mutationtest.engine.gregor.mutators.VoidMethodCallMutator,setRenderer,1449,KILLED,org.jfree.chart.plot.XYPlotTest.[engine:junit-jupiter]/[class:org.jfree.chart.plot.XYPlotTest]/[method:testSetRenderer()]
XYPlot.java,org.jfree.chart.plot.XYPlot,org.pitest.mutationtest.engine.gregor.mutators.VoidMethodCallMutator,setRenderer,1451,KILLED,org.jfree.chart.renderer.xy.StackedXYBarRendererTest.[engine:junit-jupiter]/[class:org.jfree.chart.renderer.xy.StackedXYBarRendererTest]/[method:testFindDomainBounds()]
XYPlot.java,org.jfree.chart.plot.XYPlot,org.pitest.mutationtest.engine.gregor.mutators.VoidMethodCallMutator,setRenderer,1452,SURVIVED,none
XYPlot.java,org.jfree.chart.plot.XYPlot,org.pitest.mutationtest.engine.gregor.mutators.VoidMethodCallMutator,setRenderer,1454,SURVIVED,none
XYPlot.java,org.jfree.chart.plot.XYPlot,org.pitest.mutationtest.engine.gregor.mutators.VoidMethodCallMutator,setRenderer,1410,KILLED,org.jfree.chart.plot.XYPlotTest.[engine:junit-jupiter]/[class:org.jfree.chart.plot.XYPlotTest]/[method:testSetRenderer()]
XYPlot.java,org.jfree.chart.plot.XYPlot,org.pitest.mutationtest.engine.gregor.mutators.ConditionalsBoundaryMutator,setRenderers,1465,NO_COVERAGE,none
XYPlot.java,org.jfree.chart.plot.XYPlot,org.pitest.mutationtest.engine.gregor.mutators.NegateConditionalsMutator,setRenderers,1465,NO_COVERAGE,none
XYPlot.java,org.jfree.chart.plot.XYPlot,org.pitest.mutationtest.engine.gregor.mutators.VoidMethodCallMutator,setRenderers,1466,NO_COVERAGE,none
XYPlot.java,org.jfree.chart.plot.XYPlot,org.pitest.mutationtest.engine.gregor.mutators.VoidMethodCallMutator,setRenderers,1468,NO_COVERAGE,none
XYPlot.java,org.jfree.chart.plot.XYPlot,org.pitest.mutationtest.engine.gregor.mutators.VoidMethodCallMutator,setSeriesRenderingOrder,1520,NO_COVERAGE,none
XYPlot.java,org.jfree.chart.plot.XYPlot,org.pitest.mutationtest.engine.gregor.mutators.VoidMethodCallMutator,setSeriesRenderingOrder,1522,NO_COVERAGE,none
XYPlot.java,org.jfree.chart.plot.XYPlot,org.pitest.mutationtest.engine.gregor.mutators.VoidMethodCallMutator,setShadowGenerator,2733,SURVIVED,none
XYPlot.java,org.jfree.chart.plot.XYPlot,org.pitest.mutationtest.engine.gregor.mutators.VoidMethodCallMutator,setWeight,1587,SURVIVED,none
XYPlot.java,org.jfree.chart.plot.XYPlot,org.pitest.mutationtest.engine.gregor.mutators.ConditionalsBoundaryMutator,writeObject,5346,KILLED,org.jfree.chart.plot.XYPlotTest.[engine:junit-jupiter]/[class:org.jfree.chart.plot.XYPlotTest]/[method:testSerialization1()]
XYPlot.java,org.jfree.chart.plot.XYPlot,org.pitest.mutationtest.engine.gregor.mutators.NegateConditionalsMutator,writeObject,5346,KILLED,org.jfree.chart.plot.XYPlotTest.[engine:junit-jupiter]/[class:org.jfree.chart.plot.XYPlotTest]/[method:testSerialization1()]
XYPlot.java,org.jfree.chart.plot.XYPlot,org.pitest.mutationtest.engine.gregor.mutators.VoidMethodCallMutator,writeObject,5328,KILLED,org.jfree.chart.plot.XYPlotTest.[engine:junit-jupiter]/[class:org.jfree.chart.plot.XYPlotTest]/[method:testSerialization1()]
XYPlot.java,org.jfree.chart.plot.XYPlot,org.pitest.mutationtest.engine.gregor.mutators.VoidMethodCallMutator,writeObject,5329,KILLED,org.jfree.chart.plot.XYPlotTest.[engine:junit-jupiter]/[class:org.jfree.chart.plot.XYPlotTest]/[method:testSerialization1()]
XYPlot.java,org.jfree.chart.plot.XYPlot,org.pitest.mutationtest.engine.gregor.mutators.VoidMethodCallMutator,writeObject,5330,KILLED,org.jfree.chart.plot.XYPlotTest.[engine:junit-jupiter]/[class:org.jfree.chart.plot.XYPlotTest]/[method:testSerialization1()]
XYPlot.java,org.jfree.chart.plot.XYPlot,org.pitest.mutationtest.engine.gregor.mutators.VoidMethodCallMutator,writeObject,5331,KILLED,org.jfree.chart.plot.XYPlotTest.[engine:junit-jupiter]/[class:org.jfree.chart.plot.XYPlotTest]/[method:testSerialization1()]
XYPlot.java,org.jfree.chart.plot.XYPlot,org.pitest.mutationtest.engine.gregor.mutators.VoidMethodCallMutator,writeObject,5332,KILLED,org.jfree.chart.plot.XYPlotTest.[engine:junit-jupiter]/[class:org.jfree.chart.plot.XYPlotTest]/[method:testSerialization1()]
XYPlot.java,org.jfree.chart.plot.XYPlot,org.pitest.mutationtest.engine.gregor.mutators.VoidMethodCallMutator,writeObject,5333,KILLED,org.jfree.chart.plot.XYPlotTest.[engine:junit-jupiter]/[class:org.jfree.chart.plot.XYPlotTest]/[method:testSerialization1()]
XYPlot.java,org.jfree.chart.plot.XYPlot,org.pitest.mutationtest.engine.gregor.mutators.VoidMethodCallMutator,writeObject,5334,KILLED,org.jfree.chart.plot.XYPlotTest.[engine:junit-jupiter]/[class:org.jfree.chart.plot.XYPlotTest]/[method:testSerialization1()]
XYPlot.java,org.jfree.chart.plot.XYPlot,org.pitest.mutationtest.engine.gregor.mutators.VoidMethodCallMutator,writeObject,5335,KILLED,org.jfree.chart.plot.XYPlotTest.[engine:junit-jupiter]/[class:org.jfree.chart.plot.XYPlotTest]/[method:testSerialization1()]
XYPlot.java,org.jfree.chart.plot.XYPlot,org.pitest.mutationtest.engine.gregor.mutators.VoidMethodCallMutator,writeObject,5336,KILLED,org.jfree.chart.plot.XYPlotTest.[engine:junit-jupiter]/[class:org.jfree.chart.plot.XYPlotTest]/[method:testSerialization1()]
XYPlot.java,org.jfree.chart.plot.XYPlot,org.pitest.mutationtest.engine.gregor.mutators.VoidMethodCallMutator,writeObject,5337,KILLED,org.jfree.chart.plot.XYPlotTest.[engine:junit-jupiter]/[class:org.jfree.chart.plot.XYPlotTest]/[method:testSerialization1()]
XYPlot.java,org.jfree.chart.plot.XYPlot,org.pitest.mutationtest.engine.gregor.mutators.VoidMethodCallMutator,writeObject,5338,KILLED,org.jfree.chart.plot.XYPlotTest.[engine:junit-jupiter]/[class:org.jfree.chart.plot.XYPlotTest]/[method:testSerialization1()]
XYPlot.java,org.jfree.chart.plot.XYPlot,org.pitest.mutationtest.engine.gregor.mutators.VoidMethodCallMutator,writeObject,5339,KILLED,org.jfree.chart.plot.XYPlotTest.[engine:junit-jupiter]/[class:org.jfree.chart.plot.XYPlotTest]/[method:testSerialization1()]
XYPlot.java,org.jfree.chart.plot.XYPlot,org.pitest.mutationtest.engine.gregor.mutators.VoidMethodCallMutator,writeObject,5340,KILLED,org.jfree.chart.plot.XYPlotTest.[engine:junit-jupiter]/[class:org.jfree.chart.plot.XYPlotTest]/[method:testSerialization1()]
XYPlot.java,org.jfree.chart.plot.XYPlot,org.pitest.mutationtest.engine.gregor.mutators.VoidMethodCallMutator,writeObject,5341,KILLED,org.jfree.chart.plot.XYPlotTest.[engine:junit-jupiter]/[class:org.jfree.chart.plot.XYPlotTest]/[method:testSerialization1()]
XYPlot.java,org.jfree.chart.plot.XYPlot,org.pitest.mutationtest.engine.gregor.mutators.VoidMethodCallMutator,writeObject,5342,KILLED,org.jfree.chart.plot.XYPlotTest.[engine:junit-jupiter]/[class:org.jfree.chart.plot.XYPlotTest]/[method:testSerialization1()]
XYPlot.java,org.jfree.chart.plot.XYPlot,org.pitest.mutationtest.engine.gregor.mutators.VoidMethodCallMutator,writeObject,5343,KILLED,org.jfree.chart.plot.XYPlotTest.[engine:junit-jupiter]/[class:org.jfree.chart.plot.XYPlotTest]/[method:testSerialization1()]
XYPlot.java,org.jfree.chart.plot.XYPlot,org.pitest.mutationtest.engine.gregor.mutators.VoidMethodCallMutator,writeObject,5344,KILLED,org.jfree.chart.plot.XYPlotTest.[engine:junit-jupiter]/[class:org.jfree.chart.plot.XYPlotTest]/[method:testSerialization1()]
XYPlot.java,org.jfree.chart.plot.XYPlot,org.pitest.mutationtest.engine.gregor.mutators.VoidMethodCallMutator,writeObject,5345,KILLED,org.jfree.chart.plot.XYPlotTest.[engine:junit-jupiter]/[class:org.jfree.chart.plot.XYPlotTest]/[method:testSerialization1()]
XYPlot.java,org.jfree.chart.plot.XYPlot,org.pitest.mutationtest.engine.gregor.mutators.VoidMethodCallMutator,writeObject,5347,KILLED,org.jfree.chart.plot.XYPlotTest.[engine:junit-jupiter]/[class:org.jfree.chart.plot.XYPlotTest]/[method:testSerialization1()]
XYPlot.java,org.jfree.chart.plot.XYPlot,org.pitest.mutationtest.engine.gregor.mutators.VoidMethodCallMutator,writeObject,5349,KILLED,org.jfree.chart.plot.XYPlotTest.[engine:junit-jupiter]/[class:org.jfree.chart.plot.XYPlotTest]/[method:testSerialization1()]
XYPlot.java,org.jfree.chart.plot.XYPlot,org.pitest.mutationtest.engine.gregor.mutators.VoidMethodCallMutator,writeObject,5350,KILLED,org.jfree.chart.plot.XYPlotTest.[engine:junit-jupiter]/[class:org.jfree.chart.plot.XYPlotTest]/[method:testSerialization1()]
XYPlot.java,org.jfree.chart.plot.XYPlot,org.pitest.mutationtest.engine.gregor.mutators.NegateConditionalsMutator,zoomDomainAxes,4847,SURVIVED,none
XYPlot.java,org.jfree.chart.plot.XYPlot,org.pitest.mutationtest.engine.gregor.mutators.VoidMethodCallMutator,zoomDomainAxes,4848,SURVIVED,none
XYPlot.java,org.jfree.chart.plot.XYPlot,org.pitest.mutationtest.engine.gregor.mutators.VoidMethodCallMutator,zoomDomainAxes,4792,SURVIVED,none
XYPlot.java,org.jfree.chart.plot.XYPlot,org.pitest.mutationtest.engine.gregor.mutators.NegateConditionalsMutator,zoomDomainAxes,4811,SURVIVED,none
XYPlot.java,org.jfree.chart.plot.XYPlot,org.pitest.mutationtest.engine.gregor.mutators.NegateConditionalsMutator,zoomDomainAxes,4814,SURVIVED,none
XYPlot.java,org.jfree.chart.plot.XYPlot,org.pitest.mutationtest.engine.gregor.mutators.NegateConditionalsMutator,zoomDomainAxes,4817,NO_COVERAGE,none
XYPlot.java,org.jfree.chart.plot.XYPlot,org.pitest.mutationtest.engine.gregor.mutators.VoidMethodCallMutator,zoomDomainAxes,4822,NO_COVERAGE,none
XYPlot.java,org.jfree.chart.plot.XYPlot,org.pitest.mutationtest.engine.gregor.mutators.VoidMethodCallMutator,zoomDomainAxes,4824,SURVIVED,none
XYPlot.java,org.jfree.chart.plot.XYPlot,org.pitest.mutationtest.engine.gregor.mutators.NegateConditionalsMutator,zoomRangeAxes,4918,SURVIVED,none
XYPlot.java,org.jfree.chart.plot.XYPlot,org.pitest.mutationtest.engine.gregor.mutators.VoidMethodCallMutator,zoomRangeAxes,4919,SURVIVED,none
XYPlot.java,org.jfree.chart.plot.XYPlot,org.pitest.mutationtest.engine.gregor.mutators.VoidMethodCallMutator,zoomRangeAxes,4866,SURVIVED,none
XYPlot.java,org.jfree.chart.plot.XYPlot,org.pitest.mutationtest.engine.gregor.mutators.NegateConditionalsMutator,zoomRangeAxes,4886,SURVIVED,none
XYPlot.java,org.jfree.chart.plot.XYPlot,org.pitest.mutationtest.engine.gregor.mutators.NegateConditionalsMutator,zoomRangeAxes,4889,SURVIVED,none
XYPlot.java,org.jfree.chart.plot.XYPlot,org.pitest.mutationtest.engine.gregor.mutators.NegateConditionalsMutator,zoomRangeAxes,4892,NO_COVERAGE,none
XYPlot.java,org.jfree.chart.plot.XYPlot,org.pitest.mutationtest.engine.gregor.mutators.VoidMethodCallMutator,zoomRangeAxes,4897,NO_COVERAGE,none
XYPlot.java,org.jfree.chart.plot.XYPlot,org.pitest.mutationtest.engine.gregor.mutators.VoidMethodCallMutator,zoomRangeAxes,4899,SURVIVED,none
DrawingOperations.java,org.jfree.chart.plot.DrawingOperations,org.pitest.mutationtest.engine.gregor.mutators.returns.BooleanFalseReturnValsMutator,containsOperation,98,KILLED,org.jfree.chart.plot.XYPlotTest.[engine:junit-jupiter]/[class:org.jfree.chart.plot.XYPlotTest]/[method:testDrawRecordsPlotRenderingInfoOperations()]
DrawingOperations.java,org.jfree.chart.plot.DrawingOperations,org.pitest.mutationtest.engine.gregor.mutators.returns.BooleanTrueReturnValsMutator,containsOperation,98,SURVIVED,none
DrawingOperations.java,org.jfree.chart.plot.DrawingOperations,org.pitest.mutationtest.engine.gregor.mutators.returns.PrimitiveReturnsMutator,getOperationCount,94,NO_COVERAGE,none
DrawingOperations.java,org.jfree.chart.plot.DrawingOperations,org.pitest.mutationtest.engine.gregor.mutators.returns.EmptyObjectReturnValsMutator,getOperations,90,NO_COVERAGE,none
DrawingOperations.java,org.jfree.chart.plot.DrawingOperations,org.pitest.mutationtest.engine.gregor.mutators.returns.BooleanFalseReturnValsMutator,wasBackgroundDrawn,66,KILLED,org.jfree.chart.plot.XYPlotTest.[engine:junit-jupiter]/[class:org.jfree.chart.plot.XYPlotTest]/[method:testDrawRecordsBackgroundDrawn()]
DrawingOperations.java,org.jfree.chart.plot.DrawingOperations,org.pitest.mutationtest.engine.gregor.mutators.returns.BooleanTrueReturnValsMutator,wasBackgroundDrawn,66,SURVIVED,none
DrawingOperations.java,org.jfree.chart.plot.DrawingOperations,org.pitest.mutationtest.engine.gregor.mutators.returns.BooleanFalseReturnValsMutator,wereAnnotationsDrawn,86,KILLED,org.jfree.chart.plot.XYPlotTest.[engine:junit-jupiter]/[class:org.jfree.chart.plot.XYPlotTest]/[method:testDrawRecordsAnnotationsDrawn()]
DrawingOperations.java,org.jfree.chart.plot.DrawingOperations,org.pitest.mutationtest.engine.gregor.mutators.returns.BooleanTrueReturnValsMutator,wereAnnotationsDrawn,86,SURVIVED,none
DrawingOperations.java,org.jfree.chart.plot.DrawingOperations,org.pitest.mutationtest.engine.gregor.mutators.returns.BooleanFalseReturnValsMutator,wereDomainGridlinesDrawn,70,KILLED,org.jfree.chart.plot.XYPlotTest.[engine:junit-jupiter]/[class:org.jfree.chart.plot.XYPlotTest]/[method:testDrawRecordsGridlinesDrawn()]
DrawingOperations.java,org.jfree.chart.plot.DrawingOperations,org.pitest.mutationtest.engine.gregor.mutators.returns.BooleanTrueReturnValsMutator,wereDomainGridlinesDrawn,70,SURVIVED,none
DrawingOperations.java,org.jfree.chart.plot.DrawingOperations,org.pitest.mutationtest.engine.gregor.mutators.returns.BooleanFalseReturnValsMutator,wereDomainMarkersDrawn,78,NO_COVERAGE,none
DrawingOperations.java,org.jfree.chart.plot.DrawingOperations,org.pitest.mutationtest.engine.gregor.mutators.returns.BooleanTrueReturnValsMutator,wereDomainMarkersDrawn,78,NO_COVERAGE,none
DrawingOperations.java,org.jfree.chart.plot.DrawingOperations,org.pitest.mutationtest.engine.gregor.mutators.returns.BooleanFalseReturnValsMutator,wereRangeGridlinesDrawn,74,KILLED,org.jfree.chart.plot.XYPlotTest.[engine:junit-jupiter]/[class:org.jfree.chart.plot.XYPlotTest]/[method:testDrawRecordsGridlinesDrawn()]
DrawingOperations.java,org.jfree.chart.plot.DrawingOperations,org.pitest.mutationtest.engine.gregor.mutators.returns.BooleanTrueReturnValsMutator,wereRangeGridlinesDrawn,74,SURVIVED,none
DrawingOperations.java,org.jfree.chart.plot.DrawingOperations,org.pitest.mutationtest.engine.gregor.mutators.returns.BooleanFalseReturnValsMutator,wereRangeMarkersDrawn,82,NO_COVERAGE,none
DrawingOperations.java,org.jfree.chart.plot.DrawingOperations,org.pitest.mutationtest.engine.gregor.mutators.returns.BooleanTrueReturnValsMutator,wereRangeMarkersDrawn,82,NO_COVERAGE,none
